Using pre-set license
Built from '2022.3/staging' branch; Version is '2022.3.62f1 (4af31df58517) revision 4911901'; Using compiler version '192829333'; Build Type 'Release'
OS: 'Windows 11  (10.0.26100) 64bit Core' Language: 'en' Physical Memory: 65315 MB
BatchMode: 1, IsHumanControllingUs: 0, StartBugReporterOnCrash: 0, Is64bit: 1, IsPro: 1

COMMAND LINE ARGUMENTS:
D:\Program Files\Unity Hub\Editor\2022.3.62f1\Editor\Unity.exe
-adb2
-batchMode
-noUpm
-name
AssetImportWorker0
-projectPath
C:/Users/Donovan/Desktop/Lab-Submission-5--Week-6-/Lab Submission 5 (Week 6)
-logFile
Logs/AssetImportWorker0.log
-srvPort
58248
Successfully changed project path to: C:/Users/Donovan/Desktop/Lab-Submission-5--Week-6-/Lab Submission 5 (Week 6)
C:/Users/Donovan/Desktop/Lab-Submission-5--Week-6-/Lab Submission 5 (Week 6)
[UnityMemory] Configuration Parameters - Can be set up in boot.config
    "memorysetup-bucket-allocator-granularity=16"
    "memorysetup-bucket-allocator-bucket-count=8"
    "memorysetup-bucket-allocator-block-size=33554432"
    "memorysetup-bucket-allocator-block-count=8"
    "memorysetup-main-allocator-block-size=16777216"
    "memorysetup-thread-allocator-block-size=16777216"
    "memorysetup-gfx-main-allocator-block-size=16777216"
    "memorysetup-gfx-thread-allocator-block-size=16777216"
    "memorysetup-cache-allocator-block-size=4194304"
    "memorysetup-typetree-allocator-block-size=2097152"
    "memorysetup-profiler-bucket-allocator-granularity=16"
    "memorysetup-profiler-bucket-allocator-bucket-count=8"
    "memorysetup-profiler-bucket-allocator-block-size=33554432"
    "memorysetup-profiler-bucket-allocator-block-count=8"
    "memorysetup-profiler-allocator-block-size=16777216"
    "memorysetup-profiler-editor-allocator-block-size=1048576"
    "memorysetup-temp-allocator-size-main=16777216"
    "memorysetup-job-temp-allocator-block-size=2097152"
    "memorysetup-job-temp-allocator-block-size-background=1048576"
    "memorysetup-job-temp-allocator-reduction-small-platforms=262144"
    "memorysetup-allocator-temp-initial-block-size-main=262144"
    "memorysetup-allocator-temp-initial-block-size-worker=262144"
    "memorysetup-temp-allocator-size-background-worker=32768"
    "memorysetup-temp-allocator-size-job-worker=262144"
    "memorysetup-temp-allocator-size-preload-manager=33554432"
    "memorysetup-temp-allocator-size-nav-mesh-worker=65536"
    "memorysetup-temp-allocator-size-audio-worker=65536"
    "memorysetup-temp-allocator-size-cloud-worker=32768"
    "memorysetup-temp-allocator-size-gi-baking-worker=262144"
    "memorysetup-temp-allocator-size-gfx=262144"
Player connection [39468]  Target information:

Player connection [39468]  * "[IP] 192.168.0.97 [Port] 0 [Flags] 2 [Guid] 726059110 [EditorId] 726059110 [Version] 1048832 [Id] WindowsEditor(7,BeQuiet) [Debug] 1 [PackageName] WindowsEditor [ProjectName] Editor" 

Player connection [39468] Host joined multi-casting on [225.0.0.222:54997]...
Player connection [39468] Host joined alternative multi-casting on [225.0.0.222:34997]...
Input System module state changed to: Initialized.
[PhysX] Initialized MultithreadedTaskDispatcher with 32 workers.
Refreshing native plugins compatible for Editor in 5.47 ms, found 3 plugins.
Preloading 0 native plugins for Editor in 0.00 ms.
Initialize engine version: 2022.3.62f1 (4af31df58517)
[Subsystems] Discovering subsystems at path D:/Program Files/Unity Hub/Editor/2022.3.62f1/Editor/Data/Resources/UnitySubsystems
[Subsystems] Discovering subsystems at path C:/Users/Donovan/Desktop/Lab-Submission-5--Week-6-/Lab Submission 5 (Week 6)/Assets
GfxDevice: creating device client; threaded=0; jobified=0
Direct3D:
    Version:  Direct3D 11.0 [level 11.1]
    Renderer: NVIDIA GeForce RTX 4080 (ID=0x2704)
    Vendor:   NVIDIA
    VRAM:     16050 MB
    Driver:   32.0.15.8129
Initialize mono
Mono path[0] = 'D:/Program Files/Unity Hub/Editor/2022.3.62f1/Editor/Data/Managed'
Mono path[1] = 'D:/Program Files/Unity Hub/Editor/2022.3.62f1/Editor/Data/MonoBleedingEdge/lib/mono/unityjit-win32'
Mono config path = 'D:/Program Files/Unity Hub/Editor/2022.3.62f1/Editor/Data/MonoBleedingEdge/etc'
Using monoOptions --debugger-agent=transport=dt_socket,embedding=1,server=y,suspend=n,address=127.0.0.1:56880
Begin MonoManager ReloadAssembly
Registering precompiled unity dll's ...
Register platform support module: D:/Program Files/Unity Hub/Editor/2022.3.62f1/Editor/Data/PlaybackEngines/WindowsStandaloneSupport/UnityEditor.WindowsStandalone.Extensions.dll
Registered in 0.002232 seconds.
- Loaded All Assemblies, in  0.194 seconds
Native extension for WindowsStandalone target not found
Mono: successfully reloaded assembly
- Finished resetting the current domain, in  0.158 seconds
Domain Reload Profiling: 352ms
	BeginReloadAssembly (62ms)
		ExecutionOrderSort (0ms)
		DisableScriptedObjects (0ms)
		BackupInstance (0ms)
		ReleaseScriptingObjects (0ms)
		CreateAndSetChildDomain (0ms)
	RebuildCommonClasses (19ms)
	RebuildNativeTypeToScriptingClass (6ms)
	initialDomainReloadingComplete (28ms)
	LoadAllAssembliesAndSetupDomain (79ms)
		LoadAssemblies (62ms)
		RebuildTransferFunctionScriptingTraits (0ms)
		AnalyzeDomain (78ms)
			TypeCache.Refresh (77ms)
				TypeCache.ScanAssembly (69ms)
			ScanForSourceGeneratedMonoScriptInfo (0ms)
			ResolveRequiredComponents (0ms)
	FinalizeReload (158ms)
		ReleaseScriptCaches (0ms)
		RebuildScriptCaches (0ms)
		SetupLoadedEditorAssemblies (128ms)
			LogAssemblyErrors (0ms)
			InitializePlatformSupportModulesInManaged (5ms)
			SetLoadedEditorAssemblies (5ms)
			RefreshPlugins (0ms)
			BeforeProcessingInitializeOnLoad (1ms)
			ProcessInitializeOnLoadAttributes (88ms)
			ProcessInitializeOnLoadMethodAttributes (29ms)
			AfterProcessingInitializeOnLoad (0ms)
			EditorAssembliesLoaded (0ms)
		ExecutionOrderSort2 (0ms)
		AwakeInstancesAfterBackupRestoration (0ms)
========================================================================
Worker process is ready to serve import requests
Caller must complete domain reload
Begin MonoManager ReloadAssembly
- Loaded All Assemblies, in  0.350 seconds
Native extension for WindowsStandalone target not found
Mono: successfully reloaded assembly
- Finished resetting the current domain, in  0.330 seconds
Domain Reload Profiling: 679ms
	BeginReloadAssembly (84ms)
		ExecutionOrderSort (0ms)
		DisableScriptedObjects (3ms)
		BackupInstance (0ms)
		ReleaseScriptingObjects (0ms)
		CreateAndSetChildDomain (12ms)
	RebuildCommonClasses (19ms)
	RebuildNativeTypeToScriptingClass (6ms)
	initialDomainReloadingComplete (23ms)
	LoadAllAssembliesAndSetupDomain (217ms)
		LoadAssemblies (168ms)
		RebuildTransferFunctionScriptingTraits (0ms)
		AnalyzeDomain (99ms)
			TypeCache.Refresh (86ms)
				TypeCache.ScanAssembly (78ms)
			ScanForSourceGeneratedMonoScriptInfo (9ms)
			ResolveRequiredComponents (3ms)
	FinalizeReload (331ms)
		ReleaseScriptCaches (0ms)
		RebuildScriptCaches (0ms)
		SetupLoadedEditorAssemblies (249ms)
			LogAssemblyErrors (0ms)
			InitializePlatformSupportModulesInManaged (3ms)
			SetLoadedEditorAssemblies (2ms)
			RefreshPlugins (0ms)
			BeforeProcessingInitializeOnLoad (34ms)
			ProcessInitializeOnLoadAttributes (196ms)
			ProcessInitializeOnLoadMethodAttributes (13ms)
			AfterProcessingInitializeOnLoad (2ms)
			EditorAssembliesLoaded (0ms)
		ExecutionOrderSort2 (0ms)
		AwakeInstancesAfterBackupRestoration (5ms)
Launched and connected shader compiler UnityShaderCompiler.exe after 0.04 seconds
Refreshing native plugins compatible for Editor in 2.29 ms, found 3 plugins.
Preloading 0 native plugins for Editor in 0.00 ms.
Unloading 3232 Unused Serialized files (Serialized files now loaded: 0)
Unloading 19 unused Assets / (54.6 KB). Loaded Objects now: 3698.
Memory consumption went from 122.4 MB to 122.4 MB.
Total: 1.967900 ms (FindLiveObjects: 0.152100 ms CreateObjectMapping: 0.040500 ms MarkObjects: 1.714400 ms  DeleteObjects: 0.059900 ms)

AssetImportParameters requested are different than current active one (requested -> active):
  custom:container-demuxer-ogg: 62fdf1f143b41e24485cea50d1cbac27 -> 
  custom:video-codec-MediaFoundation-h265: 746d11721c4dcdbdad8f713fa42b33f4 -> 
  custom:video-decoder-ogg-theora: a1e56fd34408186e4bbccfd4996cb3dc -> 
  custom:framework-win-MediaFoundation: 216162199b28c13a410421893ffa2e32 -> 
  custom:CustomObjectIndexerAttribute: 9a22284fe3817be447336de3de66b15e -> 
  custom:container-demuxer-webm: 4f35f7cbe854078d1ac9338744f61a02 -> 
  custom:container-muxer-webm: aa71ff27fc2769a1b78a27578f13a17b -> 
  custom:video-decoder-webm-vp8: 9c59270c3fd7afecdb556c50c9e8de78 -> 
  custom:SearchIndexIgnoredProperties: e643bd26f0fe6173181afceb89e7c659 -> 
  custom:AudioImporter_EditorPlatform: d09bf68614088b80899f8185d706f6e7 -> 
  custom:video-encoder-webm-vp8: eb34c28f22e8b96e1ab97ce403110664 -> 
  custom:audio-decoder-ogg-vorbis: bf7c407c2cedff20999df2af8eb42d56 -> 
  custom:audio-encoder-webm-vorbis: bf7c407c2cedff20999df2af8eb42d56 -> 
========================================================================
Received Import Request.
  Time since last request: 3071.296447 seconds.
  path: Assets/Scenes/SampleScene.unity
  artifactKey: Guid(9fc0d4010bbf28b4594072e72b8655ab) Importer(815301076,1909f56bfc062723c751e8b465ee728b)
Start importing Assets/Scenes/SampleScene.unity using Guid(9fc0d4010bbf28b4594072e72b8655ab) Importer(815301076,1909f56bfc062723c751e8b465ee728b) [PhysX] Initialized MultithreadedTaskDispatcher with 32 workers.
 -> (artifact id: '2418d44e161e3ce2e8daeaa5c00c20e4') in 0.002162 seconds
Number of updated asset objects reloaded before import = 0
Number of asset objects unloaded after import = 0
========================================================================
Received Import Request.
  Time since last request: 0.053007 seconds.
  path: Assets
  artifactKey: Guid(00000000000000001000000000000000) Importer(815301076,1909f56bfc062723c751e8b465ee728b)
Start importing Assets using Guid(00000000000000001000000000000000) Importer(815301076,1909f56bfc062723c751e8b465ee728b) [PhysX] Initialized MultithreadedTaskDispatcher with 32 workers.
 -> (artifact id: 'ae5280ad91af67e2a353905758f96678') in 0.000357 seconds
Number of updated asset objects reloaded before import = 0
Number of asset objects unloaded after import = 0
========================================================================
Received Import Request.
  Time since last request: 64.821038 seconds.
  path: Assets/New Material.mat
  artifactKey: Guid(c30092269ef1d364e85d71d328729dea) Importer(815301076,1909f56bfc062723c751e8b465ee728b)
Start importing Assets/New Material.mat using Guid(c30092269ef1d364e85d71d328729dea) Importer(815301076,1909f56bfc062723c751e8b465ee728b) [PhysX] Initialized MultithreadedTaskDispatcher with 32 workers.
[PhysX] Initialized MultithreadedTaskDispatcher with 32 workers.
 -> (artifact id: 'f40840f500718763520e3c2611d3caf1') in 0.202637 seconds
Number of updated asset objects reloaded before import = 0
Number of asset objects unloaded after import = 1
========================================================================
Received Import Request.
  Time since last request: 14.531803 seconds.
  path: Assets/New Material 1.mat
  artifactKey: Guid(516c007d2b309794f9b7c7a460204d6e) Importer(815301076,1909f56bfc062723c751e8b465ee728b)
Start importing Assets/New Material 1.mat using Guid(516c007d2b309794f9b7c7a460204d6e) Importer(815301076,1909f56bfc062723c751e8b465ee728b) [PhysX] Initialized MultithreadedTaskDispatcher with 32 workers.
[PhysX] Initialized MultithreadedTaskDispatcher with 32 workers.
 -> (artifact id: '758805959aa8f3ca03f786aeb47def08') in 0.005649 seconds
Number of updated asset objects reloaded before import = 0
Number of asset objects unloaded after import = 1
========================================================================
Received Import Request.
  Time since last request: 17.227738 seconds.
  path: Assets/New Material 2.mat
  artifactKey: Guid(89085dfcea0ce384dbcddf211e6b486a) Importer(815301076,1909f56bfc062723c751e8b465ee728b)
Start importing Assets/New Material 2.mat using Guid(89085dfcea0ce384dbcddf211e6b486a) Importer(815301076,1909f56bfc062723c751e8b465ee728b) [PhysX] Initialized MultithreadedTaskDispatcher with 32 workers.
[PhysX] Initialized MultithreadedTaskDispatcher with 32 workers.
 -> (artifact id: 'd30e714e6a9b6e98b8a16edf27939165') in 0.004943 seconds
Number of updated asset objects reloaded before import = 0
Number of asset objects unloaded after import = 1
========================================================================
Received Import Request.
  Time since last request: 49.249230 seconds.
  path: Assets/PlayerMovement.cs
  artifactKey: Guid(7fd75167a49a05d4abdbcf30df855f64) Importer(815301076,1909f56bfc062723c751e8b465ee728b)
Start importing Assets/PlayerMovement.cs using Guid(7fd75167a49a05d4abdbcf30df855f64) Importer(815301076,1909f56bfc062723c751e8b465ee728b) [PhysX] Initialized MultithreadedTaskDispatcher with 32 workers.
 -> (artifact id: '064100bce1fd0cc0a093ca7bbf2123ea') in 0.000386 seconds
Number of updated asset objects reloaded before import = 0
Number of asset objects unloaded after import = 0
========================================================================
Received Prepare
Caller must complete domain reload
Begin MonoManager ReloadAssembly
- Loaded All Assemblies, in  0.258 seconds
Native extension for WindowsStandalone target not found
Mono: successfully reloaded assembly
- Finished resetting the current domain, in  0.573 seconds
Domain Reload Profiling: 831ms
	BeginReloadAssembly (93ms)
		ExecutionOrderSort (0ms)
		DisableScriptedObjects (3ms)
		BackupInstance (0ms)
		ReleaseScriptingObjects (0ms)
		CreateAndSetChildDomain (21ms)
	RebuildCommonClasses (18ms)
	RebuildNativeTypeToScriptingClass (6ms)
	initialDomainReloadingComplete (15ms)
	LoadAllAssembliesAndSetupDomain (124ms)
		LoadAssemblies (159ms)
		RebuildTransferFunctionScriptingTraits (0ms)
		AnalyzeDomain (13ms)
			TypeCache.Refresh (5ms)
				TypeCache.ScanAssembly (0ms)
			ScanForSourceGeneratedMonoScriptInfo (4ms)
			ResolveRequiredComponents (3ms)
	FinalizeReload (574ms)
		ReleaseScriptCaches (0ms)
		RebuildScriptCaches (0ms)
		SetupLoadedEditorAssemblies (231ms)
			LogAssemblyErrors (0ms)
			InitializePlatformSupportModulesInManaged (3ms)
			SetLoadedEditorAssemblies (2ms)
			RefreshPlugins (0ms)
			BeforeProcessingInitializeOnLoad (32ms)
			ProcessInitializeOnLoadAttributes (178ms)
			ProcessInitializeOnLoadMethodAttributes (13ms)
			AfterProcessingInitializeOnLoad (2ms)
			EditorAssembliesLoaded (0ms)
		ExecutionOrderSort2 (0ms)
		AwakeInstancesAfterBackupRestoration (5ms)
Refreshing native plugins compatible for Editor in 2.24 ms, found 3 plugins.
Preloading 0 native plugins for Editor in 0.00 ms.
Unloading 3225 Unused Serialized files (Serialized files now loaded: 0)
Unloading 14 unused Assets / (28.5 KB). Loaded Objects now: 3743.
Memory consumption went from 126.1 MB to 126.1 MB.
Total: 2.529800 ms (FindLiveObjects: 0.155100 ms CreateObjectMapping: 0.133000 ms MarkObjects: 2.208500 ms  DeleteObjects: 0.032200 ms)

Prepare: number of updated asset objects reloaded= 0
AssetImportParameters requested are different than current active one (requested -> active):
  custom:container-demuxer-ogg: 62fdf1f143b41e24485cea50d1cbac27 -> 
  custom:video-codec-MediaFoundation-h265: 746d11721c4dcdbdad8f713fa42b33f4 -> 
  custom:video-decoder-ogg-theora: a1e56fd34408186e4bbccfd4996cb3dc -> 
  custom:framework-win-MediaFoundation: 216162199b28c13a410421893ffa2e32 -> 
  custom:CustomObjectIndexerAttribute: 9a22284fe3817be447336de3de66b15e -> 
  custom:container-demuxer-webm: 4f35f7cbe854078d1ac9338744f61a02 -> 
  custom:container-muxer-webm: aa71ff27fc2769a1b78a27578f13a17b -> 
  custom:video-decoder-webm-vp8: 9c59270c3fd7afecdb556c50c9e8de78 -> 
  custom:SearchIndexIgnoredProperties: e643bd26f0fe6173181afceb89e7c659 -> 
  custom:AudioImporter_EditorPlatform: d09bf68614088b80899f8185d706f6e7 -> 
  custom:video-encoder-webm-vp8: eb34c28f22e8b96e1ab97ce403110664 -> 
  custom:audio-decoder-ogg-vorbis: bf7c407c2cedff20999df2af8eb42d56 -> 
  custom:scripting/monoscript/fileName/PlayerMovement.cs: 42480eed24e61f9d7e7e895933644f96 -> 
  custom:audio-encoder-webm-vorbis: bf7c407c2cedff20999df2af8eb42d56 -> 
  custom:scripting/precompiled-assembly-types:Assembly-CSharp: 54d183eef7e06ffc9ce26e6931146f80 -> 
========================================================================
Received Import Request.
  Time since last request: 12.191567 seconds.
  path: Assets/Avoider.cs
  artifactKey: Guid(89e48af53936d6a47ac1af31d13bac6b) Importer(815301076,1909f56bfc062723c751e8b465ee728b)
Start importing Assets/Avoider.cs using Guid(89e48af53936d6a47ac1af31d13bac6b) Importer(815301076,1909f56bfc062723c751e8b465ee728b) [PhysX] Initialized MultithreadedTaskDispatcher with 32 workers.
 -> (artifact id: '05e768afecaa1875e5b1b9ca9ac826bb') in 0.002366 seconds
Number of updated asset objects reloaded before import = 0
Number of asset objects unloaded after import = 0
========================================================================
Received Prepare
Caller must complete domain reload
Begin MonoManager ReloadAssembly
- Loaded All Assemblies, in  0.253 seconds
Native extension for WindowsStandalone target not found
Mono: successfully reloaded assembly
- Finished resetting the current domain, in  0.520 seconds
Domain Reload Profiling: 772ms
	BeginReloadAssembly (88ms)
		ExecutionOrderSort (0ms)
		DisableScriptedObjects (3ms)
		BackupInstance (0ms)
		ReleaseScriptingObjects (0ms)
		CreateAndSetChildDomain (15ms)
	RebuildCommonClasses (19ms)
	RebuildNativeTypeToScriptingClass (6ms)
	initialDomainReloadingComplete (15ms)
	LoadAllAssembliesAndSetupDomain (124ms)
		LoadAssemblies (160ms)
		RebuildTransferFunctionScriptingTraits (0ms)
		AnalyzeDomain (13ms)
			TypeCache.Refresh (5ms)
				TypeCache.ScanAssembly (0ms)
			ScanForSourceGeneratedMonoScriptInfo (4ms)
			ResolveRequiredComponents (3ms)
	FinalizeReload (520ms)
		ReleaseScriptCaches (0ms)
		RebuildScriptCaches (0ms)
		SetupLoadedEditorAssemblies (213ms)
			LogAssemblyErrors (0ms)
			InitializePlatformSupportModulesInManaged (3ms)
			SetLoadedEditorAssemblies (2ms)
			RefreshPlugins (0ms)
			BeforeProcessingInitializeOnLoad (31ms)
			ProcessInitializeOnLoadAttributes (164ms)
			ProcessInitializeOnLoadMethodAttributes (12ms)
			AfterProcessingInitializeOnLoad (2ms)
			EditorAssembliesLoaded (0ms)
		ExecutionOrderSort2 (0ms)
		AwakeInstancesAfterBackupRestoration (5ms)
Refreshing native plugins compatible for Editor in 2.07 ms, found 3 plugins.
Preloading 0 native plugins for Editor in 0.00 ms.
Unloading 3226 Unused Serialized files (Serialized files now loaded: 0)
Unloading 14 unused Assets / (28.6 KB). Loaded Objects now: 3747.
Memory consumption went from 126.1 MB to 126.1 MB.
Total: 1.976900 ms (FindLiveObjects: 0.263300 ms CreateObjectMapping: 0.050100 ms MarkObjects: 1.634400 ms  DeleteObjects: 0.028500 ms)

Prepare: number of updated asset objects reloaded= 0
AssetImportParameters requested are different than current active one (requested -> active):
  custom:container-demuxer-ogg: 62fdf1f143b41e24485cea50d1cbac27 -> 
  custom:video-codec-MediaFoundation-h265: 746d11721c4dcdbdad8f713fa42b33f4 -> 
  custom:video-decoder-ogg-theora: a1e56fd34408186e4bbccfd4996cb3dc -> 
  custom:framework-win-MediaFoundation: 216162199b28c13a410421893ffa2e32 -> 
  custom:CustomObjectIndexerAttribute: 9a22284fe3817be447336de3de66b15e -> 
  custom:container-demuxer-webm: 4f35f7cbe854078d1ac9338744f61a02 -> 
  custom:container-muxer-webm: aa71ff27fc2769a1b78a27578f13a17b -> 
  custom:video-decoder-webm-vp8: 9c59270c3fd7afecdb556c50c9e8de78 -> 
  custom:SearchIndexIgnoredProperties: e643bd26f0fe6173181afceb89e7c659 -> 
  custom:AudioImporter_EditorPlatform: d09bf68614088b80899f8185d706f6e7 -> 
  custom:scripting/monoscript/fileName/Avoider.cs: ae32a89b624ae2a4ae1c49a2b33fb966 -> 
  custom:video-encoder-webm-vp8: eb34c28f22e8b96e1ab97ce403110664 -> 
  custom:audio-decoder-ogg-vorbis: bf7c407c2cedff20999df2af8eb42d56 -> 
  custom:scripting/monoscript/fileName/PlayerMovement.cs: 42480eed24e61f9d7e7e895933644f96 -> 
  custom:audio-encoder-webm-vorbis: bf7c407c2cedff20999df2af8eb42d56 -> 
  custom:scripting/precompiled-assembly-types:Assembly-CSharp: e66928de38364bb08ef9436b3612de99 -> 
========================================================================
Received Prepare
Caller must complete domain reload
Begin MonoManager ReloadAssembly
- Loaded All Assemblies, in  0.259 seconds
Native extension for WindowsStandalone target not found
Mono: successfully reloaded assembly
- Finished resetting the current domain, in  0.602 seconds
Domain Reload Profiling: 861ms
	BeginReloadAssembly (93ms)
		ExecutionOrderSort (0ms)
		DisableScriptedObjects (3ms)
		BackupInstance (0ms)
		ReleaseScriptingObjects (0ms)
		CreateAndSetChildDomain (16ms)
	RebuildCommonClasses (21ms)
	RebuildNativeTypeToScriptingClass (6ms)
	initialDomainReloadingComplete (15ms)
	LoadAllAssembliesAndSetupDomain (124ms)
		LoadAssemblies (160ms)
		RebuildTransferFunctionScriptingTraits (0ms)
		AnalyzeDomain (16ms)
			TypeCache.Refresh (7ms)
				TypeCache.ScanAssembly (2ms)
			ScanForSourceGeneratedMonoScriptInfo (4ms)
			ResolveRequiredComponents (3ms)
	FinalizeReload (602ms)
		ReleaseScriptCaches (0ms)
		RebuildScriptCaches (0ms)
		SetupLoadedEditorAssemblies (230ms)
			LogAssemblyErrors (0ms)
			InitializePlatformSupportModulesInManaged (3ms)
			SetLoadedEditorAssemblies (2ms)
			RefreshPlugins (0ms)
			BeforeProcessingInitializeOnLoad (33ms)
			ProcessInitializeOnLoadAttributes (179ms)
			ProcessInitializeOnLoadMethodAttributes (11ms)
			AfterProcessingInitializeOnLoad (1ms)
			EditorAssembliesLoaded (0ms)
		ExecutionOrderSort2 (0ms)
		AwakeInstancesAfterBackupRestoration (5ms)
Refreshing native plugins compatible for Editor in 2.31 ms, found 3 plugins.
Preloading 0 native plugins for Editor in 0.00 ms.
Unloading 3391 Unused Serialized files (Serialized files now loaded: 0)
Unloading 16 unused Assets / (124.5 KB). Loaded Objects now: 3924.
Memory consumption went from 130.2 MB to 130.1 MB.
Total: 1.858300 ms (FindLiveObjects: 0.151700 ms CreateObjectMapping: 0.044300 ms MarkObjects: 1.590600 ms  DeleteObjects: 0.071200 ms)

Prepare: number of updated asset objects reloaded= 0
AssetImportParameters requested are different than current active one (requested -> active):
  custom:scripting/monoscript/fileName/CinemachineGroupComposerEditor.cs: 54a07f36704e77a685a5e7e8c8b2c216 -> 
  custom:scripting/monoscript/fileName/CinemachineConfinerEditor.cs: cc6c898a3390647ab91613c8a96de4b4 -> 
  custom:scripting/monoscript/fileName/CinemachineBlendDefinitionPropertyDrawer.cs: 7ae344d19d646b738f3c65294becf216 -> 
  custom:scripting/monoscript/fileName/CinemachineTrackedDollyEditor.cs: b4d6784c58752cea58aafd9a76ca4459 -> 
  custom:scripting/monoscript/fileName/CinemachineImpulseManager.cs: c34be3577a810e26fd0110c580799b88 -> 
  custom:scripting/monoscript/fileName/CinemachineSmoothPath.cs: c28db2688f35d70587b5f943431a010a -> 
  custom:scripting/monoscript/fileName/CinemachineStateDrivenCamera.cs: aea2468a7384be4ba6d1b043ccec135d -> 
  custom:container-demuxer-ogg: 62fdf1f143b41e24485cea50d1cbac27 -> 
  custom:scripting/monoscript/fileName/CinemachineBlenderSettings.cs: 9adcb80668a56be4cd8e31c1d3dc60ae -> 
  custom:scripting/monoscript/fileName/SignalSourceAsset.cs: f7ffd463dece56bad278f5a8d3ed7fc6 -> 
  custom:scripting/monoscript/fileName/CinemachineCore.cs: fe6c3be993819098833de1628bfd76b2 -> 
  custom:scripting/monoscript/fileName/CinemachineImpulseChannelPropertyDrawer.cs: 4b6390a17916751618e2a45cb8d47a80 -> 
  custom:scripting/monoscript/fileName/SerializedPropertyHelper.cs: b04ac165255e34bc2935ca9bf180e209 -> 
  custom:scripting/monoscript/fileName/CinemachineFramingTransposer.cs: 7943c9d436748359882d8f978cf86c91 -> 
  custom:scripting/monoscript/fileName/AxisState.cs: 1a494a66d8b9a58f4a6873f89bf5b094 -> 
  custom:scripting/monoscript/fileName/CinemachineClearShot.cs: 1da15f5c7903497ce3ae982ee4ee4779 -> 
  custom:scripting/monoscript/fileName/CinemachinePOVEditor.cs: 71db5a9242a182995b4ca15db516f628 -> 
  custom:scripting/monoscript/fileName/CinemachineMixer.cs: 2e36eb9e732dd7c8a32e8f83daebd6f4 -> 
  custom:scripting/monoscript/fileName/CinemachineConfiner.cs: 3813336c17662a5cb6b59ce5f1954254 -> 
  custom:video-codec-MediaFoundation-h265: 746d11721c4dcdbdad8f713fa42b33f4 -> 
  custom:scripting/monoscript/fileName/CinemachineBrain.cs: 365b4e0b6319f064062e97b8f8e32c8e -> 
  custom:scripting/monoscript/fileName/CinemachineImpulseDefinitionPropertyDrawer.cs: 1b2fc77b0a80a7e0e9045e0d44fb761c -> 
  custom:scripting/monoscript/fileName/CinemachineColliderPrefs.cs: 47106451d4685409820905badf49b71f -> 
  custom:scripting/monoscript/fileName/CinemachineFollowZoom.cs: eb74e2e98d3dc4647324e113f34710ca -> 
  custom:scripting/monoscript/fileName/CinemachineDebug.cs: 3077ed3b64725184c652d4c07ac732fd -> 
  custom:scripting/monoscript/fileName/CinemachineLensPresets.cs: 014747fb0ab87178c677520d0bf20bf7 -> 
  custom:video-decoder-ogg-theora: a1e56fd34408186e4bbccfd4996cb3dc -> 
  custom:scripting/monoscript/fileName/CinemachineCameraOffset.cs: a6887f67d3eb83cc6393b822d4e65121 -> 
  custom:scripting/monoscript/fileName/ICinemachineCamera.cs: 2faad4f04eaf5d98c2870adbfb06184e -> 
  custom:scripting/monoscript/fileName/CinemachineShotPlayable.cs: e346ad1ecb4af45da55274cb9abd9ec0 -> 
  custom:scripting/monoscript/fileName/CinemachineTagFieldPropertyDrawer.cs: e78491a12decd558a49d01cc583bfcfb -> 
  custom:framework-win-MediaFoundation: 216162199b28c13a410421893ffa2e32 -> 
  custom:scripting/monoscript/fileName/CinemachineVolumeSettings.cs: 22782cc3dbf8dfd1cb54e8486f29fe0d -> 
  custom:scripting/monoscript/fileName/CinemachineImpulseSourceEditor.cs: 0ef7804c69c18838aa65e6d5bae5b055 -> 
  custom:scripting/monoscript/fileName/CinemachineExternalCameraEditor.cs: d74df442250b898c9b40669a19100e9d -> 
  custom:scripting/monoscript/fileName/CinemachineTargetGroupEditor.cs: f70ac85df8c1c9bd0b83a35534bafd1f -> 
  custom:scripting/monoscript/fileName/CinemachineRecomposer.cs: 07354cca81f7d0775b027b5906330569 -> 
  custom:scripting/monoscript/fileName/CinemachineTransposer.cs: aa226dd144b3a977b86ea888b85df5fa -> 
  custom:scripting/monoscript/fileName/TargetPositionCache.cs: 49ce97e6930a536b43825141e0c2d3a4 -> 
  custom:scripting/monoscript/fileName/CinemachineExternalCamera.cs: d76122377115c288d881064c3f07a3f1 -> 
  custom:scripting/monoscript/fileName/ReflectionHelpers.cs: 60a5d38af3e775d0a421a7ff630d61cc -> 
  custom:scripting/monoscript/fileName/CinemachineVirtualCamera.cs: f16f2dc5bc1261579875c19605c45301 -> 
  custom:scripting/monoscript/fileName/Predictor.cs: d51584936cb5b31b30ee7b444e03385b -> 
  custom:scripting/monoscript/fileName/CinemachineOrbitalTransposerEditor.cs: 5ea2e4bec7ee6c24917bd86647f4bffa -> 
  custom:scripting/monoscript/fileName/CinemachineConfiner2DEditor.cs: 3f4b3d9b17ff5cd560135aa24f822994 -> 
  custom:scripting/monoscript/fileName/GroupWeightManipulator.cs: 588749cf3436a8199e762a8e09bc8de7 -> 
  custom:scripting/monoscript/fileName/AxisStatePropertyDrawer.cs: 2d807695a513641e771c78e6c342ff04 -> 
  custom:scripting/monoscript/fileName/CinemachineScreenComposerGuides.cs: cdc7ea02ccc4c8d1561d98d16760d1ca -> 
  custom:scripting/monoscript/fileName/CinemachinePropertyAttribute.cs: e8158d9725ac3a9129a08e46a4ff7519 -> 
  custom:scripting/monoscript/fileName/CinemachineVirtualCameraEditor.cs: 2e051d0c474634e907fe4123d6e2656e -> 
  custom:scripting/monoscript/fileName/CinemachineSettings.cs: 197f6d5ad32e253546b5afa056a5bba4 -> 
  custom:scripting/monoscript/fileName/CinemachineNoiseSettingsEditor.cs: 9056e69d9c759ba2504535054fff31c9 -> 
  custom:scripting/monoscript/fileName/CinemachineTriggerAction.cs: cab9c5d02c28af05797c2c3743539bdb -> 
  custom:scripting/monoscript/fileName/InspectorUtility.cs: d2444697ecf5f370ee1ff9969e9d66f8 -> 1cf92e4af45cb9e9886ec49564b001a9
  custom:CustomObjectIndexerAttribute: 9a22284fe3817be447336de3de66b15e -> 
  custom:scripting/monoscript/fileName/CinemachineBlenderSettingsEditor.cs: c57aa7de12bc3e7367ca091f4902c67b -> 
  custom:scripting/precompiled-assembly-types:Cinemachine: 54c8b091bb91c32bfeada952c9c53e21 -> 
  custom:scripting/monoscript/fileName/CinemachineImpulseDefinition.cs: 3d434086a2bdaf715abf85e79e9f14b4 -> 
  custom:scripting/precompiled-assembly-types:com.unity.cinemachine.editor: e24bde9f61664824443e2ae04112f2bb -> 
  custom:scripting/monoscript/fileName/Cinemachine3rdPersonFollowEditor.cs: f79aa162534f81c680877e6274b5d6ec -> 
  custom:scripting/monoscript/fileName/EmbeddedAssetPropertyDrawer.cs: fd7ebc18093de04c88d0cfc86fb060f5 -> 
  custom:container-demuxer-webm: 4f35f7cbe854078d1ac9338744f61a02 -> 
  custom:scripting/monoscript/fileName/ConfinerOven.cs: ff23c03e90b61beb34474fc6e4ff668c -> 
  custom:scripting/monoscript/fileName/WaveformWindow.cs: 01bbc4fc017d41a2bab7fb57c988e8da -> 
  custom:scripting/monoscript/fileName/CinemachinePipeline.cs: 6ca7a5979a0a73ea1d450a8fc9b437ef -> 
  custom:scripting/monoscript/fileName/VcamStageEditor.cs: 84b0eaf932b448975a99972628e556d8 -> 
  custom:scripting/monoscript/fileName/CinemachineFramingTransposerEditor.cs: 1653e1c00b2ca68b1d40f01e5bfb8445 -> 
  custom:scripting/monoscript/fileName/CinemachineStateDrivenCameraEditor.cs: 77d9f0a97385f936d9b4ffaa686bce39 -> 
  custom:scripting/monoscript/fileName/OrbitalTransposerHeadingPropertyDrawer.cs: 22496b76ce84f35f630c90badc4babd8 -> 
  custom:scripting/monoscript/fileName/CinemachinePathEditor.cs: ce10985fbf0e018e2dea63fedae131ba -> 
  custom:scripting/monoscript/fileName/CinemachineCollider.cs: 8fa92f525b1c31cd81812685d7f8c288 -> 
  custom:scripting/monoscript/fileName/CinemachineCollisionImpulseSourceEditor.cs: 29f9a522ec6b23375849ba08fd597c8d -> 
  custom:scripting/monoscript/fileName/CinemachineInputProvider.cs: ecb845de690695f08b3b3bb647cc7006 -> 
  custom:scripting/monoscript/fileName/CinemachineColliderEditor.cs: 859d1abbd669ee84cb713f6d4d0e1c5f -> 
  custom:scripting/monoscript/fileName/CinemachineExtension.cs: 6968db4afcdc301f6acb1ef4fbadb2f4 -> 
  custom:scripting/monoscript/fileName/CinemachineTargetGroup.cs: 10a09aa736b3a25da6dd9fc3c4dd9d36 -> 
  custom:scripting/monoscript/fileName/EmbeddedAssetHelpers.cs: 90647cc400823b41df847a6cbfc29026 -> 
  custom:scripting/monoscript/fileName/CinemachineBlendListCamera.cs: 66104ac24fef171d9f5d5b93a8cb2f83 -> 
  custom:scripting/monoscript/fileName/CinemachineComponentBase.cs: 5293f153c13e9bd2fc262ec31ff69206 -> 
  custom:scripting/monoscript/fileName/BaseEditor.cs: 90647cc400823b41df847a6cbfc29026 -> 
  custom:container-muxer-webm: aa71ff27fc2769a1b78a27578f13a17b -> 
  custom:video-decoder-webm-vp8: 9c59270c3fd7afecdb556c50c9e8de78 -> 
  custom:scripting/monoscript/fileName/CinemachineHardLookAt.cs: 792580aec23d39bcecd7ceea4c27a0ce -> 
  custom:scripting/monoscript/fileName/CinemachineInputAxisDriver.cs: 7e424e54660fed310c58dc98ea41042e -> 
  custom:scripting/monoscript/fileName/CinemachineStoryboardEditor.cs: 2e7ec8bfb72013eaaff4873a27da019c -> 
  custom:scripting/monoscript/fileName/CinemachineBasicMultiChannelPerlin.cs: bd5416e75860cd63657371207eb79058 -> 
  custom:SearchIndexIgnoredProperties: e643bd26f0fe6173181afceb89e7c659 -> 
  custom:AudioImporter_EditorPlatform: d09bf68614088b80899f8185d706f6e7 -> 
  custom:scripting/monoscript/fileName/CinemachineMixingCamera.cs: 739c5ceb76c01023f431794ec46a0177 -> 
  custom:scripting/monoscript/fileName/CinemachinePath.cs: b443d3c8837a65ddc3c78741cd58ec71 -> 
  custom:scripting/monoscript/fileName/CinemachineImpulseListenerEditor.cs: d5d28e418f87c111bce1c1b98f1f70ba -> 
  custom:scripting/monoscript/fileName/Avoider.cs: ae32a89b624ae2a4ae1c49a2b33fb966 -> 
  custom:scripting/monoscript/fileName/CinemachineDollyCart.cs: bbe9d07f4a2f7ee5ab002e66cb05f922 -> 
  custom:scripting/monoscript/fileName/CinemachineStoryboard.cs: 59a2099f76be9b47af1e12ed7d40f553 -> 
  custom:scripting/monoscript/fileName/CinemachinePixelPerfect.cs: 2f42bea4517739481ed2553d1616050e -> 
  custom:scripting/monoscript/fileName/CinemachineTrackedDolly.cs: f6a9c21b27ad86d45f62f6b444ccbb49 -> 
  custom:scripting/monoscript/fileName/CinemachineHardLookAtEditor.cs: 15b8f2af6a6d786898ce5dd6b0db26dc -> 
  custom:scripting/monoscript/fileName/CinemachineComposer.cs: e399dfd36807c341da7cd182ce299d1e -> 
  custom:scripting/monoscript/fileName/CinemachineTrack.cs: 4b50d47d507c57dc81b82253ec075194 -> 
  custom:scripting/monoscript/fileName/CinemachineSmoothPathEditor.cs: 7555bcba4eb760e012dd21c6730ae562 -> 
  custom:scripting/monoscript/fileName/ScriptableObjectUtility.cs: c529d074f6f57a07e3f410d488963bbc -> 
  custom:scripting/monoscript/fileName/CinemachineOrbitalTransposer.cs: 71c52878ba6d43827473a480056a99da -> 
  custom:scripting/monoscript/fileName/CinemachinePathBase.cs: debb99764287c54cae06313e2d6a1fe1 -> 
  custom:scripting/monoscript/fileName/CinemachineImpulseSource.cs: ac073b8453e26c5dd422d5f1a90a7ff2 -> 
  custom:scripting/monoscript/fileName/CinemachineImpulseEnvelopePropertyDrawer.cs: 07e00c9c84964a5c7e4f3f19e4263ec1 -> 
  custom:scripting/monoscript/fileName/SplineHelpers.cs: 9e5bf4293b3828088291b7871e233a27 -> 
  custom:scripting/monoscript/fileName/CinemachineSameAsFollowTargetEditor.cs: 6def40fc1e39b3242347b6630fb5127e -> 
  custom:scripting/monoscript/fileName/CinemachineBlendListCameraEditor.cs: dbc12d2a9f3e2999a067290c411b2aca -> 
  custom:scripting/monoscript/fileName/CinemachineShot.cs: 3d4d9d05534db20e82d871d98ea52716 -> 
  custom:scripting/monoscript/fileName/UnityVectorExtensions.cs: 052777772edecdffe26d41a6a989641e -> 
  custom:scripting/monoscript/fileName/CinemachineBasicMultiChannelPerlinEditor.cs: d6749cd6c482efa27bdd41f60394f1b9 -> 
  custom:scripting/monoscript/fileName/CinemachineImpulseChannels.cs: a9a39cc5ecea1f083db0fce154eec19c -> 
  custom:scripting/monoscript/fileName/CinemachineHardLockToTarget.cs: d349308c5b4f600a345055c394206f52 -> 
  custom:scripting/monoscript/fileName/CinemachineConfiner2D.cs: beb10be0db8ff9d3a94bd0a150963b9b -> 
  custom:scripting/monoscript/fileName/LensSettings.cs: 4335e899502c57ee4480b8c9aa915366 -> 
  custom:scripting/monoscript/fileName/Cinemachine3rdPersonAim.cs: 4bd230d915f070bb3cae23bef6f7ab70 -> 
  custom:scripting/monoscript/fileName/CinemachineImpulseListener.cs: 6aac146243d38e7a67346170caa40ea1 -> 
  custom:video-encoder-webm-vp8: eb34c28f22e8b96e1ab97ce403110664 -> 
  custom:scripting/monoscript/fileName/CinemachineMenu.cs: 7b932811d9fa1e44d0d8b2b9ed75adf3 -> 
  custom:scripting/monoscript/fileName/RuntimeUtility.cs: 8c92a9f673836e5d2084dbeb0f10159f -> 
  custom:scripting/monoscript/fileName/CinemachineFreeLook.cs: bebc32b18bc4beddc113bad68624e557 -> 
  custom:audio-decoder-ogg-vorbis: bf7c407c2cedff20999df2af8eb42d56 -> 
  custom:scripting/monoscript/fileName/CinemachineGroupComposer.cs: 173a689a80ef321c302f9c045419668f -> 
  custom:scripting/monoscript/fileName/CinemachineVirtualCameraBase.cs: c7e60cccdcb14ee2a33da9fd46c1c54f -> 
  custom:scripting/monoscript/fileName/CinemachineFixedSignal.cs: aedcdca7a861da6e456e0ae105b24c41 -> 
  custom:scripting/monoscript/fileName/CinemachineShotClipEditor.cs: 123a48531bf1d1b4f3c8398556caec62 -> 
  custom:scripting/monoscript/fileName/CinemachineTouchInputMapper.cs: b9698729a07a7d31c864247e0582b566 -> 
  custom:scripting/monoscript/fileName/CinemachinePOV.cs: e4df06d1994174afa286b103eb06ee7f -> 
  custom:scripting/monoscript/fileName/CinemachineBlend.cs: f33659d50c4d86144d649aa7e8196529 -> 
  custom:scripting/monoscript/fileName/CinemachineFreeLookEditor.cs: 9641291977c1891a004ac4c4c259e1c8 -> 
  custom:scripting/monoscript/fileName/CinemachineTransposerEditor.cs: 85841a774ddea4fb7232a7a585f716b4 -> 
  custom:scripting/monoscript/fileName/clipper.cs: 2a50e35a835148907b3c1fa8e187ab2b -> 
  custom:scripting/monoscript/fileName/NoiseSettings.cs: 443d576e0c72ab62870476103c9384ec -> 
  custom:scripting/monoscript/fileName/GaussianFilter.cs: 0a3672ebe80edf7c5daca82445c15683 -> 
  custom:scripting/monoscript/fileName/CinemachineSceneTools.cs: d63880a6073ab3335301b115db235b5b -> 
  custom:scripting/monoscript/fileName/CinemachineTriggerActionEditor.cs: 2309a2ec6192ace4cae8bab5a535978e -> 
  custom:scripting/monoscript/fileName/VcamTargetPropertyDrawer.cs: 9208050b1312b118a226fef2d63e8fa1 -> 
  custom:scripting/monoscript/fileName/CinemachineCollisionImpulseSource.cs: 9aae5e368cb7786be199f98f2122f96d -> 
  custom:scripting/monoscript/fileName/CinemachineClearShotEditor.cs: ca8875b47e775cd361c78158d7923690 -> 
  custom:scripting/monoscript/fileName/CinemachineEditorAnalytics.cs: de76cc292d7ecedcf47af6616498c9f9 -> 
  custom:scripting/monoscript/fileName/NoiseSettingsPropertyDrawer.cs: 8d3f69ba7eeec63914970bd3136b6ace -> 
  custom:scripting/monoscript/fileName/CinemachineBrainEditor.cs: 49621d8b7679c0b5d128fef53d55becd -> 
  custom:scripting/monoscript/fileName/CinemachineShotEditor.cs: 2ba28b209a4ad7f0a791994d2360a9af -> 
  custom:scripting/monoscript/fileName/PlayerMovement.cs: 42480eed24e61f9d7e7e895933644f96 -> 
  custom:scripting/monoscript/fileName/CinemachineHardLockToTargetEditor.cs: c65eaafd47115974a2a9379aae467b0e -> 
  custom:audio-encoder-webm-vorbis: bf7c407c2cedff20999df2af8eb42d56 -> 
  custom:scripting/monoscript/fileName/CameraState.cs: 6ae7088fa20820e052d1e4d86059e90b -> 
  custom:scripting/monoscript/fileName/CinemachineToolbarOverlay.cs: 371b6fc494252d6fda34e207e170cb66 -> 
  custom:scripting/monoscript/fileName/CinemachineIndependentImpulseListener.cs: 91ae8748b9c36955c333e57505ff90fb -> 
  custom:scripting/monoscript/fileName/CinemachineMixingCameraEditor.cs: 1c122a21d710512fec62cdc7bd351681 -> 
  custom:scripting/monoscript/fileName/CinemachinePostProcessing.cs: bf9b100a1b61fd5383288bc96487c194 -> 
  custom:scripting/monoscript/fileName/CinemachineSameAsFollowTarget.cs: bcfa2d394e1e5460b4ef3dc039214a16 -> 
  custom:scripting/monoscript/fileName/CinemachineVirtualCameraBaseEditor.cs: 13ee4931cd85df4b22852d0547b5e690 -> 
  custom:scripting/monoscript/fileName/UpdateTracker.cs: 3dac8a24a32a32e4bbfeb38ed26ef250 -> 
  custom:scripting/monoscript/fileName/CinemachineComposerEditor.cs: dda533b9c6cb2b366292f584704bd904 -> 
  custom:scripting/monoscript/fileName/Cinemachine3rdPersonFollow.cs: 4600bac2bdf6b37d80e86f9aa5a413c3 -> 
  custom:scripting/precompiled-assembly-types:Assembly-CSharp: e66928de38364bb08ef9436b3612de99 -> 
  custom:scripting/monoscript/fileName/SaveDuringPlay.cs: de39f1962b337699845d3d8a2e8f5bde -> 
========================================================================
Received Prepare
Caller must complete domain reload
Begin MonoManager ReloadAssembly
- Loaded All Assemblies, in  0.277 seconds
Native extension for WindowsStandalone target not found
Mono: successfully reloaded assembly
- Finished resetting the current domain, in  0.603 seconds
Domain Reload Profiling: 879ms
	BeginReloadAssembly (101ms)
		ExecutionOrderSort (0ms)
		DisableScriptedObjects (3ms)
		BackupInstance (0ms)
		ReleaseScriptingObjects (0ms)
		CreateAndSetChildDomain (22ms)
	RebuildCommonClasses (21ms)
	RebuildNativeTypeToScriptingClass (7ms)
	initialDomainReloadingComplete (15ms)
	LoadAllAssembliesAndSetupDomain (133ms)
		LoadAssemblies (178ms)
		RebuildTransferFunctionScriptingTraits (0ms)
		AnalyzeDomain (9ms)
			TypeCache.Refresh (4ms)
				TypeCache.ScanAssembly (0ms)
			ScanForSourceGeneratedMonoScriptInfo (0ms)
			ResolveRequiredComponents (3ms)
	FinalizeReload (603ms)
		ReleaseScriptCaches (0ms)
		RebuildScriptCaches (0ms)
		SetupLoadedEditorAssemblies (260ms)
			LogAssemblyErrors (0ms)
			InitializePlatformSupportModulesInManaged (3ms)
			SetLoadedEditorAssemblies (3ms)
			RefreshPlugins (0ms)
			BeforeProcessingInitializeOnLoad (35ms)
			ProcessInitializeOnLoadAttributes (203ms)
			ProcessInitializeOnLoadMethodAttributes (13ms)
			AfterProcessingInitializeOnLoad (2ms)
			EditorAssembliesLoaded (0ms)
		ExecutionOrderSort2 (0ms)
		AwakeInstancesAfterBackupRestoration (5ms)
Refreshing native plugins compatible for Editor in 2.53 ms, found 3 plugins.
Preloading 0 native plugins for Editor in 0.00 ms.
Unloading 3391 Unused Serialized files (Serialized files now loaded: 0)
Unloading 16 unused Assets / (124.4 KB). Loaded Objects now: 3939.
Memory consumption went from 130.2 MB to 130.1 MB.
Total: 1.970400 ms (FindLiveObjects: 0.194100 ms CreateObjectMapping: 0.073000 ms MarkObjects: 1.619600 ms  DeleteObjects: 0.083100 ms)

Prepare: number of updated asset objects reloaded= 0
AssetImportParameters requested are different than current active one (requested -> active):
  custom:scripting/monoscript/fileName/CinemachineGroupComposerEditor.cs: 54a07f36704e77a685a5e7e8c8b2c216 -> 
  custom:scripting/monoscript/fileName/CinemachineConfinerEditor.cs: cc6c898a3390647ab91613c8a96de4b4 -> 
  custom:scripting/monoscript/fileName/CinemachineBlendDefinitionPropertyDrawer.cs: 7ae344d19d646b738f3c65294becf216 -> 
  custom:scripting/monoscript/fileName/CinemachineTrackedDollyEditor.cs: b4d6784c58752cea58aafd9a76ca4459 -> 
  custom:scripting/monoscript/fileName/CinemachineImpulseManager.cs: c34be3577a810e26fd0110c580799b88 -> 
  custom:scripting/monoscript/fileName/CinemachineSmoothPath.cs: c28db2688f35d70587b5f943431a010a -> 
  custom:scripting/monoscript/fileName/CinemachineStateDrivenCamera.cs: aea2468a7384be4ba6d1b043ccec135d -> 
  custom:container-demuxer-ogg: 62fdf1f143b41e24485cea50d1cbac27 -> 
  custom:scripting/monoscript/fileName/CinemachineBlenderSettings.cs: 9adcb80668a56be4cd8e31c1d3dc60ae -> 
  custom:scripting/monoscript/fileName/SignalSourceAsset.cs: f7ffd463dece56bad278f5a8d3ed7fc6 -> 
  custom:scripting/monoscript/fileName/CinemachineCore.cs: fe6c3be993819098833de1628bfd76b2 -> 
  custom:scripting/monoscript/fileName/CinemachineImpulseChannelPropertyDrawer.cs: 4b6390a17916751618e2a45cb8d47a80 -> 
  custom:scripting/monoscript/fileName/SerializedPropertyHelper.cs: b04ac165255e34bc2935ca9bf180e209 -> 
  custom:scripting/monoscript/fileName/CinemachineFramingTransposer.cs: 7943c9d436748359882d8f978cf86c91 -> 
  custom:scripting/monoscript/fileName/AxisState.cs: 1a494a66d8b9a58f4a6873f89bf5b094 -> 
  custom:scripting/monoscript/fileName/CinemachineClearShot.cs: 1da15f5c7903497ce3ae982ee4ee4779 -> 
  custom:scripting/monoscript/fileName/CinemachinePOVEditor.cs: 71db5a9242a182995b4ca15db516f628 -> 
  custom:scripting/monoscript/fileName/CinemachineMixer.cs: 2e36eb9e732dd7c8a32e8f83daebd6f4 -> 
  custom:scripting/monoscript/fileName/CinemachineConfiner.cs: 3813336c17662a5cb6b59ce5f1954254 -> 
  custom:video-codec-MediaFoundation-h265: 746d11721c4dcdbdad8f713fa42b33f4 -> 
  custom:scripting/monoscript/fileName/CinemachineBrain.cs: 365b4e0b6319f064062e97b8f8e32c8e -> 
  custom:scripting/monoscript/fileName/CinemachineImpulseDefinitionPropertyDrawer.cs: 1b2fc77b0a80a7e0e9045e0d44fb761c -> 
  custom:scripting/monoscript/fileName/CinemachineColliderPrefs.cs: 47106451d4685409820905badf49b71f -> 
  custom:scripting/monoscript/fileName/CinemachineFollowZoom.cs: eb74e2e98d3dc4647324e113f34710ca -> 
  custom:scripting/monoscript/fileName/CinemachineDebug.cs: 3077ed3b64725184c652d4c07ac732fd -> 
  custom:scripting/monoscript/fileName/CinemachineLensPresets.cs: 014747fb0ab87178c677520d0bf20bf7 -> 
  custom:video-decoder-ogg-theora: a1e56fd34408186e4bbccfd4996cb3dc -> 
  custom:scripting/monoscript/fileName/CinemachineCameraOffset.cs: a6887f67d3eb83cc6393b822d4e65121 -> 
  custom:scripting/monoscript/fileName/ICinemachineCamera.cs: 2faad4f04eaf5d98c2870adbfb06184e -> 
  custom:scripting/monoscript/fileName/CinemachineShotPlayable.cs: e346ad1ecb4af45da55274cb9abd9ec0 -> 
  custom:scripting/monoscript/fileName/CinemachineTagFieldPropertyDrawer.cs: e78491a12decd558a49d01cc583bfcfb -> 
  custom:framework-win-MediaFoundation: 216162199b28c13a410421893ffa2e32 -> 
  custom:scripting/monoscript/fileName/CinemachineVolumeSettings.cs: 22782cc3dbf8dfd1cb54e8486f29fe0d -> 
  custom:scripting/monoscript/fileName/CinemachineImpulseSourceEditor.cs: 0ef7804c69c18838aa65e6d5bae5b055 -> 
  custom:scripting/monoscript/fileName/CinemachineExternalCameraEditor.cs: d74df442250b898c9b40669a19100e9d -> 
  custom:scripting/monoscript/fileName/CinemachineTargetGroupEditor.cs: f70ac85df8c1c9bd0b83a35534bafd1f -> 
  custom:scripting/monoscript/fileName/CinemachineRecomposer.cs: 07354cca81f7d0775b027b5906330569 -> 
  custom:scripting/monoscript/fileName/CinemachineTransposer.cs: aa226dd144b3a977b86ea888b85df5fa -> 
  custom:scripting/monoscript/fileName/TargetPositionCache.cs: 49ce97e6930a536b43825141e0c2d3a4 -> 
  custom:scripting/monoscript/fileName/CinemachineExternalCamera.cs: d76122377115c288d881064c3f07a3f1 -> 
  custom:scripting/monoscript/fileName/ReflectionHelpers.cs: 60a5d38af3e775d0a421a7ff630d61cc -> 
  custom:scripting/monoscript/fileName/CinemachineVirtualCamera.cs: f16f2dc5bc1261579875c19605c45301 -> 
  custom:scripting/monoscript/fileName/Predictor.cs: d51584936cb5b31b30ee7b444e03385b -> 
  custom:scripting/monoscript/fileName/CinemachineOrbitalTransposerEditor.cs: 5ea2e4bec7ee6c24917bd86647f4bffa -> 
  custom:scripting/monoscript/fileName/CinemachineConfiner2DEditor.cs: 3f4b3d9b17ff5cd560135aa24f822994 -> 
  custom:scripting/monoscript/fileName/GroupWeightManipulator.cs: 588749cf3436a8199e762a8e09bc8de7 -> 
  custom:scripting/monoscript/fileName/AxisStatePropertyDrawer.cs: 2d807695a513641e771c78e6c342ff04 -> 
  custom:scripting/monoscript/fileName/CinemachineScreenComposerGuides.cs: cdc7ea02ccc4c8d1561d98d16760d1ca -> 
  custom:scripting/monoscript/fileName/CinemachinePropertyAttribute.cs: e8158d9725ac3a9129a08e46a4ff7519 -> 
  custom:scripting/monoscript/fileName/CinemachineVirtualCameraEditor.cs: 2e051d0c474634e907fe4123d6e2656e -> 
  custom:scripting/monoscript/fileName/CinemachineSettings.cs: 197f6d5ad32e253546b5afa056a5bba4 -> 
  custom:scripting/monoscript/fileName/CinemachineNoiseSettingsEditor.cs: 9056e69d9c759ba2504535054fff31c9 -> 
  custom:scripting/monoscript/fileName/CinemachineTriggerAction.cs: cab9c5d02c28af05797c2c3743539bdb -> 
  custom:scripting/monoscript/fileName/InspectorUtility.cs: d2444697ecf5f370ee1ff9969e9d66f8 -> 1cf92e4af45cb9e9886ec49564b001a9
  custom:CustomObjectIndexerAttribute: 9a22284fe3817be447336de3de66b15e -> 
  custom:scripting/monoscript/fileName/CinemachineBlenderSettingsEditor.cs: c57aa7de12bc3e7367ca091f4902c67b -> 
  custom:scripting/precompiled-assembly-types:Cinemachine: 54c8b091bb91c32bfeada952c9c53e21 -> 
  custom:scripting/monoscript/fileName/CinemachineImpulseDefinition.cs: 3d434086a2bdaf715abf85e79e9f14b4 -> 
  custom:scripting/precompiled-assembly-types:com.unity.cinemachine.editor: e24bde9f61664824443e2ae04112f2bb -> 
  custom:scripting/monoscript/fileName/Cinemachine3rdPersonFollowEditor.cs: f79aa162534f81c680877e6274b5d6ec -> 
  custom:scripting/monoscript/fileName/EmbeddedAssetPropertyDrawer.cs: fd7ebc18093de04c88d0cfc86fb060f5 -> 
  custom:container-demuxer-webm: 4f35f7cbe854078d1ac9338744f61a02 -> 
  custom:scripting/monoscript/fileName/ConfinerOven.cs: ff23c03e90b61beb34474fc6e4ff668c -> 
  custom:scripting/monoscript/fileName/WaveformWindow.cs: 01bbc4fc017d41a2bab7fb57c988e8da -> 
  custom:scripting/monoscript/fileName/CinemachinePipeline.cs: 6ca7a5979a0a73ea1d450a8fc9b437ef -> 
  custom:scripting/monoscript/fileName/VcamStageEditor.cs: 84b0eaf932b448975a99972628e556d8 -> 
  custom:scripting/monoscript/fileName/CinemachineFramingTransposerEditor.cs: 1653e1c00b2ca68b1d40f01e5bfb8445 -> 
  custom:scripting/monoscript/fileName/CinemachineStateDrivenCameraEditor.cs: 77d9f0a97385f936d9b4ffaa686bce39 -> 
  custom:scripting/monoscript/fileName/OrbitalTransposerHeadingPropertyDrawer.cs: 22496b76ce84f35f630c90badc4babd8 -> 
  custom:scripting/monoscript/fileName/CinemachinePathEditor.cs: ce10985fbf0e018e2dea63fedae131ba -> 
  custom:scripting/monoscript/fileName/CinemachineCollider.cs: 8fa92f525b1c31cd81812685d7f8c288 -> 
  custom:scripting/monoscript/fileName/CinemachineCollisionImpulseSourceEditor.cs: 29f9a522ec6b23375849ba08fd597c8d -> 
  custom:scripting/monoscript/fileName/CinemachineInputProvider.cs: ecb845de690695f08b3b3bb647cc7006 -> 
  custom:scripting/monoscript/fileName/CinemachineColliderEditor.cs: 859d1abbd669ee84cb713f6d4d0e1c5f -> 
  custom:scripting/monoscript/fileName/CinemachineExtension.cs: 6968db4afcdc301f6acb1ef4fbadb2f4 -> 
  custom:scripting/monoscript/fileName/CinemachineTargetGroup.cs: 10a09aa736b3a25da6dd9fc3c4dd9d36 -> 
  custom:scripting/monoscript/fileName/EmbeddedAssetHelpers.cs: 90647cc400823b41df847a6cbfc29026 -> 
  custom:scripting/monoscript/fileName/CinemachineBlendListCamera.cs: 66104ac24fef171d9f5d5b93a8cb2f83 -> 
  custom:scripting/monoscript/fileName/CinemachineComponentBase.cs: 5293f153c13e9bd2fc262ec31ff69206 -> 
  custom:scripting/monoscript/fileName/BaseEditor.cs: 90647cc400823b41df847a6cbfc29026 -> 
  custom:container-muxer-webm: aa71ff27fc2769a1b78a27578f13a17b -> 
  custom:video-decoder-webm-vp8: 9c59270c3fd7afecdb556c50c9e8de78 -> 
  custom:scripting/monoscript/fileName/CinemachineHardLookAt.cs: 792580aec23d39bcecd7ceea4c27a0ce -> 
  custom:scripting/monoscript/fileName/CinemachineInputAxisDriver.cs: 7e424e54660fed310c58dc98ea41042e -> 
  custom:scripting/monoscript/fileName/CinemachineStoryboardEditor.cs: 2e7ec8bfb72013eaaff4873a27da019c -> 
  custom:scripting/monoscript/fileName/CinemachineBasicMultiChannelPerlin.cs: bd5416e75860cd63657371207eb79058 -> 
  custom:SearchIndexIgnoredProperties: e643bd26f0fe6173181afceb89e7c659 -> 
  custom:AudioImporter_EditorPlatform: d09bf68614088b80899f8185d706f6e7 -> 
  custom:scripting/monoscript/fileName/CinemachineMixingCamera.cs: 739c5ceb76c01023f431794ec46a0177 -> 
  custom:scripting/monoscript/fileName/CinemachinePath.cs: b443d3c8837a65ddc3c78741cd58ec71 -> 
  custom:scripting/monoscript/fileName/CinemachineImpulseListenerEditor.cs: d5d28e418f87c111bce1c1b98f1f70ba -> 
  custom:scripting/monoscript/fileName/Avoider.cs: ae32a89b624ae2a4ae1c49a2b33fb966 -> 
  custom:scripting/monoscript/fileName/CinemachineDollyCart.cs: bbe9d07f4a2f7ee5ab002e66cb05f922 -> 
  custom:scripting/monoscript/fileName/CinemachineStoryboard.cs: 59a2099f76be9b47af1e12ed7d40f553 -> 
  custom:scripting/monoscript/fileName/CinemachinePixelPerfect.cs: 2f42bea4517739481ed2553d1616050e -> 
  custom:scripting/monoscript/fileName/CinemachineTrackedDolly.cs: f6a9c21b27ad86d45f62f6b444ccbb49 -> 
  custom:scripting/monoscript/fileName/CinemachineHardLookAtEditor.cs: 15b8f2af6a6d786898ce5dd6b0db26dc -> 
  custom:scripting/monoscript/fileName/CinemachineComposer.cs: e399dfd36807c341da7cd182ce299d1e -> 
  custom:scripting/monoscript/fileName/CinemachineTrack.cs: 4b50d47d507c57dc81b82253ec075194 -> 
  custom:scripting/monoscript/fileName/CinemachineSmoothPathEditor.cs: 7555bcba4eb760e012dd21c6730ae562 -> 
  custom:scripting/monoscript/fileName/ScriptableObjectUtility.cs: c529d074f6f57a07e3f410d488963bbc -> 
  custom:scripting/monoscript/fileName/CinemachineOrbitalTransposer.cs: 71c52878ba6d43827473a480056a99da -> 
  custom:scripting/monoscript/fileName/CinemachinePathBase.cs: debb99764287c54cae06313e2d6a1fe1 -> 
  custom:scripting/monoscript/fileName/CinemachineImpulseSource.cs: ac073b8453e26c5dd422d5f1a90a7ff2 -> 
  custom:scripting/monoscript/fileName/CinemachineImpulseEnvelopePropertyDrawer.cs: 07e00c9c84964a5c7e4f3f19e4263ec1 -> 
  custom:scripting/monoscript/fileName/SplineHelpers.cs: 9e5bf4293b3828088291b7871e233a27 -> 
  custom:scripting/monoscript/fileName/CinemachineSameAsFollowTargetEditor.cs: 6def40fc1e39b3242347b6630fb5127e -> 
  custom:scripting/monoscript/fileName/CinemachineBlendListCameraEditor.cs: dbc12d2a9f3e2999a067290c411b2aca -> 
  custom:scripting/monoscript/fileName/CinemachineShot.cs: 3d4d9d05534db20e82d871d98ea52716 -> 
  custom:scripting/monoscript/fileName/UnityVectorExtensions.cs: 052777772edecdffe26d41a6a989641e -> 
  custom:scripting/monoscript/fileName/CinemachineBasicMultiChannelPerlinEditor.cs: d6749cd6c482efa27bdd41f60394f1b9 -> 
  custom:scripting/monoscript/fileName/CinemachineImpulseChannels.cs: a9a39cc5ecea1f083db0fce154eec19c -> 
  custom:scripting/monoscript/fileName/CinemachineHardLockToTarget.cs: d349308c5b4f600a345055c394206f52 -> 
  custom:scripting/monoscript/fileName/CinemachineConfiner2D.cs: beb10be0db8ff9d3a94bd0a150963b9b -> 
  custom:scripting/monoscript/fileName/LensSettings.cs: 4335e899502c57ee4480b8c9aa915366 -> 
  custom:scripting/monoscript/fileName/Cinemachine3rdPersonAim.cs: 4bd230d915f070bb3cae23bef6f7ab70 -> 
  custom:scripting/monoscript/fileName/CinemachineImpulseListener.cs: 6aac146243d38e7a67346170caa40ea1 -> 
  custom:video-encoder-webm-vp8: eb34c28f22e8b96e1ab97ce403110664 -> 
  custom:scripting/monoscript/fileName/CinemachineMenu.cs: 7b932811d9fa1e44d0d8b2b9ed75adf3 -> 
  custom:scripting/monoscript/fileName/RuntimeUtility.cs: 8c92a9f673836e5d2084dbeb0f10159f -> 
  custom:scripting/monoscript/fileName/CinemachineFreeLook.cs: bebc32b18bc4beddc113bad68624e557 -> 
  custom:audio-decoder-ogg-vorbis: bf7c407c2cedff20999df2af8eb42d56 -> 
  custom:scripting/monoscript/fileName/CinemachineGroupComposer.cs: 173a689a80ef321c302f9c045419668f -> 
  custom:scripting/monoscript/fileName/CinemachineVirtualCameraBase.cs: c7e60cccdcb14ee2a33da9fd46c1c54f -> 
  custom:scripting/monoscript/fileName/CinemachineFixedSignal.cs: aedcdca7a861da6e456e0ae105b24c41 -> 
  custom:scripting/monoscript/fileName/CinemachineShotClipEditor.cs: 123a48531bf1d1b4f3c8398556caec62 -> 
  custom:scripting/monoscript/fileName/CinemachineTouchInputMapper.cs: b9698729a07a7d31c864247e0582b566 -> 
  custom:scripting/monoscript/fileName/CinemachinePOV.cs: e4df06d1994174afa286b103eb06ee7f -> 
  custom:scripting/monoscript/fileName/CinemachineBlend.cs: f33659d50c4d86144d649aa7e8196529 -> 
  custom:scripting/monoscript/fileName/CinemachineFreeLookEditor.cs: 9641291977c1891a004ac4c4c259e1c8 -> 
  custom:scripting/monoscript/fileName/CinemachineTransposerEditor.cs: 85841a774ddea4fb7232a7a585f716b4 -> 
  custom:scripting/monoscript/fileName/clipper.cs: 2a50e35a835148907b3c1fa8e187ab2b -> 
  custom:scripting/monoscript/fileName/NoiseSettings.cs: 443d576e0c72ab62870476103c9384ec -> 
  custom:scripting/monoscript/fileName/GaussianFilter.cs: 0a3672ebe80edf7c5daca82445c15683 -> 
  custom:scripting/monoscript/fileName/CinemachineSceneTools.cs: d63880a6073ab3335301b115db235b5b -> 
  custom:scripting/monoscript/fileName/CinemachineTriggerActionEditor.cs: 2309a2ec6192ace4cae8bab5a535978e -> 
  custom:scripting/monoscript/fileName/VcamTargetPropertyDrawer.cs: 9208050b1312b118a226fef2d63e8fa1 -> 
  custom:scripting/monoscript/fileName/CinemachineCollisionImpulseSource.cs: 9aae5e368cb7786be199f98f2122f96d -> 
  custom:scripting/monoscript/fileName/CinemachineClearShotEditor.cs: ca8875b47e775cd361c78158d7923690 -> 
  custom:scripting/monoscript/fileName/CinemachineEditorAnalytics.cs: de76cc292d7ecedcf47af6616498c9f9 -> 
  custom:scripting/monoscript/fileName/NoiseSettingsPropertyDrawer.cs: 8d3f69ba7eeec63914970bd3136b6ace -> 
  custom:scripting/monoscript/fileName/CinemachineBrainEditor.cs: 49621d8b7679c0b5d128fef53d55becd -> 
  custom:scripting/monoscript/fileName/CinemachineShotEditor.cs: 2ba28b209a4ad7f0a791994d2360a9af -> 
  custom:scripting/monoscript/fileName/PlayerMovement.cs: 42480eed24e61f9d7e7e895933644f96 -> 
  custom:scripting/monoscript/fileName/CinemachineHardLockToTargetEditor.cs: c65eaafd47115974a2a9379aae467b0e -> 
  custom:audio-encoder-webm-vorbis: bf7c407c2cedff20999df2af8eb42d56 -> 
  custom:scripting/monoscript/fileName/CameraState.cs: 6ae7088fa20820e052d1e4d86059e90b -> 
  custom:scripting/monoscript/fileName/CinemachineToolbarOverlay.cs: 371b6fc494252d6fda34e207e170cb66 -> 
  custom:scripting/monoscript/fileName/CinemachineIndependentImpulseListener.cs: 91ae8748b9c36955c333e57505ff90fb -> 
  custom:scripting/monoscript/fileName/CinemachineMixingCameraEditor.cs: 1c122a21d710512fec62cdc7bd351681 -> 
  custom:scripting/monoscript/fileName/CinemachinePostProcessing.cs: bf9b100a1b61fd5383288bc96487c194 -> 
  custom:scripting/monoscript/fileName/CinemachineSameAsFollowTarget.cs: bcfa2d394e1e5460b4ef3dc039214a16 -> 
  custom:scripting/monoscript/fileName/CinemachineVirtualCameraBaseEditor.cs: 13ee4931cd85df4b22852d0547b5e690 -> 
  custom:scripting/monoscript/fileName/UpdateTracker.cs: 3dac8a24a32a32e4bbfeb38ed26ef250 -> 
  custom:scripting/monoscript/fileName/CinemachineComposerEditor.cs: dda533b9c6cb2b366292f584704bd904 -> 
  custom:scripting/monoscript/fileName/Cinemachine3rdPersonFollow.cs: 4600bac2bdf6b37d80e86f9aa5a413c3 -> 
  custom:scripting/precompiled-assembly-types:Assembly-CSharp: e66928de38364bb08ef9436b3612de99 -> 
  custom:scripting/monoscript/fileName/SaveDuringPlay.cs: de39f1962b337699845d3d8a2e8f5bde -> 
========================================================================
Received Prepare
Caller must complete domain reload
Begin MonoManager ReloadAssembly
- Loaded All Assemblies, in  0.258 seconds
Native extension for WindowsStandalone target not found
Mono: successfully reloaded assembly
- Finished resetting the current domain, in  0.598 seconds
Domain Reload Profiling: 855ms
	BeginReloadAssembly (95ms)
		ExecutionOrderSort (0ms)
		DisableScriptedObjects (3ms)
		BackupInstance (0ms)
		ReleaseScriptingObjects (0ms)
		CreateAndSetChildDomain (18ms)
	RebuildCommonClasses (20ms)
	RebuildNativeTypeToScriptingClass (6ms)
	initialDomainReloadingComplete (16ms)
	LoadAllAssembliesAndSetupDomain (119ms)
		LoadAssemblies (163ms)
		RebuildTransferFunctionScriptingTraits (0ms)
		AnalyzeDomain (9ms)
			TypeCache.Refresh (4ms)
				TypeCache.ScanAssembly (0ms)
			ScanForSourceGeneratedMonoScriptInfo (0ms)
			ResolveRequiredComponents (3ms)
	FinalizeReload (598ms)
		ReleaseScriptCaches (0ms)
		RebuildScriptCaches (0ms)
		SetupLoadedEditorAssemblies (256ms)
			LogAssemblyErrors (0ms)
			InitializePlatformSupportModulesInManaged (4ms)
			SetLoadedEditorAssemblies (3ms)
			RefreshPlugins (0ms)
			BeforeProcessingInitializeOnLoad (35ms)
			ProcessInitializeOnLoadAttributes (201ms)
			ProcessInitializeOnLoadMethodAttributes (12ms)
			AfterProcessingInitializeOnLoad (2ms)
			EditorAssembliesLoaded (0ms)
		ExecutionOrderSort2 (0ms)
		AwakeInstancesAfterBackupRestoration (5ms)
Refreshing native plugins compatible for Editor in 2.99 ms, found 3 plugins.
Preloading 0 native plugins for Editor in 0.00 ms.
Unloading 3391 Unused Serialized files (Serialized files now loaded: 0)
Unloading 16 unused Assets / (124.5 KB). Loaded Objects now: 3954.
Memory consumption went from 130.3 MB to 130.1 MB.
Total: 2.191800 ms (FindLiveObjects: 0.160900 ms CreateObjectMapping: 0.050000 ms MarkObjects: 1.903600 ms  DeleteObjects: 0.076200 ms)

Prepare: number of updated asset objects reloaded= 0
AssetImportParameters requested are different than current active one (requested -> active):
  custom:scripting/monoscript/fileName/CinemachineGroupComposerEditor.cs: 54a07f36704e77a685a5e7e8c8b2c216 -> 
  custom:scripting/monoscript/fileName/CinemachineConfinerEditor.cs: cc6c898a3390647ab91613c8a96de4b4 -> 
  custom:scripting/monoscript/fileName/CinemachineBlendDefinitionPropertyDrawer.cs: 7ae344d19d646b738f3c65294becf216 -> 
  custom:scripting/monoscript/fileName/CinemachineTrackedDollyEditor.cs: b4d6784c58752cea58aafd9a76ca4459 -> 
  custom:scripting/monoscript/fileName/CinemachineImpulseManager.cs: c34be3577a810e26fd0110c580799b88 -> 
  custom:scripting/monoscript/fileName/CinemachineSmoothPath.cs: c28db2688f35d70587b5f943431a010a -> 
  custom:scripting/monoscript/fileName/CinemachineStateDrivenCamera.cs: aea2468a7384be4ba6d1b043ccec135d -> 
  custom:container-demuxer-ogg: 62fdf1f143b41e24485cea50d1cbac27 -> 
  custom:scripting/monoscript/fileName/CinemachineBlenderSettings.cs: 9adcb80668a56be4cd8e31c1d3dc60ae -> 
  custom:scripting/monoscript/fileName/SignalSourceAsset.cs: f7ffd463dece56bad278f5a8d3ed7fc6 -> 
  custom:scripting/monoscript/fileName/CinemachineCore.cs: fe6c3be993819098833de1628bfd76b2 -> 
  custom:scripting/monoscript/fileName/CinemachineImpulseChannelPropertyDrawer.cs: 4b6390a17916751618e2a45cb8d47a80 -> 
  custom:scripting/monoscript/fileName/SerializedPropertyHelper.cs: b04ac165255e34bc2935ca9bf180e209 -> 
  custom:scripting/monoscript/fileName/CinemachineFramingTransposer.cs: 7943c9d436748359882d8f978cf86c91 -> 
  custom:scripting/monoscript/fileName/AxisState.cs: 1a494a66d8b9a58f4a6873f89bf5b094 -> 
  custom:scripting/monoscript/fileName/CinemachineClearShot.cs: 1da15f5c7903497ce3ae982ee4ee4779 -> 
  custom:scripting/monoscript/fileName/CinemachinePOVEditor.cs: 71db5a9242a182995b4ca15db516f628 -> 
  custom:scripting/monoscript/fileName/CinemachineMixer.cs: 2e36eb9e732dd7c8a32e8f83daebd6f4 -> 
  custom:scripting/monoscript/fileName/CinemachineConfiner.cs: 3813336c17662a5cb6b59ce5f1954254 -> 
  custom:video-codec-MediaFoundation-h265: 746d11721c4dcdbdad8f713fa42b33f4 -> 
  custom:scripting/monoscript/fileName/CinemachineBrain.cs: 365b4e0b6319f064062e97b8f8e32c8e -> 
  custom:scripting/monoscript/fileName/CinemachineImpulseDefinitionPropertyDrawer.cs: 1b2fc77b0a80a7e0e9045e0d44fb761c -> 
  custom:scripting/monoscript/fileName/CinemachineColliderPrefs.cs: 47106451d4685409820905badf49b71f -> 
  custom:scripting/monoscript/fileName/CinemachineFollowZoom.cs: eb74e2e98d3dc4647324e113f34710ca -> 
  custom:scripting/monoscript/fileName/CinemachineDebug.cs: 3077ed3b64725184c652d4c07ac732fd -> 
  custom:scripting/monoscript/fileName/CinemachineLensPresets.cs: 014747fb0ab87178c677520d0bf20bf7 -> 
  custom:video-decoder-ogg-theora: a1e56fd34408186e4bbccfd4996cb3dc -> 
  custom:scripting/monoscript/fileName/CinemachineCameraOffset.cs: a6887f67d3eb83cc6393b822d4e65121 -> 
  custom:scripting/monoscript/fileName/ICinemachineCamera.cs: 2faad4f04eaf5d98c2870adbfb06184e -> 
  custom:scripting/monoscript/fileName/CinemachineShotPlayable.cs: e346ad1ecb4af45da55274cb9abd9ec0 -> 
  custom:scripting/monoscript/fileName/CinemachineTagFieldPropertyDrawer.cs: e78491a12decd558a49d01cc583bfcfb -> 
  custom:framework-win-MediaFoundation: 216162199b28c13a410421893ffa2e32 -> 
  custom:scripting/monoscript/fileName/CinemachineVolumeSettings.cs: 22782cc3dbf8dfd1cb54e8486f29fe0d -> 
  custom:scripting/monoscript/fileName/CinemachineImpulseSourceEditor.cs: 0ef7804c69c18838aa65e6d5bae5b055 -> 
  custom:scripting/monoscript/fileName/CinemachineExternalCameraEditor.cs: d74df442250b898c9b40669a19100e9d -> 
  custom:scripting/monoscript/fileName/CinemachineTargetGroupEditor.cs: f70ac85df8c1c9bd0b83a35534bafd1f -> 
  custom:scripting/monoscript/fileName/CinemachineRecomposer.cs: 07354cca81f7d0775b027b5906330569 -> 
  custom:scripting/monoscript/fileName/CinemachineTransposer.cs: aa226dd144b3a977b86ea888b85df5fa -> 
  custom:scripting/monoscript/fileName/TargetPositionCache.cs: 49ce97e6930a536b43825141e0c2d3a4 -> 
  custom:scripting/monoscript/fileName/CinemachineExternalCamera.cs: d76122377115c288d881064c3f07a3f1 -> 
  custom:scripting/monoscript/fileName/ReflectionHelpers.cs: 60a5d38af3e775d0a421a7ff630d61cc -> 
  custom:scripting/monoscript/fileName/CinemachineVirtualCamera.cs: f16f2dc5bc1261579875c19605c45301 -> 
  custom:scripting/monoscript/fileName/Predictor.cs: d51584936cb5b31b30ee7b444e03385b -> 
  custom:scripting/monoscript/fileName/CinemachineOrbitalTransposerEditor.cs: 5ea2e4bec7ee6c24917bd86647f4bffa -> 
  custom:scripting/monoscript/fileName/CinemachineConfiner2DEditor.cs: 3f4b3d9b17ff5cd560135aa24f822994 -> 
  custom:scripting/monoscript/fileName/GroupWeightManipulator.cs: 588749cf3436a8199e762a8e09bc8de7 -> 
  custom:scripting/monoscript/fileName/AxisStatePropertyDrawer.cs: 2d807695a513641e771c78e6c342ff04 -> 
  custom:scripting/monoscript/fileName/CinemachineScreenComposerGuides.cs: cdc7ea02ccc4c8d1561d98d16760d1ca -> 
  custom:scripting/monoscript/fileName/CinemachinePropertyAttribute.cs: e8158d9725ac3a9129a08e46a4ff7519 -> 
  custom:scripting/monoscript/fileName/CinemachineVirtualCameraEditor.cs: 2e051d0c474634e907fe4123d6e2656e -> 
  custom:scripting/monoscript/fileName/CinemachineSettings.cs: 197f6d5ad32e253546b5afa056a5bba4 -> 
  custom:scripting/monoscript/fileName/CinemachineNoiseSettingsEditor.cs: 9056e69d9c759ba2504535054fff31c9 -> 
  custom:scripting/monoscript/fileName/CinemachineTriggerAction.cs: cab9c5d02c28af05797c2c3743539bdb -> 
  custom:scripting/monoscript/fileName/InspectorUtility.cs: d2444697ecf5f370ee1ff9969e9d66f8 -> 1cf92e4af45cb9e9886ec49564b001a9
  custom:CustomObjectIndexerAttribute: 9a22284fe3817be447336de3de66b15e -> 
  custom:scripting/monoscript/fileName/CinemachineBlenderSettingsEditor.cs: c57aa7de12bc3e7367ca091f4902c67b -> 
  custom:scripting/precompiled-assembly-types:Cinemachine: 54c8b091bb91c32bfeada952c9c53e21 -> 
  custom:scripting/monoscript/fileName/CinemachineImpulseDefinition.cs: 3d434086a2bdaf715abf85e79e9f14b4 -> 
  custom:scripting/precompiled-assembly-types:com.unity.cinemachine.editor: e24bde9f61664824443e2ae04112f2bb -> 
  custom:scripting/monoscript/fileName/Cinemachine3rdPersonFollowEditor.cs: f79aa162534f81c680877e6274b5d6ec -> 
  custom:scripting/monoscript/fileName/EmbeddedAssetPropertyDrawer.cs: fd7ebc18093de04c88d0cfc86fb060f5 -> 
  custom:container-demuxer-webm: 4f35f7cbe854078d1ac9338744f61a02 -> 
  custom:scripting/monoscript/fileName/ConfinerOven.cs: ff23c03e90b61beb34474fc6e4ff668c -> 
  custom:scripting/monoscript/fileName/WaveformWindow.cs: 01bbc4fc017d41a2bab7fb57c988e8da -> 
  custom:scripting/monoscript/fileName/CinemachinePipeline.cs: 6ca7a5979a0a73ea1d450a8fc9b437ef -> 
  custom:scripting/monoscript/fileName/VcamStageEditor.cs: 84b0eaf932b448975a99972628e556d8 -> 
  custom:scripting/monoscript/fileName/CinemachineFramingTransposerEditor.cs: 1653e1c00b2ca68b1d40f01e5bfb8445 -> 
  custom:scripting/monoscript/fileName/CinemachineStateDrivenCameraEditor.cs: 77d9f0a97385f936d9b4ffaa686bce39 -> 
  custom:scripting/monoscript/fileName/OrbitalTransposerHeadingPropertyDrawer.cs: 22496b76ce84f35f630c90badc4babd8 -> 
  custom:scripting/monoscript/fileName/CinemachinePathEditor.cs: ce10985fbf0e018e2dea63fedae131ba -> 
  custom:scripting/monoscript/fileName/CinemachineCollider.cs: 8fa92f525b1c31cd81812685d7f8c288 -> 
  custom:scripting/monoscript/fileName/CinemachineCollisionImpulseSourceEditor.cs: 29f9a522ec6b23375849ba08fd597c8d -> 
  custom:scripting/monoscript/fileName/CinemachineInputProvider.cs: ecb845de690695f08b3b3bb647cc7006 -> 
  custom:scripting/monoscript/fileName/CinemachineColliderEditor.cs: 859d1abbd669ee84cb713f6d4d0e1c5f -> 
  custom:scripting/monoscript/fileName/CinemachineExtension.cs: 6968db4afcdc301f6acb1ef4fbadb2f4 -> 
  custom:scripting/monoscript/fileName/CinemachineTargetGroup.cs: 10a09aa736b3a25da6dd9fc3c4dd9d36 -> 
  custom:scripting/monoscript/fileName/EmbeddedAssetHelpers.cs: 90647cc400823b41df847a6cbfc29026 -> 
  custom:scripting/monoscript/fileName/CinemachineBlendListCamera.cs: 66104ac24fef171d9f5d5b93a8cb2f83 -> 
  custom:scripting/monoscript/fileName/CinemachineComponentBase.cs: 5293f153c13e9bd2fc262ec31ff69206 -> 
  custom:scripting/monoscript/fileName/BaseEditor.cs: 90647cc400823b41df847a6cbfc29026 -> 
  custom:container-muxer-webm: aa71ff27fc2769a1b78a27578f13a17b -> 
  custom:video-decoder-webm-vp8: 9c59270c3fd7afecdb556c50c9e8de78 -> 
  custom:scripting/monoscript/fileName/CinemachineHardLookAt.cs: 792580aec23d39bcecd7ceea4c27a0ce -> 
  custom:scripting/monoscript/fileName/CinemachineInputAxisDriver.cs: 7e424e54660fed310c58dc98ea41042e -> 
  custom:scripting/monoscript/fileName/CinemachineStoryboardEditor.cs: 2e7ec8bfb72013eaaff4873a27da019c -> 
  custom:scripting/monoscript/fileName/CinemachineBasicMultiChannelPerlin.cs: bd5416e75860cd63657371207eb79058 -> 
  custom:SearchIndexIgnoredProperties: e643bd26f0fe6173181afceb89e7c659 -> 
  custom:AudioImporter_EditorPlatform: d09bf68614088b80899f8185d706f6e7 -> 
  custom:scripting/monoscript/fileName/CinemachineMixingCamera.cs: 739c5ceb76c01023f431794ec46a0177 -> 
  custom:scripting/monoscript/fileName/CinemachinePath.cs: b443d3c8837a65ddc3c78741cd58ec71 -> 
  custom:scripting/monoscript/fileName/CinemachineImpulseListenerEditor.cs: d5d28e418f87c111bce1c1b98f1f70ba -> 
  custom:scripting/monoscript/fileName/Avoider.cs: ae32a89b624ae2a4ae1c49a2b33fb966 -> 
  custom:scripting/monoscript/fileName/CinemachineDollyCart.cs: bbe9d07f4a2f7ee5ab002e66cb05f922 -> 
  custom:scripting/monoscript/fileName/CinemachineStoryboard.cs: 59a2099f76be9b47af1e12ed7d40f553 -> 
  custom:scripting/monoscript/fileName/CinemachinePixelPerfect.cs: 2f42bea4517739481ed2553d1616050e -> 
  custom:scripting/monoscript/fileName/CinemachineTrackedDolly.cs: f6a9c21b27ad86d45f62f6b444ccbb49 -> 
  custom:scripting/monoscript/fileName/CinemachineHardLookAtEditor.cs: 15b8f2af6a6d786898ce5dd6b0db26dc -> 
  custom:scripting/monoscript/fileName/CinemachineComposer.cs: e399dfd36807c341da7cd182ce299d1e -> 
  custom:scripting/monoscript/fileName/CinemachineTrack.cs: 4b50d47d507c57dc81b82253ec075194 -> 
  custom:scripting/monoscript/fileName/CinemachineSmoothPathEditor.cs: 7555bcba4eb760e012dd21c6730ae562 -> 
  custom:scripting/monoscript/fileName/ScriptableObjectUtility.cs: c529d074f6f57a07e3f410d488963bbc -> 
  custom:scripting/monoscript/fileName/CinemachineOrbitalTransposer.cs: 71c52878ba6d43827473a480056a99da -> 
  custom:scripting/monoscript/fileName/CinemachinePathBase.cs: debb99764287c54cae06313e2d6a1fe1 -> 
  custom:scripting/monoscript/fileName/CinemachineImpulseSource.cs: ac073b8453e26c5dd422d5f1a90a7ff2 -> 
  custom:scripting/monoscript/fileName/CinemachineImpulseEnvelopePropertyDrawer.cs: 07e00c9c84964a5c7e4f3f19e4263ec1 -> 
  custom:scripting/monoscript/fileName/SplineHelpers.cs: 9e5bf4293b3828088291b7871e233a27 -> 
  custom:scripting/monoscript/fileName/CinemachineSameAsFollowTargetEditor.cs: 6def40fc1e39b3242347b6630fb5127e -> 
  custom:scripting/monoscript/fileName/CinemachineBlendListCameraEditor.cs: dbc12d2a9f3e2999a067290c411b2aca -> 
  custom:scripting/monoscript/fileName/CinemachineShot.cs: 3d4d9d05534db20e82d871d98ea52716 -> 
  custom:scripting/monoscript/fileName/UnityVectorExtensions.cs: 052777772edecdffe26d41a6a989641e -> 
  custom:scripting/monoscript/fileName/CinemachineBasicMultiChannelPerlinEditor.cs: d6749cd6c482efa27bdd41f60394f1b9 -> 
  custom:scripting/monoscript/fileName/CinemachineImpulseChannels.cs: a9a39cc5ecea1f083db0fce154eec19c -> 
  custom:scripting/monoscript/fileName/CinemachineHardLockToTarget.cs: d349308c5b4f600a345055c394206f52 -> 
  custom:scripting/monoscript/fileName/CinemachineConfiner2D.cs: beb10be0db8ff9d3a94bd0a150963b9b -> 
  custom:scripting/monoscript/fileName/LensSettings.cs: 4335e899502c57ee4480b8c9aa915366 -> 
  custom:scripting/monoscript/fileName/Cinemachine3rdPersonAim.cs: 4bd230d915f070bb3cae23bef6f7ab70 -> 
  custom:scripting/monoscript/fileName/CinemachineImpulseListener.cs: 6aac146243d38e7a67346170caa40ea1 -> 
  custom:video-encoder-webm-vp8: eb34c28f22e8b96e1ab97ce403110664 -> 
  custom:scripting/monoscript/fileName/CinemachineMenu.cs: 7b932811d9fa1e44d0d8b2b9ed75adf3 -> 
  custom:scripting/monoscript/fileName/RuntimeUtility.cs: 8c92a9f673836e5d2084dbeb0f10159f -> 
  custom:scripting/monoscript/fileName/CinemachineFreeLook.cs: bebc32b18bc4beddc113bad68624e557 -> 
  custom:audio-decoder-ogg-vorbis: bf7c407c2cedff20999df2af8eb42d56 -> 
  custom:scripting/monoscript/fileName/CinemachineGroupComposer.cs: 173a689a80ef321c302f9c045419668f -> 
  custom:scripting/monoscript/fileName/CinemachineVirtualCameraBase.cs: c7e60cccdcb14ee2a33da9fd46c1c54f -> 
  custom:scripting/monoscript/fileName/CinemachineFixedSignal.cs: aedcdca7a861da6e456e0ae105b24c41 -> 
  custom:scripting/monoscript/fileName/CinemachineShotClipEditor.cs: 123a48531bf1d1b4f3c8398556caec62 -> 
  custom:scripting/monoscript/fileName/CinemachineTouchInputMapper.cs: b9698729a07a7d31c864247e0582b566 -> 
  custom:scripting/monoscript/fileName/CinemachinePOV.cs: e4df06d1994174afa286b103eb06ee7f -> 
  custom:scripting/monoscript/fileName/CinemachineBlend.cs: f33659d50c4d86144d649aa7e8196529 -> 
  custom:scripting/monoscript/fileName/CinemachineFreeLookEditor.cs: 9641291977c1891a004ac4c4c259e1c8 -> 
  custom:scripting/monoscript/fileName/CinemachineTransposerEditor.cs: 85841a774ddea4fb7232a7a585f716b4 -> 
  custom:scripting/monoscript/fileName/clipper.cs: 2a50e35a835148907b3c1fa8e187ab2b -> 
  custom:scripting/monoscript/fileName/NoiseSettings.cs: 443d576e0c72ab62870476103c9384ec -> 
  custom:scripting/monoscript/fileName/GaussianFilter.cs: 0a3672ebe80edf7c5daca82445c15683 -> 
  custom:scripting/monoscript/fileName/CinemachineSceneTools.cs: d63880a6073ab3335301b115db235b5b -> 
  custom:scripting/monoscript/fileName/CinemachineTriggerActionEditor.cs: 2309a2ec6192ace4cae8bab5a535978e -> 
  custom:scripting/monoscript/fileName/VcamTargetPropertyDrawer.cs: 9208050b1312b118a226fef2d63e8fa1 -> 
  custom:scripting/monoscript/fileName/CinemachineCollisionImpulseSource.cs: 9aae5e368cb7786be199f98f2122f96d -> 
  custom:scripting/monoscript/fileName/CinemachineClearShotEditor.cs: ca8875b47e775cd361c78158d7923690 -> 
  custom:scripting/monoscript/fileName/CinemachineEditorAnalytics.cs: de76cc292d7ecedcf47af6616498c9f9 -> 
  custom:scripting/monoscript/fileName/NoiseSettingsPropertyDrawer.cs: 8d3f69ba7eeec63914970bd3136b6ace -> 
  custom:scripting/monoscript/fileName/CinemachineBrainEditor.cs: 49621d8b7679c0b5d128fef53d55becd -> 
  custom:scripting/monoscript/fileName/CinemachineShotEditor.cs: 2ba28b209a4ad7f0a791994d2360a9af -> 
  custom:scripting/monoscript/fileName/PlayerMovement.cs: 42480eed24e61f9d7e7e895933644f96 -> 
  custom:scripting/monoscript/fileName/CinemachineHardLockToTargetEditor.cs: c65eaafd47115974a2a9379aae467b0e -> 
  custom:audio-encoder-webm-vorbis: bf7c407c2cedff20999df2af8eb42d56 -> 
  custom:scripting/monoscript/fileName/CameraState.cs: 6ae7088fa20820e052d1e4d86059e90b -> 
  custom:scripting/monoscript/fileName/CinemachineToolbarOverlay.cs: 371b6fc494252d6fda34e207e170cb66 -> 
  custom:scripting/monoscript/fileName/CinemachineIndependentImpulseListener.cs: 91ae8748b9c36955c333e57505ff90fb -> 
  custom:scripting/monoscript/fileName/CinemachineMixingCameraEditor.cs: 1c122a21d710512fec62cdc7bd351681 -> 
  custom:scripting/monoscript/fileName/CinemachinePostProcessing.cs: bf9b100a1b61fd5383288bc96487c194 -> 
  custom:scripting/monoscript/fileName/CinemachineSameAsFollowTarget.cs: bcfa2d394e1e5460b4ef3dc039214a16 -> 
  custom:scripting/monoscript/fileName/CinemachineVirtualCameraBaseEditor.cs: 13ee4931cd85df4b22852d0547b5e690 -> 
  custom:scripting/monoscript/fileName/UpdateTracker.cs: 3dac8a24a32a32e4bbfeb38ed26ef250 -> 
  custom:scripting/monoscript/fileName/CinemachineComposerEditor.cs: dda533b9c6cb2b366292f584704bd904 -> 
  custom:scripting/monoscript/fileName/Cinemachine3rdPersonFollow.cs: 4600bac2bdf6b37d80e86f9aa5a413c3 -> 
  custom:scripting/precompiled-assembly-types:Assembly-CSharp: e66928de38364bb08ef9436b3612de99 -> 
  custom:scripting/monoscript/fileName/SaveDuringPlay.cs: de39f1962b337699845d3d8a2e8f5bde -> 
========================================================================
Received Import Request.
  Time since last request: 428.443646 seconds.
  path: ProjectSettings/TagManager.asset
  artifactKey: Guid(00000000000000003000000000000000) Importer(815301076,1909f56bfc062723c751e8b465ee728b)
Start importing ProjectSettings/TagManager.asset using Guid(00000000000000003000000000000000) Importer(815301076,1909f56bfc062723c751e8b465ee728b) [PhysX] Initialized MultithreadedTaskDispatcher with 32 workers.
 -> (artifact id: 'a2ed4f3eafcc2bc862c440eaeb831565') in 0.007841 seconds
Number of updated asset objects reloaded before import = 0
Number of asset objects unloaded after import = 0
========================================================================
Received Import Request.
  Time since last request: 191.584120 seconds.
  path: Assets/PlayerMovement.cs
  artifactKey: Guid(7fd75167a49a05d4abdbcf30df855f64) Importer(815301076,1909f56bfc062723c751e8b465ee728b)
Start importing Assets/PlayerMovement.cs using Guid(7fd75167a49a05d4abdbcf30df855f64) Importer(815301076,1909f56bfc062723c751e8b465ee728b) [PhysX] Initialized MultithreadedTaskDispatcher with 32 workers.
 -> (artifact id: 'ea4320d70ab9e2b52901b62b3cf32db5') in 0.000781 seconds
Number of updated asset objects reloaded before import = 0
Number of asset objects unloaded after import = 0
========================================================================
Received Prepare
Caller must complete domain reload
Begin MonoManager ReloadAssembly
- Loaded All Assemblies, in  0.264 seconds
Native extension for WindowsStandalone target not found
Mono: successfully reloaded assembly
- Finished resetting the current domain, in  0.615 seconds
Domain Reload Profiling: 877ms
	BeginReloadAssembly (92ms)
		ExecutionOrderSort (0ms)
		DisableScriptedObjects (3ms)
		BackupInstance (0ms)
		ReleaseScriptingObjects (0ms)
		CreateAndSetChildDomain (17ms)
	RebuildCommonClasses (18ms)
	RebuildNativeTypeToScriptingClass (6ms)
	initialDomainReloadingComplete (16ms)
	LoadAllAssembliesAndSetupDomain (130ms)
		LoadAssemblies (163ms)
		RebuildTransferFunctionScriptingTraits (0ms)
		AnalyzeDomain (16ms)
			TypeCache.Refresh (6ms)
				TypeCache.ScanAssembly (0ms)
			ScanForSourceGeneratedMonoScriptInfo (4ms)
			ResolveRequiredComponents (4ms)
	FinalizeReload (615ms)
		ReleaseScriptCaches (0ms)
		RebuildScriptCaches (0ms)
		SetupLoadedEditorAssemblies (227ms)
			LogAssemblyErrors (0ms)
			InitializePlatformSupportModulesInManaged (3ms)
			SetLoadedEditorAssemblies (2ms)
			RefreshPlugins (0ms)
			BeforeProcessingInitializeOnLoad (32ms)
			ProcessInitializeOnLoadAttributes (177ms)
			ProcessInitializeOnLoadMethodAttributes (11ms)
			AfterProcessingInitializeOnLoad (2ms)
			EditorAssembliesLoaded (0ms)
		ExecutionOrderSort2 (0ms)
		AwakeInstancesAfterBackupRestoration (5ms)
Refreshing native plugins compatible for Editor in 2.33 ms, found 3 plugins.
Preloading 0 native plugins for Editor in 0.00 ms.
Unloading 3390 Unused Serialized files (Serialized files now loaded: 0)
Unloading 16 unused Assets / (124.5 KB). Loaded Objects now: 3969.
Memory consumption went from 130.0 MB to 129.9 MB.
Total: 1.818600 ms (FindLiveObjects: 0.153800 ms CreateObjectMapping: 0.041400 ms MarkObjects: 1.557400 ms  DeleteObjects: 0.065400 ms)

Prepare: number of updated asset objects reloaded= 0
AssetImportParameters requested are different than current active one (requested -> active):
  custom:scripting/monoscript/fileName/CinemachineGroupComposerEditor.cs: 54a07f36704e77a685a5e7e8c8b2c216 -> 
  custom:scripting/monoscript/fileName/CinemachineConfinerEditor.cs: cc6c898a3390647ab91613c8a96de4b4 -> 
  custom:scripting/monoscript/fileName/CinemachineBlendDefinitionPropertyDrawer.cs: 7ae344d19d646b738f3c65294becf216 -> 
  custom:scripting/monoscript/fileName/CinemachineTrackedDollyEditor.cs: b4d6784c58752cea58aafd9a76ca4459 -> 
  custom:scripting/monoscript/fileName/CinemachineImpulseManager.cs: c34be3577a810e26fd0110c580799b88 -> 
  custom:scripting/monoscript/fileName/CinemachineSmoothPath.cs: c28db2688f35d70587b5f943431a010a -> 
  custom:scripting/monoscript/fileName/CinemachineStateDrivenCamera.cs: aea2468a7384be4ba6d1b043ccec135d -> 
  custom:container-demuxer-ogg: 62fdf1f143b41e24485cea50d1cbac27 -> 
  custom:scripting/monoscript/fileName/CinemachineBlenderSettings.cs: 9adcb80668a56be4cd8e31c1d3dc60ae -> 
  custom:scripting/monoscript/fileName/SignalSourceAsset.cs: f7ffd463dece56bad278f5a8d3ed7fc6 -> 
  custom:scripting/monoscript/fileName/CinemachineCore.cs: fe6c3be993819098833de1628bfd76b2 -> 
  custom:scripting/monoscript/fileName/CinemachineImpulseChannelPropertyDrawer.cs: 4b6390a17916751618e2a45cb8d47a80 -> 
  custom:scripting/monoscript/fileName/SerializedPropertyHelper.cs: b04ac165255e34bc2935ca9bf180e209 -> 
  custom:scripting/monoscript/fileName/CinemachineFramingTransposer.cs: 7943c9d436748359882d8f978cf86c91 -> 
  custom:scripting/monoscript/fileName/AxisState.cs: 1a494a66d8b9a58f4a6873f89bf5b094 -> 
  custom:scripting/monoscript/fileName/CinemachineClearShot.cs: 1da15f5c7903497ce3ae982ee4ee4779 -> 
  custom:scripting/monoscript/fileName/CinemachinePOVEditor.cs: 71db5a9242a182995b4ca15db516f628 -> 
  custom:scripting/monoscript/fileName/CinemachineMixer.cs: 2e36eb9e732dd7c8a32e8f83daebd6f4 -> 
  custom:scripting/monoscript/fileName/CinemachineConfiner.cs: 3813336c17662a5cb6b59ce5f1954254 -> 
  custom:video-codec-MediaFoundation-h265: 746d11721c4dcdbdad8f713fa42b33f4 -> 
  custom:scripting/monoscript/fileName/CinemachineBrain.cs: 365b4e0b6319f064062e97b8f8e32c8e -> 
  custom:scripting/monoscript/fileName/CinemachineImpulseDefinitionPropertyDrawer.cs: 1b2fc77b0a80a7e0e9045e0d44fb761c -> 
  custom:scripting/monoscript/fileName/CinemachineColliderPrefs.cs: 47106451d4685409820905badf49b71f -> 
  custom:scripting/monoscript/fileName/CinemachineFollowZoom.cs: eb74e2e98d3dc4647324e113f34710ca -> 
  custom:scripting/monoscript/fileName/CinemachineDebug.cs: 3077ed3b64725184c652d4c07ac732fd -> 
  custom:scripting/monoscript/fileName/CinemachineLensPresets.cs: 014747fb0ab87178c677520d0bf20bf7 -> 
  custom:video-decoder-ogg-theora: a1e56fd34408186e4bbccfd4996cb3dc -> 
  custom:scripting/monoscript/fileName/CinemachineCameraOffset.cs: a6887f67d3eb83cc6393b822d4e65121 -> 
  custom:scripting/monoscript/fileName/ICinemachineCamera.cs: 2faad4f04eaf5d98c2870adbfb06184e -> 
  custom:scripting/monoscript/fileName/CinemachineShotPlayable.cs: e346ad1ecb4af45da55274cb9abd9ec0 -> 
  custom:scripting/monoscript/fileName/CinemachineTagFieldPropertyDrawer.cs: e78491a12decd558a49d01cc583bfcfb -> 
  custom:framework-win-MediaFoundation: 216162199b28c13a410421893ffa2e32 -> 
  custom:scripting/monoscript/fileName/CinemachineVolumeSettings.cs: 22782cc3dbf8dfd1cb54e8486f29fe0d -> 
  custom:scripting/monoscript/fileName/CinemachineImpulseSourceEditor.cs: 0ef7804c69c18838aa65e6d5bae5b055 -> 
  custom:scripting/monoscript/fileName/CinemachineExternalCameraEditor.cs: d74df442250b898c9b40669a19100e9d -> 
  custom:scripting/monoscript/fileName/CinemachineTargetGroupEditor.cs: f70ac85df8c1c9bd0b83a35534bafd1f -> 
  custom:scripting/monoscript/fileName/CinemachineRecomposer.cs: 07354cca81f7d0775b027b5906330569 -> 
  custom:scripting/monoscript/fileName/CinemachineTransposer.cs: aa226dd144b3a977b86ea888b85df5fa -> 
  custom:scripting/monoscript/fileName/TargetPositionCache.cs: 49ce97e6930a536b43825141e0c2d3a4 -> 
  custom:scripting/monoscript/fileName/CinemachineExternalCamera.cs: d76122377115c288d881064c3f07a3f1 -> 
  custom:scripting/monoscript/fileName/ReflectionHelpers.cs: 60a5d38af3e775d0a421a7ff630d61cc -> 
  custom:scripting/monoscript/fileName/CinemachineVirtualCamera.cs: f16f2dc5bc1261579875c19605c45301 -> 
  custom:scripting/monoscript/fileName/Predictor.cs: d51584936cb5b31b30ee7b444e03385b -> 
  custom:scripting/monoscript/fileName/CinemachineOrbitalTransposerEditor.cs: 5ea2e4bec7ee6c24917bd86647f4bffa -> 
  custom:scripting/monoscript/fileName/CinemachineConfiner2DEditor.cs: 3f4b3d9b17ff5cd560135aa24f822994 -> 
  custom:scripting/monoscript/fileName/GroupWeightManipulator.cs: 588749cf3436a8199e762a8e09bc8de7 -> 
  custom:scripting/monoscript/fileName/AxisStatePropertyDrawer.cs: 2d807695a513641e771c78e6c342ff04 -> 
  custom:scripting/monoscript/fileName/CinemachineScreenComposerGuides.cs: cdc7ea02ccc4c8d1561d98d16760d1ca -> 
  custom:scripting/monoscript/fileName/CinemachinePropertyAttribute.cs: e8158d9725ac3a9129a08e46a4ff7519 -> 
  custom:scripting/monoscript/fileName/CinemachineVirtualCameraEditor.cs: 2e051d0c474634e907fe4123d6e2656e -> 
  custom:scripting/monoscript/fileName/CinemachineSettings.cs: 197f6d5ad32e253546b5afa056a5bba4 -> 
  custom:scripting/monoscript/fileName/CinemachineNoiseSettingsEditor.cs: 9056e69d9c759ba2504535054fff31c9 -> 
  custom:scripting/monoscript/fileName/CinemachineTriggerAction.cs: cab9c5d02c28af05797c2c3743539bdb -> 
  custom:scripting/monoscript/fileName/InspectorUtility.cs: d2444697ecf5f370ee1ff9969e9d66f8 -> 1cf92e4af45cb9e9886ec49564b001a9
  custom:CustomObjectIndexerAttribute: 9a22284fe3817be447336de3de66b15e -> 
  custom:scripting/monoscript/fileName/CinemachineBlenderSettingsEditor.cs: c57aa7de12bc3e7367ca091f4902c67b -> 
  custom:scripting/precompiled-assembly-types:Cinemachine: 54c8b091bb91c32bfeada952c9c53e21 -> 
  custom:scripting/monoscript/fileName/CinemachineImpulseDefinition.cs: 3d434086a2bdaf715abf85e79e9f14b4 -> 
  custom:scripting/precompiled-assembly-types:com.unity.cinemachine.editor: e24bde9f61664824443e2ae04112f2bb -> 
  custom:scripting/monoscript/fileName/Cinemachine3rdPersonFollowEditor.cs: f79aa162534f81c680877e6274b5d6ec -> 
  custom:scripting/monoscript/fileName/EmbeddedAssetPropertyDrawer.cs: fd7ebc18093de04c88d0cfc86fb060f5 -> 
  custom:container-demuxer-webm: 4f35f7cbe854078d1ac9338744f61a02 -> 
  custom:scripting/monoscript/fileName/ConfinerOven.cs: ff23c03e90b61beb34474fc6e4ff668c -> 
  custom:scripting/monoscript/fileName/WaveformWindow.cs: 01bbc4fc017d41a2bab7fb57c988e8da -> 
  custom:scripting/monoscript/fileName/CinemachinePipeline.cs: 6ca7a5979a0a73ea1d450a8fc9b437ef -> 
  custom:scripting/monoscript/fileName/VcamStageEditor.cs: 84b0eaf932b448975a99972628e556d8 -> 
  custom:scripting/monoscript/fileName/CinemachineFramingTransposerEditor.cs: 1653e1c00b2ca68b1d40f01e5bfb8445 -> 
  custom:scripting/monoscript/fileName/CinemachineStateDrivenCameraEditor.cs: 77d9f0a97385f936d9b4ffaa686bce39 -> 
  custom:scripting/monoscript/fileName/OrbitalTransposerHeadingPropertyDrawer.cs: 22496b76ce84f35f630c90badc4babd8 -> 
  custom:scripting/monoscript/fileName/CinemachinePathEditor.cs: ce10985fbf0e018e2dea63fedae131ba -> 
  custom:scripting/monoscript/fileName/CinemachineCollider.cs: 8fa92f525b1c31cd81812685d7f8c288 -> 
  custom:scripting/monoscript/fileName/CinemachineCollisionImpulseSourceEditor.cs: 29f9a522ec6b23375849ba08fd597c8d -> 
  custom:scripting/monoscript/fileName/CinemachineInputProvider.cs: ecb845de690695f08b3b3bb647cc7006 -> 
  custom:scripting/monoscript/fileName/CinemachineColliderEditor.cs: 859d1abbd669ee84cb713f6d4d0e1c5f -> 
  custom:scripting/monoscript/fileName/CinemachineExtension.cs: 6968db4afcdc301f6acb1ef4fbadb2f4 -> 
  custom:scripting/monoscript/fileName/CinemachineTargetGroup.cs: 10a09aa736b3a25da6dd9fc3c4dd9d36 -> 
  custom:scripting/monoscript/fileName/EmbeddedAssetHelpers.cs: 90647cc400823b41df847a6cbfc29026 -> 
  custom:scripting/monoscript/fileName/CinemachineBlendListCamera.cs: 66104ac24fef171d9f5d5b93a8cb2f83 -> 
  custom:scripting/monoscript/fileName/CinemachineComponentBase.cs: 5293f153c13e9bd2fc262ec31ff69206 -> 
  custom:scripting/monoscript/fileName/BaseEditor.cs: 90647cc400823b41df847a6cbfc29026 -> 
  custom:container-muxer-webm: aa71ff27fc2769a1b78a27578f13a17b -> 
  custom:video-decoder-webm-vp8: 9c59270c3fd7afecdb556c50c9e8de78 -> 
  custom:scripting/monoscript/fileName/CinemachineHardLookAt.cs: 792580aec23d39bcecd7ceea4c27a0ce -> 
  custom:scripting/monoscript/fileName/CinemachineInputAxisDriver.cs: 7e424e54660fed310c58dc98ea41042e -> 
  custom:scripting/monoscript/fileName/CinemachineStoryboardEditor.cs: 2e7ec8bfb72013eaaff4873a27da019c -> 
  custom:scripting/monoscript/fileName/CinemachineBasicMultiChannelPerlin.cs: bd5416e75860cd63657371207eb79058 -> 
  custom:SearchIndexIgnoredProperties: e643bd26f0fe6173181afceb89e7c659 -> 
  custom:AudioImporter_EditorPlatform: d09bf68614088b80899f8185d706f6e7 -> 
  custom:scripting/monoscript/fileName/CinemachineMixingCamera.cs: 739c5ceb76c01023f431794ec46a0177 -> 
  custom:scripting/monoscript/fileName/CinemachinePath.cs: b443d3c8837a65ddc3c78741cd58ec71 -> 
  custom:scripting/monoscript/fileName/CinemachineImpulseListenerEditor.cs: d5d28e418f87c111bce1c1b98f1f70ba -> 
  custom:scripting/monoscript/fileName/Avoider.cs: ae32a89b624ae2a4ae1c49a2b33fb966 -> 
  custom:scripting/monoscript/fileName/CinemachineDollyCart.cs: bbe9d07f4a2f7ee5ab002e66cb05f922 -> 
  custom:scripting/monoscript/fileName/CinemachineStoryboard.cs: 59a2099f76be9b47af1e12ed7d40f553 -> 
  custom:scripting/monoscript/fileName/CinemachinePixelPerfect.cs: 2f42bea4517739481ed2553d1616050e -> 
  custom:scripting/monoscript/fileName/CinemachineTrackedDolly.cs: f6a9c21b27ad86d45f62f6b444ccbb49 -> 
  custom:scripting/monoscript/fileName/CinemachineHardLookAtEditor.cs: 15b8f2af6a6d786898ce5dd6b0db26dc -> 
  custom:scripting/monoscript/fileName/CinemachineComposer.cs: e399dfd36807c341da7cd182ce299d1e -> 
  custom:scripting/monoscript/fileName/CinemachineTrack.cs: 4b50d47d507c57dc81b82253ec075194 -> 
  custom:scripting/monoscript/fileName/CinemachineSmoothPathEditor.cs: 7555bcba4eb760e012dd21c6730ae562 -> 
  custom:scripting/monoscript/fileName/ScriptableObjectUtility.cs: c529d074f6f57a07e3f410d488963bbc -> 
  custom:scripting/monoscript/fileName/CinemachineOrbitalTransposer.cs: 71c52878ba6d43827473a480056a99da -> 
  custom:scripting/monoscript/fileName/CinemachinePathBase.cs: debb99764287c54cae06313e2d6a1fe1 -> 
  custom:scripting/monoscript/fileName/CinemachineImpulseSource.cs: ac073b8453e26c5dd422d5f1a90a7ff2 -> 
  custom:scripting/monoscript/fileName/CinemachineImpulseEnvelopePropertyDrawer.cs: 07e00c9c84964a5c7e4f3f19e4263ec1 -> 
  custom:scripting/monoscript/fileName/SplineHelpers.cs: 9e5bf4293b3828088291b7871e233a27 -> 
  custom:scripting/monoscript/fileName/CinemachineSameAsFollowTargetEditor.cs: 6def40fc1e39b3242347b6630fb5127e -> 
  custom:scripting/monoscript/fileName/CinemachineBlendListCameraEditor.cs: dbc12d2a9f3e2999a067290c411b2aca -> 
  custom:scripting/monoscript/fileName/CinemachineShot.cs: 3d4d9d05534db20e82d871d98ea52716 -> 
  custom:scripting/monoscript/fileName/UnityVectorExtensions.cs: 052777772edecdffe26d41a6a989641e -> 
  custom:scripting/monoscript/fileName/CinemachineBasicMultiChannelPerlinEditor.cs: d6749cd6c482efa27bdd41f60394f1b9 -> 
  custom:scripting/monoscript/fileName/CinemachineImpulseChannels.cs: a9a39cc5ecea1f083db0fce154eec19c -> 
  custom:scripting/monoscript/fileName/CinemachineHardLockToTarget.cs: d349308c5b4f600a345055c394206f52 -> 
  custom:scripting/monoscript/fileName/CinemachineConfiner2D.cs: beb10be0db8ff9d3a94bd0a150963b9b -> 
  custom:scripting/monoscript/fileName/LensSettings.cs: 4335e899502c57ee4480b8c9aa915366 -> 
  custom:scripting/monoscript/fileName/Cinemachine3rdPersonAim.cs: 4bd230d915f070bb3cae23bef6f7ab70 -> 
  custom:scripting/monoscript/fileName/CinemachineImpulseListener.cs: 6aac146243d38e7a67346170caa40ea1 -> 
  custom:video-encoder-webm-vp8: eb34c28f22e8b96e1ab97ce403110664 -> 
  custom:scripting/monoscript/fileName/CinemachineMenu.cs: 7b932811d9fa1e44d0d8b2b9ed75adf3 -> 
  custom:scripting/monoscript/fileName/RuntimeUtility.cs: 8c92a9f673836e5d2084dbeb0f10159f -> 
  custom:scripting/monoscript/fileName/CinemachineFreeLook.cs: bebc32b18bc4beddc113bad68624e557 -> 
  custom:audio-decoder-ogg-vorbis: bf7c407c2cedff20999df2af8eb42d56 -> 
  custom:scripting/monoscript/fileName/CinemachineGroupComposer.cs: 173a689a80ef321c302f9c045419668f -> 
  custom:scripting/monoscript/fileName/CinemachineVirtualCameraBase.cs: c7e60cccdcb14ee2a33da9fd46c1c54f -> 
  custom:scripting/monoscript/fileName/CinemachineFixedSignal.cs: aedcdca7a861da6e456e0ae105b24c41 -> 
  custom:scripting/monoscript/fileName/CinemachineShotClipEditor.cs: 123a48531bf1d1b4f3c8398556caec62 -> 
  custom:scripting/monoscript/fileName/CinemachineTouchInputMapper.cs: b9698729a07a7d31c864247e0582b566 -> 
  custom:scripting/monoscript/fileName/CinemachinePOV.cs: e4df06d1994174afa286b103eb06ee7f -> 
  custom:scripting/monoscript/fileName/CinemachineBlend.cs: f33659d50c4d86144d649aa7e8196529 -> 
  custom:scripting/monoscript/fileName/CinemachineFreeLookEditor.cs: 9641291977c1891a004ac4c4c259e1c8 -> 
  custom:scripting/monoscript/fileName/CinemachineTransposerEditor.cs: 85841a774ddea4fb7232a7a585f716b4 -> 
  custom:scripting/monoscript/fileName/clipper.cs: 2a50e35a835148907b3c1fa8e187ab2b -> 
  custom:scripting/monoscript/fileName/NoiseSettings.cs: 443d576e0c72ab62870476103c9384ec -> 
  custom:scripting/monoscript/fileName/GaussianFilter.cs: 0a3672ebe80edf7c5daca82445c15683 -> 
  custom:scripting/monoscript/fileName/CinemachineSceneTools.cs: d63880a6073ab3335301b115db235b5b -> 
  custom:scripting/monoscript/fileName/CinemachineTriggerActionEditor.cs: 2309a2ec6192ace4cae8bab5a535978e -> 
  custom:scripting/monoscript/fileName/VcamTargetPropertyDrawer.cs: 9208050b1312b118a226fef2d63e8fa1 -> 
  custom:scripting/monoscript/fileName/CinemachineCollisionImpulseSource.cs: 9aae5e368cb7786be199f98f2122f96d -> 
  custom:scripting/monoscript/fileName/CinemachineClearShotEditor.cs: ca8875b47e775cd361c78158d7923690 -> 
  custom:scripting/monoscript/fileName/CinemachineEditorAnalytics.cs: de76cc292d7ecedcf47af6616498c9f9 -> 
  custom:scripting/monoscript/fileName/NoiseSettingsPropertyDrawer.cs: 8d3f69ba7eeec63914970bd3136b6ace -> 
  custom:scripting/monoscript/fileName/CinemachineBrainEditor.cs: 49621d8b7679c0b5d128fef53d55becd -> 
  custom:scripting/monoscript/fileName/CinemachineShotEditor.cs: 2ba28b209a4ad7f0a791994d2360a9af -> 
  custom:scripting/monoscript/fileName/PlayerMovement.cs: 42480eed24e61f9d7e7e895933644f96 -> 
  custom:scripting/monoscript/fileName/CinemachineHardLockToTargetEditor.cs: c65eaafd47115974a2a9379aae467b0e -> 
  custom:audio-encoder-webm-vorbis: bf7c407c2cedff20999df2af8eb42d56 -> 
  custom:scripting/monoscript/fileName/CameraState.cs: 6ae7088fa20820e052d1e4d86059e90b -> 
  custom:scripting/monoscript/fileName/CinemachineToolbarOverlay.cs: 371b6fc494252d6fda34e207e170cb66 -> 
  custom:scripting/monoscript/fileName/CinemachineIndependentImpulseListener.cs: 91ae8748b9c36955c333e57505ff90fb -> 
  custom:scripting/monoscript/fileName/CinemachineMixingCameraEditor.cs: 1c122a21d710512fec62cdc7bd351681 -> 
  custom:scripting/monoscript/fileName/CinemachinePostProcessing.cs: bf9b100a1b61fd5383288bc96487c194 -> 
  custom:scripting/monoscript/fileName/CinemachineSameAsFollowTarget.cs: bcfa2d394e1e5460b4ef3dc039214a16 -> 
  custom:scripting/monoscript/fileName/CinemachineVirtualCameraBaseEditor.cs: 13ee4931cd85df4b22852d0547b5e690 -> 
  custom:scripting/monoscript/fileName/UpdateTracker.cs: 3dac8a24a32a32e4bbfeb38ed26ef250 -> 
  custom:scripting/monoscript/fileName/CinemachineComposerEditor.cs: dda533b9c6cb2b366292f584704bd904 -> 
  custom:scripting/monoscript/fileName/Cinemachine3rdPersonFollow.cs: 4600bac2bdf6b37d80e86f9aa5a413c3 -> 
  custom:scripting/precompiled-assembly-types:Assembly-CSharp: e66928de38364bb08ef9436b3612de99 -> 
  custom:scripting/monoscript/fileName/SaveDuringPlay.cs: de39f1962b337699845d3d8a2e8f5bde -> 
========================================================================
Received Prepare
Caller must complete domain reload
Begin MonoManager ReloadAssembly
- Loaded All Assemblies, in  0.275 seconds
Native extension for WindowsStandalone target not found
Mono: successfully reloaded assembly
- Finished resetting the current domain, in  0.599 seconds
Domain Reload Profiling: 873ms
	BeginReloadAssembly (86ms)
		ExecutionOrderSort (0ms)
		DisableScriptedObjects (3ms)
		BackupInstance (0ms)
		ReleaseScriptingObjects (0ms)
		CreateAndSetChildDomain (15ms)
	RebuildCommonClasses (23ms)
	RebuildNativeTypeToScriptingClass (7ms)
	initialDomainReloadingComplete (16ms)
	LoadAllAssembliesAndSetupDomain (141ms)
		LoadAssemblies (178ms)
		RebuildTransferFunctionScriptingTraits (0ms)
		AnalyzeDomain (9ms)
			TypeCache.Refresh (4ms)
				TypeCache.ScanAssembly (0ms)
			ScanForSourceGeneratedMonoScriptInfo (0ms)
			ResolveRequiredComponents (3ms)
	FinalizeReload (599ms)
		ReleaseScriptCaches (0ms)
		RebuildScriptCaches (0ms)
		SetupLoadedEditorAssemblies (257ms)
			LogAssemblyErrors (0ms)
			InitializePlatformSupportModulesInManaged (3ms)
			SetLoadedEditorAssemblies (2ms)
			RefreshPlugins (0ms)
			BeforeProcessingInitializeOnLoad (32ms)
			ProcessInitializeOnLoadAttributes (204ms)
			ProcessInitializeOnLoadMethodAttributes (14ms)
			AfterProcessingInitializeOnLoad (2ms)
			EditorAssembliesLoaded (0ms)
		ExecutionOrderSort2 (0ms)
		AwakeInstancesAfterBackupRestoration (5ms)
Refreshing native plugins compatible for Editor in 2.47 ms, found 3 plugins.
Preloading 0 native plugins for Editor in 0.00 ms.
Unloading 3391 Unused Serialized files (Serialized files now loaded: 0)
Unloading 16 unused Assets / (124.4 KB). Loaded Objects now: 3984.
Memory consumption went from 130.3 MB to 130.2 MB.
Total: 2.312600 ms (FindLiveObjects: 0.171700 ms CreateObjectMapping: 0.047200 ms MarkObjects: 2.003700 ms  DeleteObjects: 0.088800 ms)

Prepare: number of updated asset objects reloaded= 0
AssetImportParameters requested are different than current active one (requested -> active):
  custom:scripting/monoscript/fileName/CinemachineGroupComposerEditor.cs: 54a07f36704e77a685a5e7e8c8b2c216 -> 
  custom:scripting/monoscript/fileName/CinemachineConfinerEditor.cs: cc6c898a3390647ab91613c8a96de4b4 -> 
  custom:scripting/monoscript/fileName/CinemachineBlendDefinitionPropertyDrawer.cs: 7ae344d19d646b738f3c65294becf216 -> 
  custom:scripting/monoscript/fileName/CinemachineTrackedDollyEditor.cs: b4d6784c58752cea58aafd9a76ca4459 -> 
  custom:scripting/monoscript/fileName/CinemachineImpulseManager.cs: c34be3577a810e26fd0110c580799b88 -> 
  custom:scripting/monoscript/fileName/CinemachineSmoothPath.cs: c28db2688f35d70587b5f943431a010a -> 
  custom:scripting/monoscript/fileName/CinemachineStateDrivenCamera.cs: aea2468a7384be4ba6d1b043ccec135d -> 
  custom:container-demuxer-ogg: 62fdf1f143b41e24485cea50d1cbac27 -> 
  custom:scripting/monoscript/fileName/CinemachineBlenderSettings.cs: 9adcb80668a56be4cd8e31c1d3dc60ae -> 
  custom:scripting/monoscript/fileName/SignalSourceAsset.cs: f7ffd463dece56bad278f5a8d3ed7fc6 -> 
  custom:scripting/monoscript/fileName/CinemachineCore.cs: fe6c3be993819098833de1628bfd76b2 -> 
  custom:scripting/monoscript/fileName/CinemachineImpulseChannelPropertyDrawer.cs: 4b6390a17916751618e2a45cb8d47a80 -> 
  custom:scripting/monoscript/fileName/SerializedPropertyHelper.cs: b04ac165255e34bc2935ca9bf180e209 -> 
  custom:scripting/monoscript/fileName/CinemachineFramingTransposer.cs: 7943c9d436748359882d8f978cf86c91 -> 
  custom:scripting/monoscript/fileName/AxisState.cs: 1a494a66d8b9a58f4a6873f89bf5b094 -> 
  custom:scripting/monoscript/fileName/CinemachineClearShot.cs: 1da15f5c7903497ce3ae982ee4ee4779 -> 
  custom:scripting/monoscript/fileName/CinemachinePOVEditor.cs: 71db5a9242a182995b4ca15db516f628 -> 
  custom:scripting/monoscript/fileName/CinemachineMixer.cs: 2e36eb9e732dd7c8a32e8f83daebd6f4 -> 
  custom:scripting/monoscript/fileName/CinemachineConfiner.cs: 3813336c17662a5cb6b59ce5f1954254 -> 
  custom:video-codec-MediaFoundation-h265: 746d11721c4dcdbdad8f713fa42b33f4 -> 
  custom:scripting/monoscript/fileName/CinemachineBrain.cs: 365b4e0b6319f064062e97b8f8e32c8e -> 
  custom:scripting/monoscript/fileName/CinemachineImpulseDefinitionPropertyDrawer.cs: 1b2fc77b0a80a7e0e9045e0d44fb761c -> 
  custom:scripting/monoscript/fileName/CinemachineColliderPrefs.cs: 47106451d4685409820905badf49b71f -> 
  custom:scripting/monoscript/fileName/CinemachineFollowZoom.cs: eb74e2e98d3dc4647324e113f34710ca -> 
  custom:scripting/monoscript/fileName/CinemachineDebug.cs: 3077ed3b64725184c652d4c07ac732fd -> 
  custom:scripting/monoscript/fileName/CinemachineLensPresets.cs: 014747fb0ab87178c677520d0bf20bf7 -> 
  custom:video-decoder-ogg-theora: a1e56fd34408186e4bbccfd4996cb3dc -> 
  custom:scripting/monoscript/fileName/CinemachineCameraOffset.cs: a6887f67d3eb83cc6393b822d4e65121 -> 
  custom:scripting/monoscript/fileName/ICinemachineCamera.cs: 2faad4f04eaf5d98c2870adbfb06184e -> 
  custom:scripting/monoscript/fileName/CinemachineShotPlayable.cs: e346ad1ecb4af45da55274cb9abd9ec0 -> 
  custom:scripting/monoscript/fileName/CinemachineTagFieldPropertyDrawer.cs: e78491a12decd558a49d01cc583bfcfb -> 
  custom:framework-win-MediaFoundation: 216162199b28c13a410421893ffa2e32 -> 
  custom:scripting/monoscript/fileName/CinemachineVolumeSettings.cs: 22782cc3dbf8dfd1cb54e8486f29fe0d -> 
  custom:scripting/monoscript/fileName/CinemachineImpulseSourceEditor.cs: 0ef7804c69c18838aa65e6d5bae5b055 -> 
  custom:scripting/monoscript/fileName/CinemachineExternalCameraEditor.cs: d74df442250b898c9b40669a19100e9d -> 
  custom:scripting/monoscript/fileName/CinemachineTargetGroupEditor.cs: f70ac85df8c1c9bd0b83a35534bafd1f -> 
  custom:scripting/monoscript/fileName/CinemachineRecomposer.cs: 07354cca81f7d0775b027b5906330569 -> 
  custom:scripting/monoscript/fileName/CinemachineTransposer.cs: aa226dd144b3a977b86ea888b85df5fa -> 
  custom:scripting/monoscript/fileName/TargetPositionCache.cs: 49ce97e6930a536b43825141e0c2d3a4 -> 
  custom:scripting/monoscript/fileName/CinemachineExternalCamera.cs: d76122377115c288d881064c3f07a3f1 -> 
  custom:scripting/monoscript/fileName/ReflectionHelpers.cs: 60a5d38af3e775d0a421a7ff630d61cc -> 
  custom:scripting/monoscript/fileName/CinemachineVirtualCamera.cs: f16f2dc5bc1261579875c19605c45301 -> 
  custom:scripting/monoscript/fileName/Predictor.cs: d51584936cb5b31b30ee7b444e03385b -> 
  custom:scripting/monoscript/fileName/CinemachineOrbitalTransposerEditor.cs: 5ea2e4bec7ee6c24917bd86647f4bffa -> 
  custom:scripting/monoscript/fileName/CinemachineConfiner2DEditor.cs: 3f4b3d9b17ff5cd560135aa24f822994 -> 
  custom:scripting/monoscript/fileName/GroupWeightManipulator.cs: 588749cf3436a8199e762a8e09bc8de7 -> 
  custom:scripting/monoscript/fileName/AxisStatePropertyDrawer.cs: 2d807695a513641e771c78e6c342ff04 -> 
  custom:scripting/monoscript/fileName/CinemachineScreenComposerGuides.cs: cdc7ea02ccc4c8d1561d98d16760d1ca -> 
  custom:scripting/monoscript/fileName/CinemachinePropertyAttribute.cs: e8158d9725ac3a9129a08e46a4ff7519 -> 
  custom:scripting/monoscript/fileName/CinemachineVirtualCameraEditor.cs: 2e051d0c474634e907fe4123d6e2656e -> 
  custom:scripting/monoscript/fileName/CinemachineSettings.cs: 197f6d5ad32e253546b5afa056a5bba4 -> 
  custom:scripting/monoscript/fileName/CinemachineNoiseSettingsEditor.cs: 9056e69d9c759ba2504535054fff31c9 -> 
  custom:scripting/monoscript/fileName/CinemachineTriggerAction.cs: cab9c5d02c28af05797c2c3743539bdb -> 
  custom:scripting/monoscript/fileName/InspectorUtility.cs: d2444697ecf5f370ee1ff9969e9d66f8 -> 1cf92e4af45cb9e9886ec49564b001a9
  custom:CustomObjectIndexerAttribute: 9a22284fe3817be447336de3de66b15e -> 
  custom:scripting/monoscript/fileName/CinemachineBlenderSettingsEditor.cs: c57aa7de12bc3e7367ca091f4902c67b -> 
  custom:scripting/precompiled-assembly-types:Cinemachine: 54c8b091bb91c32bfeada952c9c53e21 -> 
  custom:scripting/monoscript/fileName/CinemachineImpulseDefinition.cs: 3d434086a2bdaf715abf85e79e9f14b4 -> 
  custom:scripting/precompiled-assembly-types:com.unity.cinemachine.editor: e24bde9f61664824443e2ae04112f2bb -> 
  custom:scripting/monoscript/fileName/Cinemachine3rdPersonFollowEditor.cs: f79aa162534f81c680877e6274b5d6ec -> 
  custom:scripting/monoscript/fileName/EmbeddedAssetPropertyDrawer.cs: fd7ebc18093de04c88d0cfc86fb060f5 -> 
  custom:container-demuxer-webm: 4f35f7cbe854078d1ac9338744f61a02 -> 
  custom:scripting/monoscript/fileName/ConfinerOven.cs: ff23c03e90b61beb34474fc6e4ff668c -> 
  custom:scripting/monoscript/fileName/WaveformWindow.cs: 01bbc4fc017d41a2bab7fb57c988e8da -> 
  custom:scripting/monoscript/fileName/CinemachinePipeline.cs: 6ca7a5979a0a73ea1d450a8fc9b437ef -> 
  custom:scripting/monoscript/fileName/VcamStageEditor.cs: 84b0eaf932b448975a99972628e556d8 -> 
  custom:scripting/monoscript/fileName/CinemachineFramingTransposerEditor.cs: 1653e1c00b2ca68b1d40f01e5bfb8445 -> 
  custom:scripting/monoscript/fileName/CinemachineStateDrivenCameraEditor.cs: 77d9f0a97385f936d9b4ffaa686bce39 -> 
  custom:scripting/monoscript/fileName/OrbitalTransposerHeadingPropertyDrawer.cs: 22496b76ce84f35f630c90badc4babd8 -> 
  custom:scripting/monoscript/fileName/CinemachinePathEditor.cs: ce10985fbf0e018e2dea63fedae131ba -> 
  custom:scripting/monoscript/fileName/CinemachineCollider.cs: 8fa92f525b1c31cd81812685d7f8c288 -> 
  custom:scripting/monoscript/fileName/CinemachineCollisionImpulseSourceEditor.cs: 29f9a522ec6b23375849ba08fd597c8d -> 
  custom:scripting/monoscript/fileName/CinemachineInputProvider.cs: ecb845de690695f08b3b3bb647cc7006 -> 
  custom:scripting/monoscript/fileName/CinemachineColliderEditor.cs: 859d1abbd669ee84cb713f6d4d0e1c5f -> 
  custom:scripting/monoscript/fileName/CinemachineExtension.cs: 6968db4afcdc301f6acb1ef4fbadb2f4 -> 
  custom:scripting/monoscript/fileName/CinemachineTargetGroup.cs: 10a09aa736b3a25da6dd9fc3c4dd9d36 -> 
  custom:scripting/monoscript/fileName/EmbeddedAssetHelpers.cs: 90647cc400823b41df847a6cbfc29026 -> 
  custom:scripting/monoscript/fileName/CinemachineBlendListCamera.cs: 66104ac24fef171d9f5d5b93a8cb2f83 -> 
  custom:scripting/monoscript/fileName/CinemachineComponentBase.cs: 5293f153c13e9bd2fc262ec31ff69206 -> 
  custom:scripting/monoscript/fileName/BaseEditor.cs: 90647cc400823b41df847a6cbfc29026 -> 
  custom:container-muxer-webm: aa71ff27fc2769a1b78a27578f13a17b -> 
  custom:video-decoder-webm-vp8: 9c59270c3fd7afecdb556c50c9e8de78 -> 
  custom:scripting/monoscript/fileName/CinemachineHardLookAt.cs: 792580aec23d39bcecd7ceea4c27a0ce -> 
  custom:scripting/monoscript/fileName/CinemachineInputAxisDriver.cs: 7e424e54660fed310c58dc98ea41042e -> 
  custom:scripting/monoscript/fileName/CinemachineStoryboardEditor.cs: 2e7ec8bfb72013eaaff4873a27da019c -> 
  custom:scripting/monoscript/fileName/CinemachineBasicMultiChannelPerlin.cs: bd5416e75860cd63657371207eb79058 -> 
  custom:SearchIndexIgnoredProperties: e643bd26f0fe6173181afceb89e7c659 -> 
  custom:AudioImporter_EditorPlatform: d09bf68614088b80899f8185d706f6e7 -> 
  custom:scripting/monoscript/fileName/CinemachineMixingCamera.cs: 739c5ceb76c01023f431794ec46a0177 -> 
  custom:scripting/monoscript/fileName/CinemachinePath.cs: b443d3c8837a65ddc3c78741cd58ec71 -> 
  custom:scripting/monoscript/fileName/CinemachineImpulseListenerEditor.cs: d5d28e418f87c111bce1c1b98f1f70ba -> 
  custom:scripting/monoscript/fileName/Avoider.cs: ae32a89b624ae2a4ae1c49a2b33fb966 -> 
  custom:scripting/monoscript/fileName/CinemachineDollyCart.cs: bbe9d07f4a2f7ee5ab002e66cb05f922 -> 
  custom:scripting/monoscript/fileName/CinemachineStoryboard.cs: 59a2099f76be9b47af1e12ed7d40f553 -> 
  custom:scripting/monoscript/fileName/CinemachinePixelPerfect.cs: 2f42bea4517739481ed2553d1616050e -> 
  custom:scripting/monoscript/fileName/CinemachineTrackedDolly.cs: f6a9c21b27ad86d45f62f6b444ccbb49 -> 
  custom:scripting/monoscript/fileName/CinemachineHardLookAtEditor.cs: 15b8f2af6a6d786898ce5dd6b0db26dc -> 
  custom:scripting/monoscript/fileName/CinemachineComposer.cs: e399dfd36807c341da7cd182ce299d1e -> 
  custom:scripting/monoscript/fileName/CinemachineTrack.cs: 4b50d47d507c57dc81b82253ec075194 -> 
  custom:scripting/monoscript/fileName/CinemachineSmoothPathEditor.cs: 7555bcba4eb760e012dd21c6730ae562 -> 
  custom:scripting/monoscript/fileName/ScriptableObjectUtility.cs: c529d074f6f57a07e3f410d488963bbc -> 
  custom:scripting/monoscript/fileName/CinemachineOrbitalTransposer.cs: 71c52878ba6d43827473a480056a99da -> 
  custom:scripting/monoscript/fileName/CinemachinePathBase.cs: debb99764287c54cae06313e2d6a1fe1 -> 
  custom:scripting/monoscript/fileName/CinemachineImpulseSource.cs: ac073b8453e26c5dd422d5f1a90a7ff2 -> 
  custom:scripting/monoscript/fileName/CinemachineImpulseEnvelopePropertyDrawer.cs: 07e00c9c84964a5c7e4f3f19e4263ec1 -> 
  custom:scripting/monoscript/fileName/SplineHelpers.cs: 9e5bf4293b3828088291b7871e233a27 -> 
  custom:scripting/monoscript/fileName/CinemachineSameAsFollowTargetEditor.cs: 6def40fc1e39b3242347b6630fb5127e -> 
  custom:scripting/monoscript/fileName/CinemachineBlendListCameraEditor.cs: dbc12d2a9f3e2999a067290c411b2aca -> 
  custom:scripting/monoscript/fileName/CinemachineShot.cs: 3d4d9d05534db20e82d871d98ea52716 -> 
  custom:scripting/monoscript/fileName/UnityVectorExtensions.cs: 052777772edecdffe26d41a6a989641e -> 
  custom:scripting/monoscript/fileName/CinemachineBasicMultiChannelPerlinEditor.cs: d6749cd6c482efa27bdd41f60394f1b9 -> 
  custom:scripting/monoscript/fileName/CinemachineImpulseChannels.cs: a9a39cc5ecea1f083db0fce154eec19c -> 
  custom:scripting/monoscript/fileName/CinemachineHardLockToTarget.cs: d349308c5b4f600a345055c394206f52 -> 
  custom:scripting/monoscript/fileName/CinemachineConfiner2D.cs: beb10be0db8ff9d3a94bd0a150963b9b -> 
  custom:scripting/monoscript/fileName/LensSettings.cs: 4335e899502c57ee4480b8c9aa915366 -> 
  custom:scripting/monoscript/fileName/Cinemachine3rdPersonAim.cs: 4bd230d915f070bb3cae23bef6f7ab70 -> 
  custom:scripting/monoscript/fileName/CinemachineImpulseListener.cs: 6aac146243d38e7a67346170caa40ea1 -> 
  custom:video-encoder-webm-vp8: eb34c28f22e8b96e1ab97ce403110664 -> 
  custom:scripting/monoscript/fileName/CinemachineMenu.cs: 7b932811d9fa1e44d0d8b2b9ed75adf3 -> 
  custom:scripting/monoscript/fileName/RuntimeUtility.cs: 8c92a9f673836e5d2084dbeb0f10159f -> 
  custom:scripting/monoscript/fileName/CinemachineFreeLook.cs: bebc32b18bc4beddc113bad68624e557 -> 
  custom:audio-decoder-ogg-vorbis: bf7c407c2cedff20999df2af8eb42d56 -> 
  custom:scripting/monoscript/fileName/CinemachineGroupComposer.cs: 173a689a80ef321c302f9c045419668f -> 
  custom:scripting/monoscript/fileName/CinemachineVirtualCameraBase.cs: c7e60cccdcb14ee2a33da9fd46c1c54f -> 
  custom:scripting/monoscript/fileName/CinemachineFixedSignal.cs: aedcdca7a861da6e456e0ae105b24c41 -> 
  custom:scripting/monoscript/fileName/CinemachineShotClipEditor.cs: 123a48531bf1d1b4f3c8398556caec62 -> 
  custom:scripting/monoscript/fileName/CinemachineTouchInputMapper.cs: b9698729a07a7d31c864247e0582b566 -> 
  custom:scripting/monoscript/fileName/CinemachinePOV.cs: e4df06d1994174afa286b103eb06ee7f -> 
  custom:scripting/monoscript/fileName/CinemachineBlend.cs: f33659d50c4d86144d649aa7e8196529 -> 
  custom:scripting/monoscript/fileName/CinemachineFreeLookEditor.cs: 9641291977c1891a004ac4c4c259e1c8 -> 
  custom:scripting/monoscript/fileName/CinemachineTransposerEditor.cs: 85841a774ddea4fb7232a7a585f716b4 -> 
  custom:scripting/monoscript/fileName/clipper.cs: 2a50e35a835148907b3c1fa8e187ab2b -> 
  custom:scripting/monoscript/fileName/NoiseSettings.cs: 443d576e0c72ab62870476103c9384ec -> 
  custom:scripting/monoscript/fileName/GaussianFilter.cs: 0a3672ebe80edf7c5daca82445c15683 -> 
  custom:scripting/monoscript/fileName/CinemachineSceneTools.cs: d63880a6073ab3335301b115db235b5b -> 
  custom:scripting/monoscript/fileName/CinemachineTriggerActionEditor.cs: 2309a2ec6192ace4cae8bab5a535978e -> 
  custom:scripting/monoscript/fileName/VcamTargetPropertyDrawer.cs: 9208050b1312b118a226fef2d63e8fa1 -> 
  custom:scripting/monoscript/fileName/CinemachineCollisionImpulseSource.cs: 9aae5e368cb7786be199f98f2122f96d -> 
  custom:scripting/monoscript/fileName/CinemachineClearShotEditor.cs: ca8875b47e775cd361c78158d7923690 -> 
  custom:scripting/monoscript/fileName/CinemachineEditorAnalytics.cs: de76cc292d7ecedcf47af6616498c9f9 -> 
  custom:scripting/monoscript/fileName/NoiseSettingsPropertyDrawer.cs: 8d3f69ba7eeec63914970bd3136b6ace -> 
  custom:scripting/monoscript/fileName/CinemachineBrainEditor.cs: 49621d8b7679c0b5d128fef53d55becd -> 
  custom:scripting/monoscript/fileName/CinemachineShotEditor.cs: 2ba28b209a4ad7f0a791994d2360a9af -> 
  custom:scripting/monoscript/fileName/PlayerMovement.cs: 42480eed24e61f9d7e7e895933644f96 -> 
  custom:scripting/monoscript/fileName/CinemachineHardLockToTargetEditor.cs: c65eaafd47115974a2a9379aae467b0e -> 
  custom:audio-encoder-webm-vorbis: bf7c407c2cedff20999df2af8eb42d56 -> 
  custom:scripting/monoscript/fileName/CameraState.cs: 6ae7088fa20820e052d1e4d86059e90b -> 
  custom:scripting/monoscript/fileName/CinemachineToolbarOverlay.cs: 371b6fc494252d6fda34e207e170cb66 -> 
  custom:scripting/monoscript/fileName/CinemachineIndependentImpulseListener.cs: 91ae8748b9c36955c333e57505ff90fb -> 
  custom:scripting/monoscript/fileName/CinemachineMixingCameraEditor.cs: 1c122a21d710512fec62cdc7bd351681 -> 
  custom:scripting/monoscript/fileName/CinemachinePostProcessing.cs: bf9b100a1b61fd5383288bc96487c194 -> 
  custom:scripting/monoscript/fileName/CinemachineSameAsFollowTarget.cs: bcfa2d394e1e5460b4ef3dc039214a16 -> 
  custom:scripting/monoscript/fileName/CinemachineVirtualCameraBaseEditor.cs: 13ee4931cd85df4b22852d0547b5e690 -> 
  custom:scripting/monoscript/fileName/UpdateTracker.cs: 3dac8a24a32a32e4bbfeb38ed26ef250 -> 
  custom:scripting/monoscript/fileName/CinemachineComposerEditor.cs: dda533b9c6cb2b366292f584704bd904 -> 
  custom:scripting/monoscript/fileName/Cinemachine3rdPersonFollow.cs: 4600bac2bdf6b37d80e86f9aa5a413c3 -> 
  custom:scripting/precompiled-assembly-types:Assembly-CSharp: e66928de38364bb08ef9436b3612de99 -> 
  custom:scripting/monoscript/fileName/SaveDuringPlay.cs: de39f1962b337699845d3d8a2e8f5bde -> 
========================================================================
Received Prepare
Caller must complete domain reload
Begin MonoManager ReloadAssembly
- Loaded All Assemblies, in  0.254 seconds
Native extension for WindowsStandalone target not found
Mono: successfully reloaded assembly
- Finished resetting the current domain, in  0.553 seconds
Domain Reload Profiling: 807ms
	BeginReloadAssembly (89ms)
		ExecutionOrderSort (0ms)
		DisableScriptedObjects (3ms)
		BackupInstance (0ms)
		ReleaseScriptingObjects (0ms)
		CreateAndSetChildDomain (16ms)
	RebuildCommonClasses (18ms)
	RebuildNativeTypeToScriptingClass (6ms)
	initialDomainReloadingComplete (15ms)
	LoadAllAssembliesAndSetupDomain (125ms)
		LoadAssemblies (158ms)
		RebuildTransferFunctionScriptingTraits (0ms)
		AnalyzeDomain (14ms)
			TypeCache.Refresh (5ms)
				TypeCache.ScanAssembly (0ms)
			ScanForSourceGeneratedMonoScriptInfo (4ms)
			ResolveRequiredComponents (3ms)
	FinalizeReload (553ms)
		ReleaseScriptCaches (0ms)
		RebuildScriptCaches (0ms)
		SetupLoadedEditorAssemblies (225ms)
			LogAssemblyErrors (0ms)
			InitializePlatformSupportModulesInManaged (3ms)
			SetLoadedEditorAssemblies (2ms)
			RefreshPlugins (0ms)
			BeforeProcessingInitializeOnLoad (32ms)
			ProcessInitializeOnLoadAttributes (175ms)
			ProcessInitializeOnLoadMethodAttributes (11ms)
			AfterProcessingInitializeOnLoad (2ms)
			EditorAssembliesLoaded (0ms)
		ExecutionOrderSort2 (0ms)
		AwakeInstancesAfterBackupRestoration (5ms)
Refreshing native plugins compatible for Editor in 2.74 ms, found 3 plugins.
Preloading 0 native plugins for Editor in 0.00 ms.
Unloading 3391 Unused Serialized files (Serialized files now loaded: 0)
Unloading 16 unused Assets / (124.5 KB). Loaded Objects now: 3999.
Memory consumption went from 130.3 MB to 130.2 MB.
Total: 1.845100 ms (FindLiveObjects: 0.154200 ms CreateObjectMapping: 0.044100 ms MarkObjects: 1.588800 ms  DeleteObjects: 0.057300 ms)

Prepare: number of updated asset objects reloaded= 0
AssetImportParameters requested are different than current active one (requested -> active):
  custom:scripting/monoscript/fileName/CinemachineGroupComposerEditor.cs: 54a07f36704e77a685a5e7e8c8b2c216 -> 
  custom:scripting/monoscript/fileName/CinemachineConfinerEditor.cs: cc6c898a3390647ab91613c8a96de4b4 -> 
  custom:scripting/monoscript/fileName/CinemachineBlendDefinitionPropertyDrawer.cs: 7ae344d19d646b738f3c65294becf216 -> 
  custom:scripting/monoscript/fileName/CinemachineTrackedDollyEditor.cs: b4d6784c58752cea58aafd9a76ca4459 -> 
  custom:scripting/monoscript/fileName/CinemachineImpulseManager.cs: c34be3577a810e26fd0110c580799b88 -> 
  custom:scripting/monoscript/fileName/CinemachineSmoothPath.cs: c28db2688f35d70587b5f943431a010a -> 
  custom:scripting/monoscript/fileName/CinemachineStateDrivenCamera.cs: aea2468a7384be4ba6d1b043ccec135d -> 
  custom:container-demuxer-ogg: 62fdf1f143b41e24485cea50d1cbac27 -> 
  custom:scripting/monoscript/fileName/CinemachineBlenderSettings.cs: 9adcb80668a56be4cd8e31c1d3dc60ae -> 
  custom:scripting/monoscript/fileName/SignalSourceAsset.cs: f7ffd463dece56bad278f5a8d3ed7fc6 -> 
  custom:scripting/monoscript/fileName/CinemachineCore.cs: fe6c3be993819098833de1628bfd76b2 -> 
  custom:scripting/monoscript/fileName/CinemachineImpulseChannelPropertyDrawer.cs: 4b6390a17916751618e2a45cb8d47a80 -> 
  custom:scripting/monoscript/fileName/SerializedPropertyHelper.cs: b04ac165255e34bc2935ca9bf180e209 -> 
  custom:scripting/monoscript/fileName/CinemachineFramingTransposer.cs: 7943c9d436748359882d8f978cf86c91 -> 
  custom:scripting/monoscript/fileName/AxisState.cs: 1a494a66d8b9a58f4a6873f89bf5b094 -> 
  custom:scripting/monoscript/fileName/CinemachineClearShot.cs: 1da15f5c7903497ce3ae982ee4ee4779 -> 
  custom:scripting/monoscript/fileName/CinemachinePOVEditor.cs: 71db5a9242a182995b4ca15db516f628 -> 
  custom:scripting/monoscript/fileName/CinemachineMixer.cs: 2e36eb9e732dd7c8a32e8f83daebd6f4 -> 
  custom:scripting/monoscript/fileName/CinemachineConfiner.cs: 3813336c17662a5cb6b59ce5f1954254 -> 
  custom:video-codec-MediaFoundation-h265: 746d11721c4dcdbdad8f713fa42b33f4 -> 
  custom:scripting/monoscript/fileName/CinemachineBrain.cs: 365b4e0b6319f064062e97b8f8e32c8e -> 
  custom:scripting/monoscript/fileName/CinemachineImpulseDefinitionPropertyDrawer.cs: 1b2fc77b0a80a7e0e9045e0d44fb761c -> 
  custom:scripting/monoscript/fileName/CinemachineColliderPrefs.cs: 47106451d4685409820905badf49b71f -> 
  custom:scripting/monoscript/fileName/CinemachineFollowZoom.cs: eb74e2e98d3dc4647324e113f34710ca -> 
  custom:scripting/monoscript/fileName/CinemachineDebug.cs: 3077ed3b64725184c652d4c07ac732fd -> 
  custom:scripting/monoscript/fileName/CinemachineLensPresets.cs: 014747fb0ab87178c677520d0bf20bf7 -> 
  custom:video-decoder-ogg-theora: a1e56fd34408186e4bbccfd4996cb3dc -> 
  custom:scripting/monoscript/fileName/CinemachineCameraOffset.cs: a6887f67d3eb83cc6393b822d4e65121 -> 
  custom:scripting/monoscript/fileName/ICinemachineCamera.cs: 2faad4f04eaf5d98c2870adbfb06184e -> 
  custom:scripting/monoscript/fileName/CinemachineShotPlayable.cs: e346ad1ecb4af45da55274cb9abd9ec0 -> 
  custom:scripting/monoscript/fileName/CinemachineTagFieldPropertyDrawer.cs: e78491a12decd558a49d01cc583bfcfb -> 
  custom:framework-win-MediaFoundation: 216162199b28c13a410421893ffa2e32 -> 
  custom:scripting/monoscript/fileName/CinemachineVolumeSettings.cs: 22782cc3dbf8dfd1cb54e8486f29fe0d -> 
  custom:scripting/monoscript/fileName/CinemachineImpulseSourceEditor.cs: 0ef7804c69c18838aa65e6d5bae5b055 -> 
  custom:scripting/monoscript/fileName/CinemachineExternalCameraEditor.cs: d74df442250b898c9b40669a19100e9d -> 
  custom:scripting/monoscript/fileName/CinemachineTargetGroupEditor.cs: f70ac85df8c1c9bd0b83a35534bafd1f -> 
  custom:scripting/monoscript/fileName/CinemachineRecomposer.cs: 07354cca81f7d0775b027b5906330569 -> 
  custom:scripting/monoscript/fileName/CinemachineTransposer.cs: aa226dd144b3a977b86ea888b85df5fa -> 
  custom:scripting/monoscript/fileName/TargetPositionCache.cs: 49ce97e6930a536b43825141e0c2d3a4 -> 
  custom:scripting/monoscript/fileName/CinemachineExternalCamera.cs: d76122377115c288d881064c3f07a3f1 -> 
  custom:scripting/monoscript/fileName/ReflectionHelpers.cs: 60a5d38af3e775d0a421a7ff630d61cc -> 
  custom:scripting/monoscript/fileName/CinemachineVirtualCamera.cs: f16f2dc5bc1261579875c19605c45301 -> 
  custom:scripting/monoscript/fileName/Predictor.cs: d51584936cb5b31b30ee7b444e03385b -> 
  custom:scripting/monoscript/fileName/CinemachineOrbitalTransposerEditor.cs: 5ea2e4bec7ee6c24917bd86647f4bffa -> 
  custom:scripting/monoscript/fileName/CinemachineConfiner2DEditor.cs: 3f4b3d9b17ff5cd560135aa24f822994 -> 
  custom:scripting/monoscript/fileName/GroupWeightManipulator.cs: 588749cf3436a8199e762a8e09bc8de7 -> 
  custom:scripting/monoscript/fileName/AxisStatePropertyDrawer.cs: 2d807695a513641e771c78e6c342ff04 -> 
  custom:scripting/monoscript/fileName/CinemachineScreenComposerGuides.cs: cdc7ea02ccc4c8d1561d98d16760d1ca -> 
  custom:scripting/monoscript/fileName/CinemachinePropertyAttribute.cs: e8158d9725ac3a9129a08e46a4ff7519 -> 
  custom:scripting/monoscript/fileName/CinemachineVirtualCameraEditor.cs: 2e051d0c474634e907fe4123d6e2656e -> 
  custom:scripting/monoscript/fileName/CinemachineSettings.cs: 197f6d5ad32e253546b5afa056a5bba4 -> 
  custom:scripting/monoscript/fileName/CinemachineNoiseSettingsEditor.cs: 9056e69d9c759ba2504535054fff31c9 -> 
  custom:scripting/monoscript/fileName/CinemachineTriggerAction.cs: cab9c5d02c28af05797c2c3743539bdb -> 
  custom:scripting/monoscript/fileName/InspectorUtility.cs: d2444697ecf5f370ee1ff9969e9d66f8 -> 1cf92e4af45cb9e9886ec49564b001a9
  custom:CustomObjectIndexerAttribute: 9a22284fe3817be447336de3de66b15e -> 
  custom:scripting/monoscript/fileName/CinemachineBlenderSettingsEditor.cs: c57aa7de12bc3e7367ca091f4902c67b -> 
  custom:scripting/precompiled-assembly-types:Cinemachine: 54c8b091bb91c32bfeada952c9c53e21 -> 
  custom:scripting/monoscript/fileName/CinemachineImpulseDefinition.cs: 3d434086a2bdaf715abf85e79e9f14b4 -> 
  custom:scripting/precompiled-assembly-types:com.unity.cinemachine.editor: e24bde9f61664824443e2ae04112f2bb -> 
  custom:scripting/monoscript/fileName/Cinemachine3rdPersonFollowEditor.cs: f79aa162534f81c680877e6274b5d6ec -> 
  custom:scripting/monoscript/fileName/EmbeddedAssetPropertyDrawer.cs: fd7ebc18093de04c88d0cfc86fb060f5 -> 
  custom:container-demuxer-webm: 4f35f7cbe854078d1ac9338744f61a02 -> 
  custom:scripting/monoscript/fileName/ConfinerOven.cs: ff23c03e90b61beb34474fc6e4ff668c -> 
  custom:scripting/monoscript/fileName/WaveformWindow.cs: 01bbc4fc017d41a2bab7fb57c988e8da -> 
  custom:scripting/monoscript/fileName/CinemachinePipeline.cs: 6ca7a5979a0a73ea1d450a8fc9b437ef -> 
  custom:scripting/monoscript/fileName/VcamStageEditor.cs: 84b0eaf932b448975a99972628e556d8 -> 
  custom:scripting/monoscript/fileName/CinemachineFramingTransposerEditor.cs: 1653e1c00b2ca68b1d40f01e5bfb8445 -> 
  custom:scripting/monoscript/fileName/CinemachineStateDrivenCameraEditor.cs: 77d9f0a97385f936d9b4ffaa686bce39 -> 
  custom:scripting/monoscript/fileName/OrbitalTransposerHeadingPropertyDrawer.cs: 22496b76ce84f35f630c90badc4babd8 -> 
  custom:scripting/monoscript/fileName/CinemachinePathEditor.cs: ce10985fbf0e018e2dea63fedae131ba -> 
  custom:scripting/monoscript/fileName/CinemachineCollider.cs: 8fa92f525b1c31cd81812685d7f8c288 -> 
  custom:scripting/monoscript/fileName/CinemachineCollisionImpulseSourceEditor.cs: 29f9a522ec6b23375849ba08fd597c8d -> 
  custom:scripting/monoscript/fileName/CinemachineInputProvider.cs: ecb845de690695f08b3b3bb647cc7006 -> 
  custom:scripting/monoscript/fileName/CinemachineColliderEditor.cs: 859d1abbd669ee84cb713f6d4d0e1c5f -> 
  custom:scripting/monoscript/fileName/CinemachineExtension.cs: 6968db4afcdc301f6acb1ef4fbadb2f4 -> 
  custom:scripting/monoscript/fileName/CinemachineTargetGroup.cs: 10a09aa736b3a25da6dd9fc3c4dd9d36 -> 
  custom:scripting/monoscript/fileName/EmbeddedAssetHelpers.cs: 90647cc400823b41df847a6cbfc29026 -> 
  custom:scripting/monoscript/fileName/CinemachineBlendListCamera.cs: 66104ac24fef171d9f5d5b93a8cb2f83 -> 
  custom:scripting/monoscript/fileName/CinemachineComponentBase.cs: 5293f153c13e9bd2fc262ec31ff69206 -> 
  custom:scripting/monoscript/fileName/BaseEditor.cs: 90647cc400823b41df847a6cbfc29026 -> 
  custom:container-muxer-webm: aa71ff27fc2769a1b78a27578f13a17b -> 
  custom:video-decoder-webm-vp8: 9c59270c3fd7afecdb556c50c9e8de78 -> 
  custom:scripting/monoscript/fileName/CinemachineHardLookAt.cs: 792580aec23d39bcecd7ceea4c27a0ce -> 
  custom:scripting/monoscript/fileName/CinemachineInputAxisDriver.cs: 7e424e54660fed310c58dc98ea41042e -> 
  custom:scripting/monoscript/fileName/CinemachineStoryboardEditor.cs: 2e7ec8bfb72013eaaff4873a27da019c -> 
  custom:scripting/monoscript/fileName/CinemachineBasicMultiChannelPerlin.cs: bd5416e75860cd63657371207eb79058 -> 
  custom:SearchIndexIgnoredProperties: e643bd26f0fe6173181afceb89e7c659 -> 
  custom:AudioImporter_EditorPlatform: d09bf68614088b80899f8185d706f6e7 -> 
  custom:scripting/monoscript/fileName/CinemachineMixingCamera.cs: 739c5ceb76c01023f431794ec46a0177 -> 
  custom:scripting/monoscript/fileName/CinemachinePath.cs: b443d3c8837a65ddc3c78741cd58ec71 -> 
  custom:scripting/monoscript/fileName/CinemachineImpulseListenerEditor.cs: d5d28e418f87c111bce1c1b98f1f70ba -> 
  custom:scripting/monoscript/fileName/Avoider.cs: ae32a89b624ae2a4ae1c49a2b33fb966 -> 
  custom:scripting/monoscript/fileName/CinemachineDollyCart.cs: bbe9d07f4a2f7ee5ab002e66cb05f922 -> 
  custom:scripting/monoscript/fileName/CinemachineStoryboard.cs: 59a2099f76be9b47af1e12ed7d40f553 -> 
  custom:scripting/monoscript/fileName/CinemachinePixelPerfect.cs: 2f42bea4517739481ed2553d1616050e -> 
  custom:scripting/monoscript/fileName/CinemachineTrackedDolly.cs: f6a9c21b27ad86d45f62f6b444ccbb49 -> 
  custom:scripting/monoscript/fileName/CinemachineHardLookAtEditor.cs: 15b8f2af6a6d786898ce5dd6b0db26dc -> 
  custom:scripting/monoscript/fileName/CinemachineComposer.cs: e399dfd36807c341da7cd182ce299d1e -> 
  custom:scripting/monoscript/fileName/CinemachineTrack.cs: 4b50d47d507c57dc81b82253ec075194 -> 
  custom:scripting/monoscript/fileName/CinemachineSmoothPathEditor.cs: 7555bcba4eb760e012dd21c6730ae562 -> 
  custom:scripting/monoscript/fileName/ScriptableObjectUtility.cs: c529d074f6f57a07e3f410d488963bbc -> 
  custom:scripting/monoscript/fileName/CinemachineOrbitalTransposer.cs: 71c52878ba6d43827473a480056a99da -> 
  custom:scripting/monoscript/fileName/CinemachinePathBase.cs: debb99764287c54cae06313e2d6a1fe1 -> 
  custom:scripting/monoscript/fileName/CinemachineImpulseSource.cs: ac073b8453e26c5dd422d5f1a90a7ff2 -> 
  custom:scripting/monoscript/fileName/CinemachineImpulseEnvelopePropertyDrawer.cs: 07e00c9c84964a5c7e4f3f19e4263ec1 -> 
  custom:scripting/monoscript/fileName/SplineHelpers.cs: 9e5bf4293b3828088291b7871e233a27 -> 
  custom:scripting/monoscript/fileName/CinemachineSameAsFollowTargetEditor.cs: 6def40fc1e39b3242347b6630fb5127e -> 
  custom:scripting/monoscript/fileName/CinemachineBlendListCameraEditor.cs: dbc12d2a9f3e2999a067290c411b2aca -> 
  custom:scripting/monoscript/fileName/CinemachineShot.cs: 3d4d9d05534db20e82d871d98ea52716 -> 
  custom:scripting/monoscript/fileName/UnityVectorExtensions.cs: 052777772edecdffe26d41a6a989641e -> 
  custom:scripting/monoscript/fileName/CinemachineBasicMultiChannelPerlinEditor.cs: d6749cd6c482efa27bdd41f60394f1b9 -> 
  custom:scripting/monoscript/fileName/CinemachineImpulseChannels.cs: a9a39cc5ecea1f083db0fce154eec19c -> 
  custom:scripting/monoscript/fileName/CinemachineHardLockToTarget.cs: d349308c5b4f600a345055c394206f52 -> 
  custom:scripting/monoscript/fileName/CinemachineConfiner2D.cs: beb10be0db8ff9d3a94bd0a150963b9b -> 
  custom:scripting/monoscript/fileName/LensSettings.cs: 4335e899502c57ee4480b8c9aa915366 -> 
  custom:scripting/monoscript/fileName/Cinemachine3rdPersonAim.cs: 4bd230d915f070bb3cae23bef6f7ab70 -> 
  custom:scripting/monoscript/fileName/CinemachineImpulseListener.cs: 6aac146243d38e7a67346170caa40ea1 -> 
  custom:video-encoder-webm-vp8: eb34c28f22e8b96e1ab97ce403110664 -> 
  custom:scripting/monoscript/fileName/CinemachineMenu.cs: 7b932811d9fa1e44d0d8b2b9ed75adf3 -> 
  custom:scripting/monoscript/fileName/RuntimeUtility.cs: 8c92a9f673836e5d2084dbeb0f10159f -> 
  custom:scripting/monoscript/fileName/CinemachineFreeLook.cs: bebc32b18bc4beddc113bad68624e557 -> 
  custom:audio-decoder-ogg-vorbis: bf7c407c2cedff20999df2af8eb42d56 -> 
  custom:scripting/monoscript/fileName/CinemachineGroupComposer.cs: 173a689a80ef321c302f9c045419668f -> 
  custom:scripting/monoscript/fileName/CinemachineVirtualCameraBase.cs: c7e60cccdcb14ee2a33da9fd46c1c54f -> 
  custom:scripting/monoscript/fileName/CinemachineFixedSignal.cs: aedcdca7a861da6e456e0ae105b24c41 -> 
  custom:scripting/monoscript/fileName/CinemachineShotClipEditor.cs: 123a48531bf1d1b4f3c8398556caec62 -> 
  custom:scripting/monoscript/fileName/CinemachineTouchInputMapper.cs: b9698729a07a7d31c864247e0582b566 -> 
  custom:scripting/monoscript/fileName/CinemachinePOV.cs: e4df06d1994174afa286b103eb06ee7f -> 
  custom:scripting/monoscript/fileName/CinemachineBlend.cs: f33659d50c4d86144d649aa7e8196529 -> 
  custom:scripting/monoscript/fileName/CinemachineFreeLookEditor.cs: 9641291977c1891a004ac4c4c259e1c8 -> 
  custom:scripting/monoscript/fileName/CinemachineTransposerEditor.cs: 85841a774ddea4fb7232a7a585f716b4 -> 
  custom:scripting/monoscript/fileName/clipper.cs: 2a50e35a835148907b3c1fa8e187ab2b -> 
  custom:scripting/monoscript/fileName/NoiseSettings.cs: 443d576e0c72ab62870476103c9384ec -> 
  custom:scripting/monoscript/fileName/GaussianFilter.cs: 0a3672ebe80edf7c5daca82445c15683 -> 
  custom:scripting/monoscript/fileName/CinemachineSceneTools.cs: d63880a6073ab3335301b115db235b5b -> 
  custom:scripting/monoscript/fileName/CinemachineTriggerActionEditor.cs: 2309a2ec6192ace4cae8bab5a535978e -> 
  custom:scripting/monoscript/fileName/VcamTargetPropertyDrawer.cs: 9208050b1312b118a226fef2d63e8fa1 -> 
  custom:scripting/monoscript/fileName/CinemachineCollisionImpulseSource.cs: 9aae5e368cb7786be199f98f2122f96d -> 
  custom:scripting/monoscript/fileName/CinemachineClearShotEditor.cs: ca8875b47e775cd361c78158d7923690 -> 
  custom:scripting/monoscript/fileName/CinemachineEditorAnalytics.cs: de76cc292d7ecedcf47af6616498c9f9 -> 
  custom:scripting/monoscript/fileName/NoiseSettingsPropertyDrawer.cs: 8d3f69ba7eeec63914970bd3136b6ace -> 
  custom:scripting/monoscript/fileName/CinemachineBrainEditor.cs: 49621d8b7679c0b5d128fef53d55becd -> 
  custom:scripting/monoscript/fileName/CinemachineShotEditor.cs: 2ba28b209a4ad7f0a791994d2360a9af -> 
  custom:scripting/monoscript/fileName/PlayerMovement.cs: 42480eed24e61f9d7e7e895933644f96 -> 
  custom:scripting/monoscript/fileName/CinemachineHardLockToTargetEditor.cs: c65eaafd47115974a2a9379aae467b0e -> 
  custom:audio-encoder-webm-vorbis: bf7c407c2cedff20999df2af8eb42d56 -> 
  custom:scripting/monoscript/fileName/CameraState.cs: 6ae7088fa20820e052d1e4d86059e90b -> 
  custom:scripting/monoscript/fileName/CinemachineToolbarOverlay.cs: 371b6fc494252d6fda34e207e170cb66 -> 
  custom:scripting/monoscript/fileName/CinemachineIndependentImpulseListener.cs: 91ae8748b9c36955c333e57505ff90fb -> 
  custom:scripting/monoscript/fileName/CinemachineMixingCameraEditor.cs: 1c122a21d710512fec62cdc7bd351681 -> 
  custom:scripting/monoscript/fileName/CinemachinePostProcessing.cs: bf9b100a1b61fd5383288bc96487c194 -> 
  custom:scripting/monoscript/fileName/CinemachineSameAsFollowTarget.cs: bcfa2d394e1e5460b4ef3dc039214a16 -> 
  custom:scripting/monoscript/fileName/CinemachineVirtualCameraBaseEditor.cs: 13ee4931cd85df4b22852d0547b5e690 -> 
  custom:scripting/monoscript/fileName/UpdateTracker.cs: 3dac8a24a32a32e4bbfeb38ed26ef250 -> 
  custom:scripting/monoscript/fileName/CinemachineComposerEditor.cs: dda533b9c6cb2b366292f584704bd904 -> 
  custom:scripting/monoscript/fileName/Cinemachine3rdPersonFollow.cs: 4600bac2bdf6b37d80e86f9aa5a413c3 -> 
  custom:scripting/precompiled-assembly-types:Assembly-CSharp: e66928de38364bb08ef9436b3612de99 -> 
  custom:scripting/monoscript/fileName/SaveDuringPlay.cs: de39f1962b337699845d3d8a2e8f5bde -> 
========================================================================
Received Prepare
Caller must complete domain reload
Begin MonoManager ReloadAssembly
- Loaded All Assemblies, in  0.243 seconds
Native extension for WindowsStandalone target not found
Mono: successfully reloaded assembly
- Finished resetting the current domain, in  0.579 seconds
Domain Reload Profiling: 822ms
	BeginReloadAssembly (86ms)
		ExecutionOrderSort (0ms)
		DisableScriptedObjects (3ms)
		BackupInstance (0ms)
		ReleaseScriptingObjects (0ms)
		CreateAndSetChildDomain (16ms)
	RebuildCommonClasses (18ms)
	RebuildNativeTypeToScriptingClass (6ms)
	initialDomainReloadingComplete (14ms)
	LoadAllAssembliesAndSetupDomain (118ms)
		LoadAssemblies (155ms)
		RebuildTransferFunctionScriptingTraits (0ms)
		AnalyzeDomain (9ms)
			TypeCache.Refresh (4ms)
				TypeCache.ScanAssembly (0ms)
			ScanForSourceGeneratedMonoScriptInfo (0ms)
			ResolveRequiredComponents (4ms)
	FinalizeReload (579ms)
		ReleaseScriptCaches (0ms)
		RebuildScriptCaches (0ms)
		SetupLoadedEditorAssemblies (241ms)
			LogAssemblyErrors (0ms)
			InitializePlatformSupportModulesInManaged (3ms)
			SetLoadedEditorAssemblies (2ms)
			RefreshPlugins (0ms)
			BeforeProcessingInitializeOnLoad (33ms)
			ProcessInitializeOnLoadAttributes (187ms)
			ProcessInitializeOnLoadMethodAttributes (14ms)
			AfterProcessingInitializeOnLoad (1ms)
			EditorAssembliesLoaded (0ms)
		ExecutionOrderSort2 (0ms)
		AwakeInstancesAfterBackupRestoration (5ms)
Refreshing native plugins compatible for Editor in 2.48 ms, found 3 plugins.
Preloading 0 native plugins for Editor in 0.00 ms.
Unloading 3391 Unused Serialized files (Serialized files now loaded: 0)
Unloading 16 unused Assets / (124.4 KB). Loaded Objects now: 4014.
Memory consumption went from 130.3 MB to 130.2 MB.
Total: 2.017300 ms (FindLiveObjects: 0.167200 ms CreateObjectMapping: 0.047200 ms MarkObjects: 1.731700 ms  DeleteObjects: 0.070600 ms)

Prepare: number of updated asset objects reloaded= 0
AssetImportParameters requested are different than current active one (requested -> active):
  custom:scripting/monoscript/fileName/CinemachineGroupComposerEditor.cs: 54a07f36704e77a685a5e7e8c8b2c216 -> 
  custom:scripting/monoscript/fileName/CinemachineConfinerEditor.cs: cc6c898a3390647ab91613c8a96de4b4 -> 
  custom:scripting/monoscript/fileName/CinemachineBlendDefinitionPropertyDrawer.cs: 7ae344d19d646b738f3c65294becf216 -> 
  custom:scripting/monoscript/fileName/CinemachineTrackedDollyEditor.cs: b4d6784c58752cea58aafd9a76ca4459 -> 
  custom:scripting/monoscript/fileName/CinemachineImpulseManager.cs: c34be3577a810e26fd0110c580799b88 -> 
  custom:scripting/monoscript/fileName/CinemachineSmoothPath.cs: c28db2688f35d70587b5f943431a010a -> 
  custom:scripting/monoscript/fileName/CinemachineStateDrivenCamera.cs: aea2468a7384be4ba6d1b043ccec135d -> 
  custom:container-demuxer-ogg: 62fdf1f143b41e24485cea50d1cbac27 -> 
  custom:scripting/monoscript/fileName/CinemachineBlenderSettings.cs: 9adcb80668a56be4cd8e31c1d3dc60ae -> 
  custom:scripting/monoscript/fileName/SignalSourceAsset.cs: f7ffd463dece56bad278f5a8d3ed7fc6 -> 
  custom:scripting/monoscript/fileName/CinemachineCore.cs: fe6c3be993819098833de1628bfd76b2 -> 
  custom:scripting/monoscript/fileName/CinemachineImpulseChannelPropertyDrawer.cs: 4b6390a17916751618e2a45cb8d47a80 -> 
  custom:scripting/monoscript/fileName/SerializedPropertyHelper.cs: b04ac165255e34bc2935ca9bf180e209 -> 
  custom:scripting/monoscript/fileName/CinemachineFramingTransposer.cs: 7943c9d436748359882d8f978cf86c91 -> 
  custom:scripting/monoscript/fileName/AxisState.cs: 1a494a66d8b9a58f4a6873f89bf5b094 -> 
  custom:scripting/monoscript/fileName/CinemachineClearShot.cs: 1da15f5c7903497ce3ae982ee4ee4779 -> 
  custom:scripting/monoscript/fileName/CinemachinePOVEditor.cs: 71db5a9242a182995b4ca15db516f628 -> 
  custom:scripting/monoscript/fileName/CinemachineMixer.cs: 2e36eb9e732dd7c8a32e8f83daebd6f4 -> 
  custom:scripting/monoscript/fileName/CinemachineConfiner.cs: 3813336c17662a5cb6b59ce5f1954254 -> 
  custom:video-codec-MediaFoundation-h265: 746d11721c4dcdbdad8f713fa42b33f4 -> 
  custom:scripting/monoscript/fileName/CinemachineBrain.cs: 365b4e0b6319f064062e97b8f8e32c8e -> 
  custom:scripting/monoscript/fileName/CinemachineImpulseDefinitionPropertyDrawer.cs: 1b2fc77b0a80a7e0e9045e0d44fb761c -> 
  custom:scripting/monoscript/fileName/CinemachineColliderPrefs.cs: 47106451d4685409820905badf49b71f -> 
  custom:scripting/monoscript/fileName/CinemachineFollowZoom.cs: eb74e2e98d3dc4647324e113f34710ca -> 
  custom:scripting/monoscript/fileName/CinemachineDebug.cs: 3077ed3b64725184c652d4c07ac732fd -> 
  custom:scripting/monoscript/fileName/CinemachineLensPresets.cs: 014747fb0ab87178c677520d0bf20bf7 -> 
  custom:video-decoder-ogg-theora: a1e56fd34408186e4bbccfd4996cb3dc -> 
  custom:scripting/monoscript/fileName/CinemachineCameraOffset.cs: a6887f67d3eb83cc6393b822d4e65121 -> 
  custom:scripting/monoscript/fileName/ICinemachineCamera.cs: 2faad4f04eaf5d98c2870adbfb06184e -> 
  custom:scripting/monoscript/fileName/CinemachineShotPlayable.cs: e346ad1ecb4af45da55274cb9abd9ec0 -> 
  custom:scripting/monoscript/fileName/CinemachineTagFieldPropertyDrawer.cs: e78491a12decd558a49d01cc583bfcfb -> 
  custom:framework-win-MediaFoundation: 216162199b28c13a410421893ffa2e32 -> 
  custom:scripting/monoscript/fileName/CinemachineVolumeSettings.cs: 22782cc3dbf8dfd1cb54e8486f29fe0d -> 
  custom:scripting/monoscript/fileName/CinemachineImpulseSourceEditor.cs: 0ef7804c69c18838aa65e6d5bae5b055 -> 
  custom:scripting/monoscript/fileName/CinemachineExternalCameraEditor.cs: d74df442250b898c9b40669a19100e9d -> 
  custom:scripting/monoscript/fileName/CinemachineTargetGroupEditor.cs: f70ac85df8c1c9bd0b83a35534bafd1f -> 
  custom:scripting/monoscript/fileName/CinemachineRecomposer.cs: 07354cca81f7d0775b027b5906330569 -> 
  custom:scripting/monoscript/fileName/CinemachineTransposer.cs: aa226dd144b3a977b86ea888b85df5fa -> 
  custom:scripting/monoscript/fileName/TargetPositionCache.cs: 49ce97e6930a536b43825141e0c2d3a4 -> 
  custom:scripting/monoscript/fileName/CinemachineExternalCamera.cs: d76122377115c288d881064c3f07a3f1 -> 
  custom:scripting/monoscript/fileName/ReflectionHelpers.cs: 60a5d38af3e775d0a421a7ff630d61cc -> 
  custom:scripting/monoscript/fileName/CinemachineVirtualCamera.cs: f16f2dc5bc1261579875c19605c45301 -> 
  custom:scripting/monoscript/fileName/Predictor.cs: d51584936cb5b31b30ee7b444e03385b -> 
  custom:scripting/monoscript/fileName/CinemachineOrbitalTransposerEditor.cs: 5ea2e4bec7ee6c24917bd86647f4bffa -> 
  custom:scripting/monoscript/fileName/CinemachineConfiner2DEditor.cs: 3f4b3d9b17ff5cd560135aa24f822994 -> 
  custom:scripting/monoscript/fileName/GroupWeightManipulator.cs: 588749cf3436a8199e762a8e09bc8de7 -> 
  custom:scripting/monoscript/fileName/AxisStatePropertyDrawer.cs: 2d807695a513641e771c78e6c342ff04 -> 
  custom:scripting/monoscript/fileName/CinemachineScreenComposerGuides.cs: cdc7ea02ccc4c8d1561d98d16760d1ca -> 
  custom:scripting/monoscript/fileName/CinemachinePropertyAttribute.cs: e8158d9725ac3a9129a08e46a4ff7519 -> 
  custom:scripting/monoscript/fileName/CinemachineVirtualCameraEditor.cs: 2e051d0c474634e907fe4123d6e2656e -> 
  custom:scripting/monoscript/fileName/CinemachineSettings.cs: 197f6d5ad32e253546b5afa056a5bba4 -> 
  custom:scripting/monoscript/fileName/CinemachineNoiseSettingsEditor.cs: 9056e69d9c759ba2504535054fff31c9 -> 
  custom:scripting/monoscript/fileName/CinemachineTriggerAction.cs: cab9c5d02c28af05797c2c3743539bdb -> 
  custom:scripting/monoscript/fileName/InspectorUtility.cs: d2444697ecf5f370ee1ff9969e9d66f8 -> 1cf92e4af45cb9e9886ec49564b001a9
  custom:CustomObjectIndexerAttribute: 9a22284fe3817be447336de3de66b15e -> 
  custom:scripting/monoscript/fileName/CinemachineBlenderSettingsEditor.cs: c57aa7de12bc3e7367ca091f4902c67b -> 
  custom:scripting/precompiled-assembly-types:Cinemachine: 54c8b091bb91c32bfeada952c9c53e21 -> 
  custom:scripting/monoscript/fileName/CinemachineImpulseDefinition.cs: 3d434086a2bdaf715abf85e79e9f14b4 -> 
  custom:scripting/precompiled-assembly-types:com.unity.cinemachine.editor: e24bde9f61664824443e2ae04112f2bb -> 
  custom:scripting/monoscript/fileName/Cinemachine3rdPersonFollowEditor.cs: f79aa162534f81c680877e6274b5d6ec -> 
  custom:scripting/monoscript/fileName/EmbeddedAssetPropertyDrawer.cs: fd7ebc18093de04c88d0cfc86fb060f5 -> 
  custom:container-demuxer-webm: 4f35f7cbe854078d1ac9338744f61a02 -> 
  custom:scripting/monoscript/fileName/ConfinerOven.cs: ff23c03e90b61beb34474fc6e4ff668c -> 
  custom:scripting/monoscript/fileName/WaveformWindow.cs: 01bbc4fc017d41a2bab7fb57c988e8da -> 
  custom:scripting/monoscript/fileName/CinemachinePipeline.cs: 6ca7a5979a0a73ea1d450a8fc9b437ef -> 
  custom:scripting/monoscript/fileName/VcamStageEditor.cs: 84b0eaf932b448975a99972628e556d8 -> 
  custom:scripting/monoscript/fileName/CinemachineFramingTransposerEditor.cs: 1653e1c00b2ca68b1d40f01e5bfb8445 -> 
  custom:scripting/monoscript/fileName/CinemachineStateDrivenCameraEditor.cs: 77d9f0a97385f936d9b4ffaa686bce39 -> 
  custom:scripting/monoscript/fileName/OrbitalTransposerHeadingPropertyDrawer.cs: 22496b76ce84f35f630c90badc4babd8 -> 
  custom:scripting/monoscript/fileName/CinemachinePathEditor.cs: ce10985fbf0e018e2dea63fedae131ba -> 
  custom:scripting/monoscript/fileName/CinemachineCollider.cs: 8fa92f525b1c31cd81812685d7f8c288 -> 
  custom:scripting/monoscript/fileName/CinemachineCollisionImpulseSourceEditor.cs: 29f9a522ec6b23375849ba08fd597c8d -> 
  custom:scripting/monoscript/fileName/CinemachineInputProvider.cs: ecb845de690695f08b3b3bb647cc7006 -> 
  custom:scripting/monoscript/fileName/CinemachineColliderEditor.cs: 859d1abbd669ee84cb713f6d4d0e1c5f -> 
  custom:scripting/monoscript/fileName/CinemachineExtension.cs: 6968db4afcdc301f6acb1ef4fbadb2f4 -> 
  custom:scripting/monoscript/fileName/CinemachineTargetGroup.cs: 10a09aa736b3a25da6dd9fc3c4dd9d36 -> 
  custom:scripting/monoscript/fileName/EmbeddedAssetHelpers.cs: 90647cc400823b41df847a6cbfc29026 -> 
  custom:scripting/monoscript/fileName/CinemachineBlendListCamera.cs: 66104ac24fef171d9f5d5b93a8cb2f83 -> 
  custom:scripting/monoscript/fileName/CinemachineComponentBase.cs: 5293f153c13e9bd2fc262ec31ff69206 -> 
  custom:scripting/monoscript/fileName/BaseEditor.cs: 90647cc400823b41df847a6cbfc29026 -> 
  custom:container-muxer-webm: aa71ff27fc2769a1b78a27578f13a17b -> 
  custom:video-decoder-webm-vp8: 9c59270c3fd7afecdb556c50c9e8de78 -> 
  custom:scripting/monoscript/fileName/CinemachineHardLookAt.cs: 792580aec23d39bcecd7ceea4c27a0ce -> 
  custom:scripting/monoscript/fileName/CinemachineInputAxisDriver.cs: 7e424e54660fed310c58dc98ea41042e -> 
  custom:scripting/monoscript/fileName/CinemachineStoryboardEditor.cs: 2e7ec8bfb72013eaaff4873a27da019c -> 
  custom:scripting/monoscript/fileName/CinemachineBasicMultiChannelPerlin.cs: bd5416e75860cd63657371207eb79058 -> 
  custom:SearchIndexIgnoredProperties: e643bd26f0fe6173181afceb89e7c659 -> 
  custom:AudioImporter_EditorPlatform: d09bf68614088b80899f8185d706f6e7 -> 
  custom:scripting/monoscript/fileName/CinemachineMixingCamera.cs: 739c5ceb76c01023f431794ec46a0177 -> 
  custom:scripting/monoscript/fileName/CinemachinePath.cs: b443d3c8837a65ddc3c78741cd58ec71 -> 
  custom:scripting/monoscript/fileName/CinemachineImpulseListenerEditor.cs: d5d28e418f87c111bce1c1b98f1f70ba -> 
  custom:scripting/monoscript/fileName/Avoider.cs: ae32a89b624ae2a4ae1c49a2b33fb966 -> 
  custom:scripting/monoscript/fileName/CinemachineDollyCart.cs: bbe9d07f4a2f7ee5ab002e66cb05f922 -> 
  custom:scripting/monoscript/fileName/CinemachineStoryboard.cs: 59a2099f76be9b47af1e12ed7d40f553 -> 
  custom:scripting/monoscript/fileName/CinemachinePixelPerfect.cs: 2f42bea4517739481ed2553d1616050e -> 
  custom:scripting/monoscript/fileName/CinemachineTrackedDolly.cs: f6a9c21b27ad86d45f62f6b444ccbb49 -> 
  custom:scripting/monoscript/fileName/CinemachineHardLookAtEditor.cs: 15b8f2af6a6d786898ce5dd6b0db26dc -> 
  custom:scripting/monoscript/fileName/CinemachineComposer.cs: e399dfd36807c341da7cd182ce299d1e -> 
  custom:scripting/monoscript/fileName/CinemachineTrack.cs: 4b50d47d507c57dc81b82253ec075194 -> 
  custom:scripting/monoscript/fileName/CinemachineSmoothPathEditor.cs: 7555bcba4eb760e012dd21c6730ae562 -> 
  custom:scripting/monoscript/fileName/ScriptableObjectUtility.cs: c529d074f6f57a07e3f410d488963bbc -> 
  custom:scripting/monoscript/fileName/CinemachineOrbitalTransposer.cs: 71c52878ba6d43827473a480056a99da -> 
  custom:scripting/monoscript/fileName/CinemachinePathBase.cs: debb99764287c54cae06313e2d6a1fe1 -> 
  custom:scripting/monoscript/fileName/CinemachineImpulseSource.cs: ac073b8453e26c5dd422d5f1a90a7ff2 -> 
  custom:scripting/monoscript/fileName/CinemachineImpulseEnvelopePropertyDrawer.cs: 07e00c9c84964a5c7e4f3f19e4263ec1 -> 
  custom:scripting/monoscript/fileName/SplineHelpers.cs: 9e5bf4293b3828088291b7871e233a27 -> 
  custom:scripting/monoscript/fileName/CinemachineSameAsFollowTargetEditor.cs: 6def40fc1e39b3242347b6630fb5127e -> 
  custom:scripting/monoscript/fileName/CinemachineBlendListCameraEditor.cs: dbc12d2a9f3e2999a067290c411b2aca -> 
  custom:scripting/monoscript/fileName/CinemachineShot.cs: 3d4d9d05534db20e82d871d98ea52716 -> 
  custom:scripting/monoscript/fileName/UnityVectorExtensions.cs: 052777772edecdffe26d41a6a989641e -> 
  custom:scripting/monoscript/fileName/CinemachineBasicMultiChannelPerlinEditor.cs: d6749cd6c482efa27bdd41f60394f1b9 -> 
  custom:scripting/monoscript/fileName/CinemachineImpulseChannels.cs: a9a39cc5ecea1f083db0fce154eec19c -> 
  custom:scripting/monoscript/fileName/CinemachineHardLockToTarget.cs: d349308c5b4f600a345055c394206f52 -> 
  custom:scripting/monoscript/fileName/CinemachineConfiner2D.cs: beb10be0db8ff9d3a94bd0a150963b9b -> 
  custom:scripting/monoscript/fileName/LensSettings.cs: 4335e899502c57ee4480b8c9aa915366 -> 
  custom:scripting/monoscript/fileName/Cinemachine3rdPersonAim.cs: 4bd230d915f070bb3cae23bef6f7ab70 -> 
  custom:scripting/monoscript/fileName/CinemachineImpulseListener.cs: 6aac146243d38e7a67346170caa40ea1 -> 
  custom:video-encoder-webm-vp8: eb34c28f22e8b96e1ab97ce403110664 -> 
  custom:scripting/monoscript/fileName/CinemachineMenu.cs: 7b932811d9fa1e44d0d8b2b9ed75adf3 -> 
  custom:scripting/monoscript/fileName/RuntimeUtility.cs: 8c92a9f673836e5d2084dbeb0f10159f -> 
  custom:scripting/monoscript/fileName/CinemachineFreeLook.cs: bebc32b18bc4beddc113bad68624e557 -> 
  custom:audio-decoder-ogg-vorbis: bf7c407c2cedff20999df2af8eb42d56 -> 
  custom:scripting/monoscript/fileName/CinemachineGroupComposer.cs: 173a689a80ef321c302f9c045419668f -> 
  custom:scripting/monoscript/fileName/CinemachineVirtualCameraBase.cs: c7e60cccdcb14ee2a33da9fd46c1c54f -> 
  custom:scripting/monoscript/fileName/CinemachineFixedSignal.cs: aedcdca7a861da6e456e0ae105b24c41 -> 
  custom:scripting/monoscript/fileName/CinemachineShotClipEditor.cs: 123a48531bf1d1b4f3c8398556caec62 -> 
  custom:scripting/monoscript/fileName/CinemachineTouchInputMapper.cs: b9698729a07a7d31c864247e0582b566 -> 
  custom:scripting/monoscript/fileName/CinemachinePOV.cs: e4df06d1994174afa286b103eb06ee7f -> 
  custom:scripting/monoscript/fileName/CinemachineBlend.cs: f33659d50c4d86144d649aa7e8196529 -> 
  custom:scripting/monoscript/fileName/CinemachineFreeLookEditor.cs: 9641291977c1891a004ac4c4c259e1c8 -> 
  custom:scripting/monoscript/fileName/CinemachineTransposerEditor.cs: 85841a774ddea4fb7232a7a585f716b4 -> 
  custom:scripting/monoscript/fileName/clipper.cs: 2a50e35a835148907b3c1fa8e187ab2b -> 
  custom:scripting/monoscript/fileName/NoiseSettings.cs: 443d576e0c72ab62870476103c9384ec -> 
  custom:scripting/monoscript/fileName/GaussianFilter.cs: 0a3672ebe80edf7c5daca82445c15683 -> 
  custom:scripting/monoscript/fileName/CinemachineSceneTools.cs: d63880a6073ab3335301b115db235b5b -> 
  custom:scripting/monoscript/fileName/CinemachineTriggerActionEditor.cs: 2309a2ec6192ace4cae8bab5a535978e -> 
  custom:scripting/monoscript/fileName/VcamTargetPropertyDrawer.cs: 9208050b1312b118a226fef2d63e8fa1 -> 
  custom:scripting/monoscript/fileName/CinemachineCollisionImpulseSource.cs: 9aae5e368cb7786be199f98f2122f96d -> 
  custom:scripting/monoscript/fileName/CinemachineClearShotEditor.cs: ca8875b47e775cd361c78158d7923690 -> 
  custom:scripting/monoscript/fileName/CinemachineEditorAnalytics.cs: de76cc292d7ecedcf47af6616498c9f9 -> 
  custom:scripting/monoscript/fileName/NoiseSettingsPropertyDrawer.cs: 8d3f69ba7eeec63914970bd3136b6ace -> 
  custom:scripting/monoscript/fileName/CinemachineBrainEditor.cs: 49621d8b7679c0b5d128fef53d55becd -> 
  custom:scripting/monoscript/fileName/CinemachineShotEditor.cs: 2ba28b209a4ad7f0a791994d2360a9af -> 
  custom:scripting/monoscript/fileName/PlayerMovement.cs: 42480eed24e61f9d7e7e895933644f96 -> 
  custom:scripting/monoscript/fileName/CinemachineHardLockToTargetEditor.cs: c65eaafd47115974a2a9379aae467b0e -> 
  custom:audio-encoder-webm-vorbis: bf7c407c2cedff20999df2af8eb42d56 -> 
  custom:scripting/monoscript/fileName/CameraState.cs: 6ae7088fa20820e052d1e4d86059e90b -> 
  custom:scripting/monoscript/fileName/CinemachineToolbarOverlay.cs: 371b6fc494252d6fda34e207e170cb66 -> 
  custom:scripting/monoscript/fileName/CinemachineIndependentImpulseListener.cs: 91ae8748b9c36955c333e57505ff90fb -> 
  custom:scripting/monoscript/fileName/CinemachineMixingCameraEditor.cs: 1c122a21d710512fec62cdc7bd351681 -> 
  custom:scripting/monoscript/fileName/CinemachinePostProcessing.cs: bf9b100a1b61fd5383288bc96487c194 -> 
  custom:scripting/monoscript/fileName/CinemachineSameAsFollowTarget.cs: bcfa2d394e1e5460b4ef3dc039214a16 -> 
  custom:scripting/monoscript/fileName/CinemachineVirtualCameraBaseEditor.cs: 13ee4931cd85df4b22852d0547b5e690 -> 
  custom:scripting/monoscript/fileName/UpdateTracker.cs: 3dac8a24a32a32e4bbfeb38ed26ef250 -> 
  custom:scripting/monoscript/fileName/CinemachineComposerEditor.cs: dda533b9c6cb2b366292f584704bd904 -> 
  custom:scripting/monoscript/fileName/Cinemachine3rdPersonFollow.cs: 4600bac2bdf6b37d80e86f9aa5a413c3 -> 
  custom:scripting/precompiled-assembly-types:Assembly-CSharp: e66928de38364bb08ef9436b3612de99 -> 
  custom:scripting/monoscript/fileName/SaveDuringPlay.cs: de39f1962b337699845d3d8a2e8f5bde -> 
========================================================================
Received Prepare
Caller must complete domain reload
Begin MonoManager ReloadAssembly
- Loaded All Assemblies, in  0.253 seconds
Native extension for WindowsStandalone target not found
Mono: successfully reloaded assembly
- Finished resetting the current domain, in  0.564 seconds
Domain Reload Profiling: 816ms
	BeginReloadAssembly (88ms)
		ExecutionOrderSort (0ms)
		DisableScriptedObjects (3ms)
		BackupInstance (0ms)
		ReleaseScriptingObjects (0ms)
		CreateAndSetChildDomain (16ms)
	RebuildCommonClasses (19ms)
	RebuildNativeTypeToScriptingClass (6ms)
	initialDomainReloadingComplete (15ms)
	LoadAllAssembliesAndSetupDomain (124ms)
		LoadAssemblies (157ms)
		RebuildTransferFunctionScriptingTraits (0ms)
		AnalyzeDomain (14ms)
			TypeCache.Refresh (6ms)
				TypeCache.ScanAssembly (0ms)
			ScanForSourceGeneratedMonoScriptInfo (4ms)
			ResolveRequiredComponents (3ms)
	FinalizeReload (564ms)
		ReleaseScriptCaches (0ms)
		RebuildScriptCaches (0ms)
		SetupLoadedEditorAssemblies (229ms)
			LogAssemblyErrors (0ms)
			InitializePlatformSupportModulesInManaged (3ms)
			SetLoadedEditorAssemblies (2ms)
			RefreshPlugins (0ms)
			BeforeProcessingInitializeOnLoad (32ms)
			ProcessInitializeOnLoadAttributes (179ms)
			ProcessInitializeOnLoadMethodAttributes (11ms)
			AfterProcessingInitializeOnLoad (2ms)
			EditorAssembliesLoaded (0ms)
		ExecutionOrderSort2 (0ms)
		AwakeInstancesAfterBackupRestoration (5ms)
Refreshing native plugins compatible for Editor in 2.44 ms, found 3 plugins.
Preloading 0 native plugins for Editor in 0.00 ms.
Unloading 3391 Unused Serialized files (Serialized files now loaded: 0)
Unloading 16 unused Assets / (124.4 KB). Loaded Objects now: 4029.
Memory consumption went from 130.3 MB to 130.2 MB.
Total: 2.009400 ms (FindLiveObjects: 0.155100 ms CreateObjectMapping: 0.046700 ms MarkObjects: 1.735800 ms  DeleteObjects: 0.070800 ms)

Prepare: number of updated asset objects reloaded= 0
AssetImportParameters requested are different than current active one (requested -> active):
  custom:scripting/monoscript/fileName/CinemachineGroupComposerEditor.cs: 54a07f36704e77a685a5e7e8c8b2c216 -> 
  custom:scripting/monoscript/fileName/CinemachineConfinerEditor.cs: cc6c898a3390647ab91613c8a96de4b4 -> 
  custom:scripting/monoscript/fileName/CinemachineBlendDefinitionPropertyDrawer.cs: 7ae344d19d646b738f3c65294becf216 -> 
  custom:scripting/monoscript/fileName/CinemachineTrackedDollyEditor.cs: b4d6784c58752cea58aafd9a76ca4459 -> 
  custom:scripting/monoscript/fileName/CinemachineImpulseManager.cs: c34be3577a810e26fd0110c580799b88 -> 
  custom:scripting/monoscript/fileName/CinemachineSmoothPath.cs: c28db2688f35d70587b5f943431a010a -> 
  custom:scripting/monoscript/fileName/CinemachineStateDrivenCamera.cs: aea2468a7384be4ba6d1b043ccec135d -> 
  custom:container-demuxer-ogg: 62fdf1f143b41e24485cea50d1cbac27 -> 
  custom:scripting/monoscript/fileName/CinemachineBlenderSettings.cs: 9adcb80668a56be4cd8e31c1d3dc60ae -> 
  custom:scripting/monoscript/fileName/SignalSourceAsset.cs: f7ffd463dece56bad278f5a8d3ed7fc6 -> 
  custom:scripting/monoscript/fileName/CinemachineCore.cs: fe6c3be993819098833de1628bfd76b2 -> 
  custom:scripting/monoscript/fileName/CinemachineImpulseChannelPropertyDrawer.cs: 4b6390a17916751618e2a45cb8d47a80 -> 
  custom:scripting/monoscript/fileName/SerializedPropertyHelper.cs: b04ac165255e34bc2935ca9bf180e209 -> 
  custom:scripting/monoscript/fileName/CinemachineFramingTransposer.cs: 7943c9d436748359882d8f978cf86c91 -> 
  custom:scripting/monoscript/fileName/AxisState.cs: 1a494a66d8b9a58f4a6873f89bf5b094 -> 
  custom:scripting/monoscript/fileName/CinemachineClearShot.cs: 1da15f5c7903497ce3ae982ee4ee4779 -> 
  custom:scripting/monoscript/fileName/CinemachinePOVEditor.cs: 71db5a9242a182995b4ca15db516f628 -> 
  custom:scripting/monoscript/fileName/CinemachineMixer.cs: 2e36eb9e732dd7c8a32e8f83daebd6f4 -> 
  custom:scripting/monoscript/fileName/CinemachineConfiner.cs: 3813336c17662a5cb6b59ce5f1954254 -> 
  custom:video-codec-MediaFoundation-h265: 746d11721c4dcdbdad8f713fa42b33f4 -> 
  custom:scripting/monoscript/fileName/CinemachineBrain.cs: 365b4e0b6319f064062e97b8f8e32c8e -> 
  custom:scripting/monoscript/fileName/CinemachineImpulseDefinitionPropertyDrawer.cs: 1b2fc77b0a80a7e0e9045e0d44fb761c -> 
  custom:scripting/monoscript/fileName/CinemachineColliderPrefs.cs: 47106451d4685409820905badf49b71f -> 
  custom:scripting/monoscript/fileName/CinemachineFollowZoom.cs: eb74e2e98d3dc4647324e113f34710ca -> 
  custom:scripting/monoscript/fileName/CinemachineDebug.cs: 3077ed3b64725184c652d4c07ac732fd -> 
  custom:scripting/monoscript/fileName/CinemachineLensPresets.cs: 014747fb0ab87178c677520d0bf20bf7 -> 
  custom:video-decoder-ogg-theora: a1e56fd34408186e4bbccfd4996cb3dc -> 
  custom:scripting/monoscript/fileName/CinemachineCameraOffset.cs: a6887f67d3eb83cc6393b822d4e65121 -> 
  custom:scripting/monoscript/fileName/ICinemachineCamera.cs: 2faad4f04eaf5d98c2870adbfb06184e -> 
  custom:scripting/monoscript/fileName/CinemachineShotPlayable.cs: e346ad1ecb4af45da55274cb9abd9ec0 -> 
  custom:scripting/monoscript/fileName/CinemachineTagFieldPropertyDrawer.cs: e78491a12decd558a49d01cc583bfcfb -> 
  custom:framework-win-MediaFoundation: 216162199b28c13a410421893ffa2e32 -> 
  custom:scripting/monoscript/fileName/CinemachineVolumeSettings.cs: 22782cc3dbf8dfd1cb54e8486f29fe0d -> 
  custom:scripting/monoscript/fileName/CinemachineImpulseSourceEditor.cs: 0ef7804c69c18838aa65e6d5bae5b055 -> 
  custom:scripting/monoscript/fileName/CinemachineExternalCameraEditor.cs: d74df442250b898c9b40669a19100e9d -> 
  custom:scripting/monoscript/fileName/CinemachineTargetGroupEditor.cs: f70ac85df8c1c9bd0b83a35534bafd1f -> 
  custom:scripting/monoscript/fileName/CinemachineRecomposer.cs: 07354cca81f7d0775b027b5906330569 -> 
  custom:scripting/monoscript/fileName/CinemachineTransposer.cs: aa226dd144b3a977b86ea888b85df5fa -> 
  custom:scripting/monoscript/fileName/TargetPositionCache.cs: 49ce97e6930a536b43825141e0c2d3a4 -> 
  custom:scripting/monoscript/fileName/CinemachineExternalCamera.cs: d76122377115c288d881064c3f07a3f1 -> 
  custom:scripting/monoscript/fileName/ReflectionHelpers.cs: 60a5d38af3e775d0a421a7ff630d61cc -> 
  custom:scripting/monoscript/fileName/CinemachineVirtualCamera.cs: f16f2dc5bc1261579875c19605c45301 -> 
  custom:scripting/monoscript/fileName/Predictor.cs: d51584936cb5b31b30ee7b444e03385b -> 
  custom:scripting/monoscript/fileName/CinemachineOrbitalTransposerEditor.cs: 5ea2e4bec7ee6c24917bd86647f4bffa -> 
  custom:scripting/monoscript/fileName/CinemachineConfiner2DEditor.cs: 3f4b3d9b17ff5cd560135aa24f822994 -> 
  custom:scripting/monoscript/fileName/GroupWeightManipulator.cs: 588749cf3436a8199e762a8e09bc8de7 -> 
  custom:scripting/monoscript/fileName/AxisStatePropertyDrawer.cs: 2d807695a513641e771c78e6c342ff04 -> 
  custom:scripting/monoscript/fileName/CinemachineScreenComposerGuides.cs: cdc7ea02ccc4c8d1561d98d16760d1ca -> 
  custom:scripting/monoscript/fileName/CinemachinePropertyAttribute.cs: e8158d9725ac3a9129a08e46a4ff7519 -> 
  custom:scripting/monoscript/fileName/CinemachineVirtualCameraEditor.cs: 2e051d0c474634e907fe4123d6e2656e -> 
  custom:scripting/monoscript/fileName/CinemachineSettings.cs: 197f6d5ad32e253546b5afa056a5bba4 -> 
  custom:scripting/monoscript/fileName/CinemachineNoiseSettingsEditor.cs: 9056e69d9c759ba2504535054fff31c9 -> 
  custom:scripting/monoscript/fileName/CinemachineTriggerAction.cs: cab9c5d02c28af05797c2c3743539bdb -> 
  custom:scripting/monoscript/fileName/InspectorUtility.cs: d2444697ecf5f370ee1ff9969e9d66f8 -> 1cf92e4af45cb9e9886ec49564b001a9
  custom:CustomObjectIndexerAttribute: 9a22284fe3817be447336de3de66b15e -> 
  custom:scripting/monoscript/fileName/CinemachineBlenderSettingsEditor.cs: c57aa7de12bc3e7367ca091f4902c67b -> 
  custom:scripting/precompiled-assembly-types:Cinemachine: 54c8b091bb91c32bfeada952c9c53e21 -> 
  custom:scripting/monoscript/fileName/CinemachineImpulseDefinition.cs: 3d434086a2bdaf715abf85e79e9f14b4 -> 
  custom:scripting/precompiled-assembly-types:com.unity.cinemachine.editor: e24bde9f61664824443e2ae04112f2bb -> 
  custom:scripting/monoscript/fileName/Cinemachine3rdPersonFollowEditor.cs: f79aa162534f81c680877e6274b5d6ec -> 
  custom:scripting/monoscript/fileName/EmbeddedAssetPropertyDrawer.cs: fd7ebc18093de04c88d0cfc86fb060f5 -> 
  custom:container-demuxer-webm: 4f35f7cbe854078d1ac9338744f61a02 -> 
  custom:scripting/monoscript/fileName/ConfinerOven.cs: ff23c03e90b61beb34474fc6e4ff668c -> 
  custom:scripting/monoscript/fileName/WaveformWindow.cs: 01bbc4fc017d41a2bab7fb57c988e8da -> 
  custom:scripting/monoscript/fileName/CinemachinePipeline.cs: 6ca7a5979a0a73ea1d450a8fc9b437ef -> 
  custom:scripting/monoscript/fileName/VcamStageEditor.cs: 84b0eaf932b448975a99972628e556d8 -> 
  custom:scripting/monoscript/fileName/CinemachineFramingTransposerEditor.cs: 1653e1c00b2ca68b1d40f01e5bfb8445 -> 
  custom:scripting/monoscript/fileName/CinemachineStateDrivenCameraEditor.cs: 77d9f0a97385f936d9b4ffaa686bce39 -> 
  custom:scripting/monoscript/fileName/OrbitalTransposerHeadingPropertyDrawer.cs: 22496b76ce84f35f630c90badc4babd8 -> 
  custom:scripting/monoscript/fileName/CinemachinePathEditor.cs: ce10985fbf0e018e2dea63fedae131ba -> 
  custom:scripting/monoscript/fileName/CinemachineCollider.cs: 8fa92f525b1c31cd81812685d7f8c288 -> 
  custom:scripting/monoscript/fileName/CinemachineCollisionImpulseSourceEditor.cs: 29f9a522ec6b23375849ba08fd597c8d -> 
  custom:scripting/monoscript/fileName/CinemachineInputProvider.cs: ecb845de690695f08b3b3bb647cc7006 -> 
  custom:scripting/monoscript/fileName/CinemachineColliderEditor.cs: 859d1abbd669ee84cb713f6d4d0e1c5f -> 
  custom:scripting/monoscript/fileName/CinemachineExtension.cs: 6968db4afcdc301f6acb1ef4fbadb2f4 -> 
  custom:scripting/monoscript/fileName/CinemachineTargetGroup.cs: 10a09aa736b3a25da6dd9fc3c4dd9d36 -> 
  custom:scripting/monoscript/fileName/EmbeddedAssetHelpers.cs: 90647cc400823b41df847a6cbfc29026 -> 
  custom:scripting/monoscript/fileName/CinemachineBlendListCamera.cs: 66104ac24fef171d9f5d5b93a8cb2f83 -> 
  custom:scripting/monoscript/fileName/CinemachineComponentBase.cs: 5293f153c13e9bd2fc262ec31ff69206 -> 
  custom:scripting/monoscript/fileName/BaseEditor.cs: 90647cc400823b41df847a6cbfc29026 -> 
  custom:container-muxer-webm: aa71ff27fc2769a1b78a27578f13a17b -> 
  custom:video-decoder-webm-vp8: 9c59270c3fd7afecdb556c50c9e8de78 -> 
  custom:scripting/monoscript/fileName/CinemachineHardLookAt.cs: 792580aec23d39bcecd7ceea4c27a0ce -> 
  custom:scripting/monoscript/fileName/CinemachineInputAxisDriver.cs: 7e424e54660fed310c58dc98ea41042e -> 
  custom:scripting/monoscript/fileName/CinemachineStoryboardEditor.cs: 2e7ec8bfb72013eaaff4873a27da019c -> 
  custom:scripting/monoscript/fileName/CinemachineBasicMultiChannelPerlin.cs: bd5416e75860cd63657371207eb79058 -> 
  custom:SearchIndexIgnoredProperties: e643bd26f0fe6173181afceb89e7c659 -> 
  custom:AudioImporter_EditorPlatform: d09bf68614088b80899f8185d706f6e7 -> 
  custom:scripting/monoscript/fileName/CinemachineMixingCamera.cs: 739c5ceb76c01023f431794ec46a0177 -> 
  custom:scripting/monoscript/fileName/CinemachinePath.cs: b443d3c8837a65ddc3c78741cd58ec71 -> 
  custom:scripting/monoscript/fileName/CinemachineImpulseListenerEditor.cs: d5d28e418f87c111bce1c1b98f1f70ba -> 
  custom:scripting/monoscript/fileName/Avoider.cs: ae32a89b624ae2a4ae1c49a2b33fb966 -> 
  custom:scripting/monoscript/fileName/CinemachineDollyCart.cs: bbe9d07f4a2f7ee5ab002e66cb05f922 -> 
  custom:scripting/monoscript/fileName/CinemachineStoryboard.cs: 59a2099f76be9b47af1e12ed7d40f553 -> 
  custom:scripting/monoscript/fileName/CinemachinePixelPerfect.cs: 2f42bea4517739481ed2553d1616050e -> 
  custom:scripting/monoscript/fileName/CinemachineTrackedDolly.cs: f6a9c21b27ad86d45f62f6b444ccbb49 -> 
  custom:scripting/monoscript/fileName/CinemachineHardLookAtEditor.cs: 15b8f2af6a6d786898ce5dd6b0db26dc -> 
  custom:scripting/monoscript/fileName/CinemachineComposer.cs: e399dfd36807c341da7cd182ce299d1e -> 
  custom:scripting/monoscript/fileName/CinemachineTrack.cs: 4b50d47d507c57dc81b82253ec075194 -> 
  custom:scripting/monoscript/fileName/CinemachineSmoothPathEditor.cs: 7555bcba4eb760e012dd21c6730ae562 -> 
  custom:scripting/monoscript/fileName/ScriptableObjectUtility.cs: c529d074f6f57a07e3f410d488963bbc -> 
  custom:scripting/monoscript/fileName/CinemachineOrbitalTransposer.cs: 71c52878ba6d43827473a480056a99da -> 
  custom:scripting/monoscript/fileName/CinemachinePathBase.cs: debb99764287c54cae06313e2d6a1fe1 -> 
  custom:scripting/monoscript/fileName/CinemachineImpulseSource.cs: ac073b8453e26c5dd422d5f1a90a7ff2 -> 
  custom:scripting/monoscript/fileName/CinemachineImpulseEnvelopePropertyDrawer.cs: 07e00c9c84964a5c7e4f3f19e4263ec1 -> 
  custom:scripting/monoscript/fileName/SplineHelpers.cs: 9e5bf4293b3828088291b7871e233a27 -> 
  custom:scripting/monoscript/fileName/CinemachineSameAsFollowTargetEditor.cs: 6def40fc1e39b3242347b6630fb5127e -> 
  custom:scripting/monoscript/fileName/CinemachineBlendListCameraEditor.cs: dbc12d2a9f3e2999a067290c411b2aca -> 
  custom:scripting/monoscript/fileName/CinemachineShot.cs: 3d4d9d05534db20e82d871d98ea52716 -> 
  custom:scripting/monoscript/fileName/UnityVectorExtensions.cs: 052777772edecdffe26d41a6a989641e -> 
  custom:scripting/monoscript/fileName/CinemachineBasicMultiChannelPerlinEditor.cs: d6749cd6c482efa27bdd41f60394f1b9 -> 
  custom:scripting/monoscript/fileName/CinemachineImpulseChannels.cs: a9a39cc5ecea1f083db0fce154eec19c -> 
  custom:scripting/monoscript/fileName/CinemachineHardLockToTarget.cs: d349308c5b4f600a345055c394206f52 -> 
  custom:scripting/monoscript/fileName/CinemachineConfiner2D.cs: beb10be0db8ff9d3a94bd0a150963b9b -> 
  custom:scripting/monoscript/fileName/LensSettings.cs: 4335e899502c57ee4480b8c9aa915366 -> 
  custom:scripting/monoscript/fileName/Cinemachine3rdPersonAim.cs: 4bd230d915f070bb3cae23bef6f7ab70 -> 
  custom:scripting/monoscript/fileName/CinemachineImpulseListener.cs: 6aac146243d38e7a67346170caa40ea1 -> 
  custom:video-encoder-webm-vp8: eb34c28f22e8b96e1ab97ce403110664 -> 
  custom:scripting/monoscript/fileName/CinemachineMenu.cs: 7b932811d9fa1e44d0d8b2b9ed75adf3 -> 
  custom:scripting/monoscript/fileName/RuntimeUtility.cs: 8c92a9f673836e5d2084dbeb0f10159f -> 
  custom:scripting/monoscript/fileName/CinemachineFreeLook.cs: bebc32b18bc4beddc113bad68624e557 -> 
  custom:audio-decoder-ogg-vorbis: bf7c407c2cedff20999df2af8eb42d56 -> 
  custom:scripting/monoscript/fileName/CinemachineGroupComposer.cs: 173a689a80ef321c302f9c045419668f -> 
  custom:scripting/monoscript/fileName/CinemachineVirtualCameraBase.cs: c7e60cccdcb14ee2a33da9fd46c1c54f -> 
  custom:scripting/monoscript/fileName/CinemachineFixedSignal.cs: aedcdca7a861da6e456e0ae105b24c41 -> 
  custom:scripting/monoscript/fileName/CinemachineShotClipEditor.cs: 123a48531bf1d1b4f3c8398556caec62 -> 
  custom:scripting/monoscript/fileName/CinemachineTouchInputMapper.cs: b9698729a07a7d31c864247e0582b566 -> 
  custom:scripting/monoscript/fileName/CinemachinePOV.cs: e4df06d1994174afa286b103eb06ee7f -> 
  custom:scripting/monoscript/fileName/CinemachineBlend.cs: f33659d50c4d86144d649aa7e8196529 -> 
  custom:scripting/monoscript/fileName/CinemachineFreeLookEditor.cs: 9641291977c1891a004ac4c4c259e1c8 -> 
  custom:scripting/monoscript/fileName/CinemachineTransposerEditor.cs: 85841a774ddea4fb7232a7a585f716b4 -> 
  custom:scripting/monoscript/fileName/clipper.cs: 2a50e35a835148907b3c1fa8e187ab2b -> 
  custom:scripting/monoscript/fileName/NoiseSettings.cs: 443d576e0c72ab62870476103c9384ec -> 
  custom:scripting/monoscript/fileName/GaussianFilter.cs: 0a3672ebe80edf7c5daca82445c15683 -> 
  custom:scripting/monoscript/fileName/CinemachineSceneTools.cs: d63880a6073ab3335301b115db235b5b -> 
  custom:scripting/monoscript/fileName/CinemachineTriggerActionEditor.cs: 2309a2ec6192ace4cae8bab5a535978e -> 
  custom:scripting/monoscript/fileName/VcamTargetPropertyDrawer.cs: 9208050b1312b118a226fef2d63e8fa1 -> 
  custom:scripting/monoscript/fileName/CinemachineCollisionImpulseSource.cs: 9aae5e368cb7786be199f98f2122f96d -> 
  custom:scripting/monoscript/fileName/CinemachineClearShotEditor.cs: ca8875b47e775cd361c78158d7923690 -> 
  custom:scripting/monoscript/fileName/CinemachineEditorAnalytics.cs: de76cc292d7ecedcf47af6616498c9f9 -> 
  custom:scripting/monoscript/fileName/NoiseSettingsPropertyDrawer.cs: 8d3f69ba7eeec63914970bd3136b6ace -> 
  custom:scripting/monoscript/fileName/CinemachineBrainEditor.cs: 49621d8b7679c0b5d128fef53d55becd -> 
  custom:scripting/monoscript/fileName/CinemachineShotEditor.cs: 2ba28b209a4ad7f0a791994d2360a9af -> 
  custom:scripting/monoscript/fileName/PlayerMovement.cs: 42480eed24e61f9d7e7e895933644f96 -> 
  custom:scripting/monoscript/fileName/CinemachineHardLockToTargetEditor.cs: c65eaafd47115974a2a9379aae467b0e -> 
  custom:audio-encoder-webm-vorbis: bf7c407c2cedff20999df2af8eb42d56 -> 
  custom:scripting/monoscript/fileName/CameraState.cs: 6ae7088fa20820e052d1e4d86059e90b -> 
  custom:scripting/monoscript/fileName/CinemachineToolbarOverlay.cs: 371b6fc494252d6fda34e207e170cb66 -> 
  custom:scripting/monoscript/fileName/CinemachineIndependentImpulseListener.cs: 91ae8748b9c36955c333e57505ff90fb -> 
  custom:scripting/monoscript/fileName/CinemachineMixingCameraEditor.cs: 1c122a21d710512fec62cdc7bd351681 -> 
  custom:scripting/monoscript/fileName/CinemachinePostProcessing.cs: bf9b100a1b61fd5383288bc96487c194 -> 
  custom:scripting/monoscript/fileName/CinemachineSameAsFollowTarget.cs: bcfa2d394e1e5460b4ef3dc039214a16 -> 
  custom:scripting/monoscript/fileName/CinemachineVirtualCameraBaseEditor.cs: 13ee4931cd85df4b22852d0547b5e690 -> 
  custom:scripting/monoscript/fileName/UpdateTracker.cs: 3dac8a24a32a32e4bbfeb38ed26ef250 -> 
  custom:scripting/monoscript/fileName/CinemachineComposerEditor.cs: dda533b9c6cb2b366292f584704bd904 -> 
  custom:scripting/monoscript/fileName/Cinemachine3rdPersonFollow.cs: 4600bac2bdf6b37d80e86f9aa5a413c3 -> 
  custom:scripting/precompiled-assembly-types:Assembly-CSharp: e66928de38364bb08ef9436b3612de99 -> 
  custom:scripting/monoscript/fileName/SaveDuringPlay.cs: de39f1962b337699845d3d8a2e8f5bde -> 
========================================================================
Received Prepare
Caller must complete domain reload
Begin MonoManager ReloadAssembly
- Loaded All Assemblies, in  0.249 seconds
Native extension for WindowsStandalone target not found
Mono: successfully reloaded assembly
- Finished resetting the current domain, in  0.680 seconds
Domain Reload Profiling: 929ms
	BeginReloadAssembly (90ms)
		ExecutionOrderSort (0ms)
		DisableScriptedObjects (3ms)
		BackupInstance (0ms)
		ReleaseScriptingObjects (0ms)
		CreateAndSetChildDomain (15ms)
	RebuildCommonClasses (18ms)
	RebuildNativeTypeToScriptingClass (6ms)
	initialDomainReloadingComplete (14ms)
	LoadAllAssembliesAndSetupDomain (120ms)
		LoadAssemblies (159ms)
		RebuildTransferFunctionScriptingTraits (0ms)
		AnalyzeDomain (10ms)
			TypeCache.Refresh (5ms)
				TypeCache.ScanAssembly (0ms)
			ScanForSourceGeneratedMonoScriptInfo (0ms)
			ResolveRequiredComponents (3ms)
	FinalizeReload (680ms)
		ReleaseScriptCaches (0ms)
		RebuildScriptCaches (0ms)
		SetupLoadedEditorAssemblies (313ms)
			LogAssemblyErrors (0ms)
			InitializePlatformSupportModulesInManaged (3ms)
			SetLoadedEditorAssemblies (2ms)
			RefreshPlugins (0ms)
			BeforeProcessingInitializeOnLoad (43ms)
			ProcessInitializeOnLoadAttributes (246ms)
			ProcessInitializeOnLoadMethodAttributes (16ms)
			AfterProcessingInitializeOnLoad (2ms)
			EditorAssembliesLoaded (0ms)
		ExecutionOrderSort2 (0ms)
		AwakeInstancesAfterBackupRestoration (6ms)
Refreshing native plugins compatible for Editor in 2.60 ms, found 3 plugins.
Preloading 0 native plugins for Editor in 0.00 ms.
Unloading 3391 Unused Serialized files (Serialized files now loaded: 0)
Unloading 16 unused Assets / (124.5 KB). Loaded Objects now: 4044.
Memory consumption went from 130.3 MB to 130.2 MB.
Total: 2.172000 ms (FindLiveObjects: 0.158600 ms CreateObjectMapping: 0.042100 ms MarkObjects: 1.903000 ms  DeleteObjects: 0.067500 ms)

Prepare: number of updated asset objects reloaded= 0
AssetImportParameters requested are different than current active one (requested -> active):
  custom:scripting/monoscript/fileName/CinemachineGroupComposerEditor.cs: 54a07f36704e77a685a5e7e8c8b2c216 -> 
  custom:scripting/monoscript/fileName/CinemachineConfinerEditor.cs: cc6c898a3390647ab91613c8a96de4b4 -> 
  custom:scripting/monoscript/fileName/CinemachineBlendDefinitionPropertyDrawer.cs: 7ae344d19d646b738f3c65294becf216 -> 
  custom:scripting/monoscript/fileName/CinemachineTrackedDollyEditor.cs: b4d6784c58752cea58aafd9a76ca4459 -> 
  custom:scripting/monoscript/fileName/CinemachineImpulseManager.cs: c34be3577a810e26fd0110c580799b88 -> 
  custom:scripting/monoscript/fileName/CinemachineSmoothPath.cs: c28db2688f35d70587b5f943431a010a -> 
  custom:scripting/monoscript/fileName/CinemachineStateDrivenCamera.cs: aea2468a7384be4ba6d1b043ccec135d -> 
  custom:container-demuxer-ogg: 62fdf1f143b41e24485cea50d1cbac27 -> 
  custom:scripting/monoscript/fileName/CinemachineBlenderSettings.cs: 9adcb80668a56be4cd8e31c1d3dc60ae -> 
  custom:scripting/monoscript/fileName/SignalSourceAsset.cs: f7ffd463dece56bad278f5a8d3ed7fc6 -> 
  custom:scripting/monoscript/fileName/CinemachineCore.cs: fe6c3be993819098833de1628bfd76b2 -> 
  custom:scripting/monoscript/fileName/CinemachineImpulseChannelPropertyDrawer.cs: 4b6390a17916751618e2a45cb8d47a80 -> 
  custom:scripting/monoscript/fileName/SerializedPropertyHelper.cs: b04ac165255e34bc2935ca9bf180e209 -> 
  custom:scripting/monoscript/fileName/CinemachineFramingTransposer.cs: 7943c9d436748359882d8f978cf86c91 -> 
  custom:scripting/monoscript/fileName/AxisState.cs: 1a494a66d8b9a58f4a6873f89bf5b094 -> 
  custom:scripting/monoscript/fileName/CinemachineClearShot.cs: 1da15f5c7903497ce3ae982ee4ee4779 -> 
  custom:scripting/monoscript/fileName/CinemachinePOVEditor.cs: 71db5a9242a182995b4ca15db516f628 -> 
  custom:scripting/monoscript/fileName/CinemachineMixer.cs: 2e36eb9e732dd7c8a32e8f83daebd6f4 -> 
  custom:scripting/monoscript/fileName/CinemachineConfiner.cs: 3813336c17662a5cb6b59ce5f1954254 -> 
  custom:video-codec-MediaFoundation-h265: 746d11721c4dcdbdad8f713fa42b33f4 -> 
  custom:scripting/monoscript/fileName/CinemachineBrain.cs: 365b4e0b6319f064062e97b8f8e32c8e -> 
  custom:scripting/monoscript/fileName/CinemachineImpulseDefinitionPropertyDrawer.cs: 1b2fc77b0a80a7e0e9045e0d44fb761c -> 
  custom:scripting/monoscript/fileName/CinemachineColliderPrefs.cs: 47106451d4685409820905badf49b71f -> 
  custom:scripting/monoscript/fileName/CinemachineFollowZoom.cs: eb74e2e98d3dc4647324e113f34710ca -> 
  custom:scripting/monoscript/fileName/CinemachineDebug.cs: 3077ed3b64725184c652d4c07ac732fd -> 
  custom:scripting/monoscript/fileName/CinemachineLensPresets.cs: 014747fb0ab87178c677520d0bf20bf7 -> 
  custom:video-decoder-ogg-theora: a1e56fd34408186e4bbccfd4996cb3dc -> 
  custom:scripting/monoscript/fileName/CinemachineCameraOffset.cs: a6887f67d3eb83cc6393b822d4e65121 -> 
  custom:scripting/monoscript/fileName/ICinemachineCamera.cs: 2faad4f04eaf5d98c2870adbfb06184e -> 
  custom:scripting/monoscript/fileName/CinemachineShotPlayable.cs: e346ad1ecb4af45da55274cb9abd9ec0 -> 
  custom:scripting/monoscript/fileName/CinemachineTagFieldPropertyDrawer.cs: e78491a12decd558a49d01cc583bfcfb -> 
  custom:framework-win-MediaFoundation: 216162199b28c13a410421893ffa2e32 -> 
  custom:scripting/monoscript/fileName/CinemachineVolumeSettings.cs: 22782cc3dbf8dfd1cb54e8486f29fe0d -> 
  custom:scripting/monoscript/fileName/CinemachineImpulseSourceEditor.cs: 0ef7804c69c18838aa65e6d5bae5b055 -> 
  custom:scripting/monoscript/fileName/CinemachineExternalCameraEditor.cs: d74df442250b898c9b40669a19100e9d -> 
  custom:scripting/monoscript/fileName/CinemachineTargetGroupEditor.cs: f70ac85df8c1c9bd0b83a35534bafd1f -> 
  custom:scripting/monoscript/fileName/CinemachineRecomposer.cs: 07354cca81f7d0775b027b5906330569 -> 
  custom:scripting/monoscript/fileName/CinemachineTransposer.cs: aa226dd144b3a977b86ea888b85df5fa -> 
  custom:scripting/monoscript/fileName/TargetPositionCache.cs: 49ce97e6930a536b43825141e0c2d3a4 -> 
  custom:scripting/monoscript/fileName/CinemachineExternalCamera.cs: d76122377115c288d881064c3f07a3f1 -> 
  custom:scripting/monoscript/fileName/ReflectionHelpers.cs: 60a5d38af3e775d0a421a7ff630d61cc -> 
  custom:scripting/monoscript/fileName/CinemachineVirtualCamera.cs: f16f2dc5bc1261579875c19605c45301 -> 
  custom:scripting/monoscript/fileName/Predictor.cs: d51584936cb5b31b30ee7b444e03385b -> 
  custom:scripting/monoscript/fileName/CinemachineOrbitalTransposerEditor.cs: 5ea2e4bec7ee6c24917bd86647f4bffa -> 
  custom:scripting/monoscript/fileName/CinemachineConfiner2DEditor.cs: 3f4b3d9b17ff5cd560135aa24f822994 -> 
  custom:scripting/monoscript/fileName/GroupWeightManipulator.cs: 588749cf3436a8199e762a8e09bc8de7 -> 
  custom:scripting/monoscript/fileName/AxisStatePropertyDrawer.cs: 2d807695a513641e771c78e6c342ff04 -> 
  custom:scripting/monoscript/fileName/CinemachineScreenComposerGuides.cs: cdc7ea02ccc4c8d1561d98d16760d1ca -> 
  custom:scripting/monoscript/fileName/CinemachinePropertyAttribute.cs: e8158d9725ac3a9129a08e46a4ff7519 -> 
  custom:scripting/monoscript/fileName/CinemachineVirtualCameraEditor.cs: 2e051d0c474634e907fe4123d6e2656e -> 
  custom:scripting/monoscript/fileName/CinemachineSettings.cs: 197f6d5ad32e253546b5afa056a5bba4 -> 
  custom:scripting/monoscript/fileName/CinemachineNoiseSettingsEditor.cs: 9056e69d9c759ba2504535054fff31c9 -> 
  custom:scripting/monoscript/fileName/CinemachineTriggerAction.cs: cab9c5d02c28af05797c2c3743539bdb -> 
  custom:scripting/monoscript/fileName/InspectorUtility.cs: d2444697ecf5f370ee1ff9969e9d66f8 -> 1cf92e4af45cb9e9886ec49564b001a9
  custom:CustomObjectIndexerAttribute: 9a22284fe3817be447336de3de66b15e -> 
  custom:scripting/monoscript/fileName/CinemachineBlenderSettingsEditor.cs: c57aa7de12bc3e7367ca091f4902c67b -> 
  custom:scripting/precompiled-assembly-types:Cinemachine: 54c8b091bb91c32bfeada952c9c53e21 -> 
  custom:scripting/monoscript/fileName/CinemachineImpulseDefinition.cs: 3d434086a2bdaf715abf85e79e9f14b4 -> 
  custom:scripting/precompiled-assembly-types:com.unity.cinemachine.editor: e24bde9f61664824443e2ae04112f2bb -> 
  custom:scripting/monoscript/fileName/Cinemachine3rdPersonFollowEditor.cs: f79aa162534f81c680877e6274b5d6ec -> 
  custom:scripting/monoscript/fileName/EmbeddedAssetPropertyDrawer.cs: fd7ebc18093de04c88d0cfc86fb060f5 -> 
  custom:container-demuxer-webm: 4f35f7cbe854078d1ac9338744f61a02 -> 
  custom:scripting/monoscript/fileName/ConfinerOven.cs: ff23c03e90b61beb34474fc6e4ff668c -> 
  custom:scripting/monoscript/fileName/WaveformWindow.cs: 01bbc4fc017d41a2bab7fb57c988e8da -> 
  custom:scripting/monoscript/fileName/CinemachinePipeline.cs: 6ca7a5979a0a73ea1d450a8fc9b437ef -> 
  custom:scripting/monoscript/fileName/VcamStageEditor.cs: 84b0eaf932b448975a99972628e556d8 -> 
  custom:scripting/monoscript/fileName/CinemachineFramingTransposerEditor.cs: 1653e1c00b2ca68b1d40f01e5bfb8445 -> 
  custom:scripting/monoscript/fileName/CinemachineStateDrivenCameraEditor.cs: 77d9f0a97385f936d9b4ffaa686bce39 -> 
  custom:scripting/monoscript/fileName/OrbitalTransposerHeadingPropertyDrawer.cs: 22496b76ce84f35f630c90badc4babd8 -> 
  custom:scripting/monoscript/fileName/CinemachinePathEditor.cs: ce10985fbf0e018e2dea63fedae131ba -> 
  custom:scripting/monoscript/fileName/CinemachineCollider.cs: 8fa92f525b1c31cd81812685d7f8c288 -> 
  custom:scripting/monoscript/fileName/CinemachineCollisionImpulseSourceEditor.cs: 29f9a522ec6b23375849ba08fd597c8d -> 
  custom:scripting/monoscript/fileName/CinemachineInputProvider.cs: ecb845de690695f08b3b3bb647cc7006 -> 
  custom:scripting/monoscript/fileName/CinemachineColliderEditor.cs: 859d1abbd669ee84cb713f6d4d0e1c5f -> 
  custom:scripting/monoscript/fileName/CinemachineExtension.cs: 6968db4afcdc301f6acb1ef4fbadb2f4 -> 
  custom:scripting/monoscript/fileName/CinemachineTargetGroup.cs: 10a09aa736b3a25da6dd9fc3c4dd9d36 -> 
  custom:scripting/monoscript/fileName/EmbeddedAssetHelpers.cs: 90647cc400823b41df847a6cbfc29026 -> 
  custom:scripting/monoscript/fileName/CinemachineBlendListCamera.cs: 66104ac24fef171d9f5d5b93a8cb2f83 -> 
  custom:scripting/monoscript/fileName/CinemachineComponentBase.cs: 5293f153c13e9bd2fc262ec31ff69206 -> 
  custom:scripting/monoscript/fileName/BaseEditor.cs: 90647cc400823b41df847a6cbfc29026 -> 
  custom:container-muxer-webm: aa71ff27fc2769a1b78a27578f13a17b -> 
  custom:video-decoder-webm-vp8: 9c59270c3fd7afecdb556c50c9e8de78 -> 
  custom:scripting/monoscript/fileName/CinemachineHardLookAt.cs: 792580aec23d39bcecd7ceea4c27a0ce -> 
  custom:scripting/monoscript/fileName/CinemachineInputAxisDriver.cs: 7e424e54660fed310c58dc98ea41042e -> 
  custom:scripting/monoscript/fileName/CinemachineStoryboardEditor.cs: 2e7ec8bfb72013eaaff4873a27da019c -> 
  custom:scripting/monoscript/fileName/CinemachineBasicMultiChannelPerlin.cs: bd5416e75860cd63657371207eb79058 -> 
  custom:SearchIndexIgnoredProperties: e643bd26f0fe6173181afceb89e7c659 -> 
  custom:AudioImporter_EditorPlatform: d09bf68614088b80899f8185d706f6e7 -> 
  custom:scripting/monoscript/fileName/CinemachineMixingCamera.cs: 739c5ceb76c01023f431794ec46a0177 -> 
  custom:scripting/monoscript/fileName/CinemachinePath.cs: b443d3c8837a65ddc3c78741cd58ec71 -> 
  custom:scripting/monoscript/fileName/CinemachineImpulseListenerEditor.cs: d5d28e418f87c111bce1c1b98f1f70ba -> 
  custom:scripting/monoscript/fileName/Avoider.cs: ae32a89b624ae2a4ae1c49a2b33fb966 -> 
  custom:scripting/monoscript/fileName/CinemachineDollyCart.cs: bbe9d07f4a2f7ee5ab002e66cb05f922 -> 
  custom:scripting/monoscript/fileName/CinemachineStoryboard.cs: 59a2099f76be9b47af1e12ed7d40f553 -> 
  custom:scripting/monoscript/fileName/CinemachinePixelPerfect.cs: 2f42bea4517739481ed2553d1616050e -> 
  custom:scripting/monoscript/fileName/CinemachineTrackedDolly.cs: f6a9c21b27ad86d45f62f6b444ccbb49 -> 
  custom:scripting/monoscript/fileName/CinemachineHardLookAtEditor.cs: 15b8f2af6a6d786898ce5dd6b0db26dc -> 
  custom:scripting/monoscript/fileName/CinemachineComposer.cs: e399dfd36807c341da7cd182ce299d1e -> 
  custom:scripting/monoscript/fileName/CinemachineTrack.cs: 4b50d47d507c57dc81b82253ec075194 -> 
  custom:scripting/monoscript/fileName/CinemachineSmoothPathEditor.cs: 7555bcba4eb760e012dd21c6730ae562 -> 
  custom:scripting/monoscript/fileName/ScriptableObjectUtility.cs: c529d074f6f57a07e3f410d488963bbc -> 
  custom:scripting/monoscript/fileName/CinemachineOrbitalTransposer.cs: 71c52878ba6d43827473a480056a99da -> 
  custom:scripting/monoscript/fileName/CinemachinePathBase.cs: debb99764287c54cae06313e2d6a1fe1 -> 
  custom:scripting/monoscript/fileName/CinemachineImpulseSource.cs: ac073b8453e26c5dd422d5f1a90a7ff2 -> 
  custom:scripting/monoscript/fileName/CinemachineImpulseEnvelopePropertyDrawer.cs: 07e00c9c84964a5c7e4f3f19e4263ec1 -> 
  custom:scripting/monoscript/fileName/SplineHelpers.cs: 9e5bf4293b3828088291b7871e233a27 -> 
  custom:scripting/monoscript/fileName/CinemachineSameAsFollowTargetEditor.cs: 6def40fc1e39b3242347b6630fb5127e -> 
  custom:scripting/monoscript/fileName/CinemachineBlendListCameraEditor.cs: dbc12d2a9f3e2999a067290c411b2aca -> 
  custom:scripting/monoscript/fileName/CinemachineShot.cs: 3d4d9d05534db20e82d871d98ea52716 -> 
  custom:scripting/monoscript/fileName/UnityVectorExtensions.cs: 052777772edecdffe26d41a6a989641e -> 
  custom:scripting/monoscript/fileName/CinemachineBasicMultiChannelPerlinEditor.cs: d6749cd6c482efa27bdd41f60394f1b9 -> 
  custom:scripting/monoscript/fileName/CinemachineImpulseChannels.cs: a9a39cc5ecea1f083db0fce154eec19c -> 
  custom:scripting/monoscript/fileName/CinemachineHardLockToTarget.cs: d349308c5b4f600a345055c394206f52 -> 
  custom:scripting/monoscript/fileName/CinemachineConfiner2D.cs: beb10be0db8ff9d3a94bd0a150963b9b -> 
  custom:scripting/monoscript/fileName/LensSettings.cs: 4335e899502c57ee4480b8c9aa915366 -> 
  custom:scripting/monoscript/fileName/Cinemachine3rdPersonAim.cs: 4bd230d915f070bb3cae23bef6f7ab70 -> 
  custom:scripting/monoscript/fileName/CinemachineImpulseListener.cs: 6aac146243d38e7a67346170caa40ea1 -> 
  custom:video-encoder-webm-vp8: eb34c28f22e8b96e1ab97ce403110664 -> 
  custom:scripting/monoscript/fileName/CinemachineMenu.cs: 7b932811d9fa1e44d0d8b2b9ed75adf3 -> 
  custom:scripting/monoscript/fileName/RuntimeUtility.cs: 8c92a9f673836e5d2084dbeb0f10159f -> 
  custom:scripting/monoscript/fileName/CinemachineFreeLook.cs: bebc32b18bc4beddc113bad68624e557 -> 
  custom:audio-decoder-ogg-vorbis: bf7c407c2cedff20999df2af8eb42d56 -> 
  custom:scripting/monoscript/fileName/CinemachineGroupComposer.cs: 173a689a80ef321c302f9c045419668f -> 
  custom:scripting/monoscript/fileName/CinemachineVirtualCameraBase.cs: c7e60cccdcb14ee2a33da9fd46c1c54f -> 
  custom:scripting/monoscript/fileName/CinemachineFixedSignal.cs: aedcdca7a861da6e456e0ae105b24c41 -> 
  custom:scripting/monoscript/fileName/CinemachineShotClipEditor.cs: 123a48531bf1d1b4f3c8398556caec62 -> 
  custom:scripting/monoscript/fileName/CinemachineTouchInputMapper.cs: b9698729a07a7d31c864247e0582b566 -> 
  custom:scripting/monoscript/fileName/CinemachinePOV.cs: e4df06d1994174afa286b103eb06ee7f -> 
  custom:scripting/monoscript/fileName/CinemachineBlend.cs: f33659d50c4d86144d649aa7e8196529 -> 
  custom:scripting/monoscript/fileName/CinemachineFreeLookEditor.cs: 9641291977c1891a004ac4c4c259e1c8 -> 
  custom:scripting/monoscript/fileName/CinemachineTransposerEditor.cs: 85841a774ddea4fb7232a7a585f716b4 -> 
  custom:scripting/monoscript/fileName/clipper.cs: 2a50e35a835148907b3c1fa8e187ab2b -> 
  custom:scripting/monoscript/fileName/NoiseSettings.cs: 443d576e0c72ab62870476103c9384ec -> 
  custom:scripting/monoscript/fileName/GaussianFilter.cs: 0a3672ebe80edf7c5daca82445c15683 -> 
  custom:scripting/monoscript/fileName/CinemachineSceneTools.cs: d63880a6073ab3335301b115db235b5b -> 
  custom:scripting/monoscript/fileName/CinemachineTriggerActionEditor.cs: 2309a2ec6192ace4cae8bab5a535978e -> 
  custom:scripting/monoscript/fileName/VcamTargetPropertyDrawer.cs: 9208050b1312b118a226fef2d63e8fa1 -> 
  custom:scripting/monoscript/fileName/CinemachineCollisionImpulseSource.cs: 9aae5e368cb7786be199f98f2122f96d -> 
  custom:scripting/monoscript/fileName/CinemachineClearShotEditor.cs: ca8875b47e775cd361c78158d7923690 -> 
  custom:scripting/monoscript/fileName/CinemachineEditorAnalytics.cs: de76cc292d7ecedcf47af6616498c9f9 -> 
  custom:scripting/monoscript/fileName/NoiseSettingsPropertyDrawer.cs: 8d3f69ba7eeec63914970bd3136b6ace -> 
  custom:scripting/monoscript/fileName/CinemachineBrainEditor.cs: 49621d8b7679c0b5d128fef53d55becd -> 
  custom:scripting/monoscript/fileName/CinemachineShotEditor.cs: 2ba28b209a4ad7f0a791994d2360a9af -> 
  custom:scripting/monoscript/fileName/PlayerMovement.cs: 42480eed24e61f9d7e7e895933644f96 -> 
  custom:scripting/monoscript/fileName/CinemachineHardLockToTargetEditor.cs: c65eaafd47115974a2a9379aae467b0e -> 
  custom:audio-encoder-webm-vorbis: bf7c407c2cedff20999df2af8eb42d56 -> 
  custom:scripting/monoscript/fileName/CameraState.cs: 6ae7088fa20820e052d1e4d86059e90b -> 
  custom:scripting/monoscript/fileName/CinemachineToolbarOverlay.cs: 371b6fc494252d6fda34e207e170cb66 -> 
  custom:scripting/monoscript/fileName/CinemachineIndependentImpulseListener.cs: 91ae8748b9c36955c333e57505ff90fb -> 
  custom:scripting/monoscript/fileName/CinemachineMixingCameraEditor.cs: 1c122a21d710512fec62cdc7bd351681 -> 
  custom:scripting/monoscript/fileName/CinemachinePostProcessing.cs: bf9b100a1b61fd5383288bc96487c194 -> 
  custom:scripting/monoscript/fileName/CinemachineSameAsFollowTarget.cs: bcfa2d394e1e5460b4ef3dc039214a16 -> 
  custom:scripting/monoscript/fileName/CinemachineVirtualCameraBaseEditor.cs: 13ee4931cd85df4b22852d0547b5e690 -> 
  custom:scripting/monoscript/fileName/UpdateTracker.cs: 3dac8a24a32a32e4bbfeb38ed26ef250 -> 
  custom:scripting/monoscript/fileName/CinemachineComposerEditor.cs: dda533b9c6cb2b366292f584704bd904 -> 
  custom:scripting/monoscript/fileName/Cinemachine3rdPersonFollow.cs: 4600bac2bdf6b37d80e86f9aa5a413c3 -> 
  custom:scripting/precompiled-assembly-types:Assembly-CSharp: e66928de38364bb08ef9436b3612de99 -> 
  custom:scripting/monoscript/fileName/SaveDuringPlay.cs: de39f1962b337699845d3d8a2e8f5bde -> 
========================================================================
Received Prepare
Caller must complete domain reload
Begin MonoManager ReloadAssembly
- Loaded All Assemblies, in  0.267 seconds
Native extension for WindowsStandalone target not found
Mono: successfully reloaded assembly
- Finished resetting the current domain, in  0.597 seconds
Domain Reload Profiling: 864ms
	BeginReloadAssembly (88ms)
		ExecutionOrderSort (0ms)
		DisableScriptedObjects (3ms)
		BackupInstance (0ms)
		ReleaseScriptingObjects (0ms)
		CreateAndSetChildDomain (16ms)
	RebuildCommonClasses (24ms)
	RebuildNativeTypeToScriptingClass (7ms)
	initialDomainReloadingComplete (19ms)
	LoadAllAssembliesAndSetupDomain (128ms)
		LoadAssemblies (166ms)
		RebuildTransferFunctionScriptingTraits (0ms)
		AnalyzeDomain (10ms)
			TypeCache.Refresh (5ms)
				TypeCache.ScanAssembly (0ms)
			ScanForSourceGeneratedMonoScriptInfo (0ms)
			ResolveRequiredComponents (4ms)
	FinalizeReload (598ms)
		ReleaseScriptCaches (0ms)
		RebuildScriptCaches (0ms)
		SetupLoadedEditorAssemblies (244ms)
			LogAssemblyErrors (0ms)
			InitializePlatformSupportModulesInManaged (3ms)
			SetLoadedEditorAssemblies (2ms)
			RefreshPlugins (0ms)
			BeforeProcessingInitializeOnLoad (32ms)
			ProcessInitializeOnLoadAttributes (192ms)
			ProcessInitializeOnLoadMethodAttributes (13ms)
			AfterProcessingInitializeOnLoad (2ms)
			EditorAssembliesLoaded (0ms)
		ExecutionOrderSort2 (0ms)
		AwakeInstancesAfterBackupRestoration (5ms)
Refreshing native plugins compatible for Editor in 3.01 ms, found 3 plugins.
Preloading 0 native plugins for Editor in 0.00 ms.
Unloading 3391 Unused Serialized files (Serialized files now loaded: 0)
Unloading 16 unused Assets / (124.5 KB). Loaded Objects now: 4059.
Memory consumption went from 130.3 MB to 130.2 MB.
Total: 2.387400 ms (FindLiveObjects: 0.297300 ms CreateObjectMapping: 0.048900 ms MarkObjects: 1.965500 ms  DeleteObjects: 0.074900 ms)

Prepare: number of updated asset objects reloaded= 0
AssetImportParameters requested are different than current active one (requested -> active):
  custom:scripting/monoscript/fileName/CinemachineGroupComposerEditor.cs: 54a07f36704e77a685a5e7e8c8b2c216 -> 
  custom:scripting/monoscript/fileName/CinemachineConfinerEditor.cs: cc6c898a3390647ab91613c8a96de4b4 -> 
  custom:scripting/monoscript/fileName/CinemachineBlendDefinitionPropertyDrawer.cs: 7ae344d19d646b738f3c65294becf216 -> 
  custom:scripting/monoscript/fileName/CinemachineTrackedDollyEditor.cs: b4d6784c58752cea58aafd9a76ca4459 -> 
  custom:scripting/monoscript/fileName/CinemachineImpulseManager.cs: c34be3577a810e26fd0110c580799b88 -> 
  custom:scripting/monoscript/fileName/CinemachineSmoothPath.cs: c28db2688f35d70587b5f943431a010a -> 
  custom:scripting/monoscript/fileName/CinemachineStateDrivenCamera.cs: aea2468a7384be4ba6d1b043ccec135d -> 
  custom:container-demuxer-ogg: 62fdf1f143b41e24485cea50d1cbac27 -> 
  custom:scripting/monoscript/fileName/CinemachineBlenderSettings.cs: 9adcb80668a56be4cd8e31c1d3dc60ae -> 
  custom:scripting/monoscript/fileName/SignalSourceAsset.cs: f7ffd463dece56bad278f5a8d3ed7fc6 -> 
  custom:scripting/monoscript/fileName/CinemachineCore.cs: fe6c3be993819098833de1628bfd76b2 -> 
  custom:scripting/monoscript/fileName/CinemachineImpulseChannelPropertyDrawer.cs: 4b6390a17916751618e2a45cb8d47a80 -> 
  custom:scripting/monoscript/fileName/SerializedPropertyHelper.cs: b04ac165255e34bc2935ca9bf180e209 -> 
  custom:scripting/monoscript/fileName/CinemachineFramingTransposer.cs: 7943c9d436748359882d8f978cf86c91 -> 
  custom:scripting/monoscript/fileName/AxisState.cs: 1a494a66d8b9a58f4a6873f89bf5b094 -> 
  custom:scripting/monoscript/fileName/CinemachineClearShot.cs: 1da15f5c7903497ce3ae982ee4ee4779 -> 
  custom:scripting/monoscript/fileName/CinemachinePOVEditor.cs: 71db5a9242a182995b4ca15db516f628 -> 
  custom:scripting/monoscript/fileName/CinemachineMixer.cs: 2e36eb9e732dd7c8a32e8f83daebd6f4 -> 
  custom:scripting/monoscript/fileName/CinemachineConfiner.cs: 3813336c17662a5cb6b59ce5f1954254 -> 
  custom:video-codec-MediaFoundation-h265: 746d11721c4dcdbdad8f713fa42b33f4 -> 
  custom:scripting/monoscript/fileName/CinemachineBrain.cs: 365b4e0b6319f064062e97b8f8e32c8e -> 
  custom:scripting/monoscript/fileName/CinemachineImpulseDefinitionPropertyDrawer.cs: 1b2fc77b0a80a7e0e9045e0d44fb761c -> 
  custom:scripting/monoscript/fileName/CinemachineColliderPrefs.cs: 47106451d4685409820905badf49b71f -> 
  custom:scripting/monoscript/fileName/CinemachineFollowZoom.cs: eb74e2e98d3dc4647324e113f34710ca -> 
  custom:scripting/monoscript/fileName/CinemachineDebug.cs: 3077ed3b64725184c652d4c07ac732fd -> 
  custom:scripting/monoscript/fileName/CinemachineLensPresets.cs: 014747fb0ab87178c677520d0bf20bf7 -> 
  custom:video-decoder-ogg-theora: a1e56fd34408186e4bbccfd4996cb3dc -> 
  custom:scripting/monoscript/fileName/CinemachineCameraOffset.cs: a6887f67d3eb83cc6393b822d4e65121 -> 
  custom:scripting/monoscript/fileName/ICinemachineCamera.cs: 2faad4f04eaf5d98c2870adbfb06184e -> 
  custom:scripting/monoscript/fileName/CinemachineShotPlayable.cs: e346ad1ecb4af45da55274cb9abd9ec0 -> 
  custom:scripting/monoscript/fileName/CinemachineTagFieldPropertyDrawer.cs: e78491a12decd558a49d01cc583bfcfb -> 
  custom:framework-win-MediaFoundation: 216162199b28c13a410421893ffa2e32 -> 
  custom:scripting/monoscript/fileName/CinemachineVolumeSettings.cs: 22782cc3dbf8dfd1cb54e8486f29fe0d -> 
  custom:scripting/monoscript/fileName/CinemachineImpulseSourceEditor.cs: 0ef7804c69c18838aa65e6d5bae5b055 -> 
  custom:scripting/monoscript/fileName/CinemachineExternalCameraEditor.cs: d74df442250b898c9b40669a19100e9d -> 
  custom:scripting/monoscript/fileName/CinemachineTargetGroupEditor.cs: f70ac85df8c1c9bd0b83a35534bafd1f -> 
  custom:scripting/monoscript/fileName/CinemachineRecomposer.cs: 07354cca81f7d0775b027b5906330569 -> 
  custom:scripting/monoscript/fileName/CinemachineTransposer.cs: aa226dd144b3a977b86ea888b85df5fa -> 
  custom:scripting/monoscript/fileName/TargetPositionCache.cs: 49ce97e6930a536b43825141e0c2d3a4 -> 
  custom:scripting/monoscript/fileName/CinemachineExternalCamera.cs: d76122377115c288d881064c3f07a3f1 -> 
  custom:scripting/monoscript/fileName/ReflectionHelpers.cs: 60a5d38af3e775d0a421a7ff630d61cc -> 
  custom:scripting/monoscript/fileName/CinemachineVirtualCamera.cs: f16f2dc5bc1261579875c19605c45301 -> 
  custom:scripting/monoscript/fileName/Predictor.cs: d51584936cb5b31b30ee7b444e03385b -> 
  custom:scripting/monoscript/fileName/CinemachineOrbitalTransposerEditor.cs: 5ea2e4bec7ee6c24917bd86647f4bffa -> 
  custom:scripting/monoscript/fileName/CinemachineConfiner2DEditor.cs: 3f4b3d9b17ff5cd560135aa24f822994 -> 
  custom:scripting/monoscript/fileName/GroupWeightManipulator.cs: 588749cf3436a8199e762a8e09bc8de7 -> 
  custom:scripting/monoscript/fileName/AxisStatePropertyDrawer.cs: 2d807695a513641e771c78e6c342ff04 -> 
  custom:scripting/monoscript/fileName/CinemachineScreenComposerGuides.cs: cdc7ea02ccc4c8d1561d98d16760d1ca -> 
  custom:scripting/monoscript/fileName/CinemachinePropertyAttribute.cs: e8158d9725ac3a9129a08e46a4ff7519 -> 
  custom:scripting/monoscript/fileName/CinemachineVirtualCameraEditor.cs: 2e051d0c474634e907fe4123d6e2656e -> 
  custom:scripting/monoscript/fileName/CinemachineSettings.cs: 197f6d5ad32e253546b5afa056a5bba4 -> 
  custom:scripting/monoscript/fileName/CinemachineNoiseSettingsEditor.cs: 9056e69d9c759ba2504535054fff31c9 -> 
  custom:scripting/monoscript/fileName/CinemachineTriggerAction.cs: cab9c5d02c28af05797c2c3743539bdb -> 
  custom:scripting/monoscript/fileName/InspectorUtility.cs: d2444697ecf5f370ee1ff9969e9d66f8 -> 1cf92e4af45cb9e9886ec49564b001a9
  custom:CustomObjectIndexerAttribute: 9a22284fe3817be447336de3de66b15e -> 
  custom:scripting/monoscript/fileName/CinemachineBlenderSettingsEditor.cs: c57aa7de12bc3e7367ca091f4902c67b -> 
  custom:scripting/precompiled-assembly-types:Cinemachine: 54c8b091bb91c32bfeada952c9c53e21 -> 
  custom:scripting/monoscript/fileName/CinemachineImpulseDefinition.cs: 3d434086a2bdaf715abf85e79e9f14b4 -> 
  custom:scripting/precompiled-assembly-types:com.unity.cinemachine.editor: e24bde9f61664824443e2ae04112f2bb -> 
  custom:scripting/monoscript/fileName/Cinemachine3rdPersonFollowEditor.cs: f79aa162534f81c680877e6274b5d6ec -> 
  custom:scripting/monoscript/fileName/EmbeddedAssetPropertyDrawer.cs: fd7ebc18093de04c88d0cfc86fb060f5 -> 
  custom:container-demuxer-webm: 4f35f7cbe854078d1ac9338744f61a02 -> 
  custom:scripting/monoscript/fileName/ConfinerOven.cs: ff23c03e90b61beb34474fc6e4ff668c -> 
  custom:scripting/monoscript/fileName/WaveformWindow.cs: 01bbc4fc017d41a2bab7fb57c988e8da -> 
  custom:scripting/monoscript/fileName/CinemachinePipeline.cs: 6ca7a5979a0a73ea1d450a8fc9b437ef -> 
  custom:scripting/monoscript/fileName/VcamStageEditor.cs: 84b0eaf932b448975a99972628e556d8 -> 
  custom:scripting/monoscript/fileName/CinemachineFramingTransposerEditor.cs: 1653e1c00b2ca68b1d40f01e5bfb8445 -> 
  custom:scripting/monoscript/fileName/CinemachineStateDrivenCameraEditor.cs: 77d9f0a97385f936d9b4ffaa686bce39 -> 
  custom:scripting/monoscript/fileName/OrbitalTransposerHeadingPropertyDrawer.cs: 22496b76ce84f35f630c90badc4babd8 -> 
  custom:scripting/monoscript/fileName/CinemachinePathEditor.cs: ce10985fbf0e018e2dea63fedae131ba -> 
  custom:scripting/monoscript/fileName/CinemachineCollider.cs: 8fa92f525b1c31cd81812685d7f8c288 -> 
  custom:scripting/monoscript/fileName/CinemachineCollisionImpulseSourceEditor.cs: 29f9a522ec6b23375849ba08fd597c8d -> 
  custom:scripting/monoscript/fileName/CinemachineInputProvider.cs: ecb845de690695f08b3b3bb647cc7006 -> 
  custom:scripting/monoscript/fileName/CinemachineColliderEditor.cs: 859d1abbd669ee84cb713f6d4d0e1c5f -> 
  custom:scripting/monoscript/fileName/CinemachineExtension.cs: 6968db4afcdc301f6acb1ef4fbadb2f4 -> 
  custom:scripting/monoscript/fileName/CinemachineTargetGroup.cs: 10a09aa736b3a25da6dd9fc3c4dd9d36 -> 
  custom:scripting/monoscript/fileName/EmbeddedAssetHelpers.cs: 90647cc400823b41df847a6cbfc29026 -> 
  custom:scripting/monoscript/fileName/CinemachineBlendListCamera.cs: 66104ac24fef171d9f5d5b93a8cb2f83 -> 
  custom:scripting/monoscript/fileName/CinemachineComponentBase.cs: 5293f153c13e9bd2fc262ec31ff69206 -> 
  custom:scripting/monoscript/fileName/BaseEditor.cs: 90647cc400823b41df847a6cbfc29026 -> 
  custom:container-muxer-webm: aa71ff27fc2769a1b78a27578f13a17b -> 
  custom:video-decoder-webm-vp8: 9c59270c3fd7afecdb556c50c9e8de78 -> 
  custom:scripting/monoscript/fileName/CinemachineHardLookAt.cs: 792580aec23d39bcecd7ceea4c27a0ce -> 
  custom:scripting/monoscript/fileName/CinemachineInputAxisDriver.cs: 7e424e54660fed310c58dc98ea41042e -> 
  custom:scripting/monoscript/fileName/CinemachineStoryboardEditor.cs: 2e7ec8bfb72013eaaff4873a27da019c -> 
  custom:scripting/monoscript/fileName/CinemachineBasicMultiChannelPerlin.cs: bd5416e75860cd63657371207eb79058 -> 
  custom:SearchIndexIgnoredProperties: e643bd26f0fe6173181afceb89e7c659 -> 
  custom:AudioImporter_EditorPlatform: d09bf68614088b80899f8185d706f6e7 -> 
  custom:scripting/monoscript/fileName/CinemachineMixingCamera.cs: 739c5ceb76c01023f431794ec46a0177 -> 
  custom:scripting/monoscript/fileName/CinemachinePath.cs: b443d3c8837a65ddc3c78741cd58ec71 -> 
  custom:scripting/monoscript/fileName/CinemachineImpulseListenerEditor.cs: d5d28e418f87c111bce1c1b98f1f70ba -> 
  custom:scripting/monoscript/fileName/Avoider.cs: ae32a89b624ae2a4ae1c49a2b33fb966 -> 
  custom:scripting/monoscript/fileName/CinemachineDollyCart.cs: bbe9d07f4a2f7ee5ab002e66cb05f922 -> 
  custom:scripting/monoscript/fileName/CinemachineStoryboard.cs: 59a2099f76be9b47af1e12ed7d40f553 -> 
  custom:scripting/monoscript/fileName/CinemachinePixelPerfect.cs: 2f42bea4517739481ed2553d1616050e -> 
  custom:scripting/monoscript/fileName/CinemachineTrackedDolly.cs: f6a9c21b27ad86d45f62f6b444ccbb49 -> 
  custom:scripting/monoscript/fileName/CinemachineHardLookAtEditor.cs: 15b8f2af6a6d786898ce5dd6b0db26dc -> 
  custom:scripting/monoscript/fileName/CinemachineComposer.cs: e399dfd36807c341da7cd182ce299d1e -> 
  custom:scripting/monoscript/fileName/CinemachineTrack.cs: 4b50d47d507c57dc81b82253ec075194 -> 
  custom:scripting/monoscript/fileName/CinemachineSmoothPathEditor.cs: 7555bcba4eb760e012dd21c6730ae562 -> 
  custom:scripting/monoscript/fileName/ScriptableObjectUtility.cs: c529d074f6f57a07e3f410d488963bbc -> 
  custom:scripting/monoscript/fileName/CinemachineOrbitalTransposer.cs: 71c52878ba6d43827473a480056a99da -> 
  custom:scripting/monoscript/fileName/CinemachinePathBase.cs: debb99764287c54cae06313e2d6a1fe1 -> 
  custom:scripting/monoscript/fileName/CinemachineImpulseSource.cs: ac073b8453e26c5dd422d5f1a90a7ff2 -> 
  custom:scripting/monoscript/fileName/CinemachineImpulseEnvelopePropertyDrawer.cs: 07e00c9c84964a5c7e4f3f19e4263ec1 -> 
  custom:scripting/monoscript/fileName/SplineHelpers.cs: 9e5bf4293b3828088291b7871e233a27 -> 
  custom:scripting/monoscript/fileName/CinemachineSameAsFollowTargetEditor.cs: 6def40fc1e39b3242347b6630fb5127e -> 
  custom:scripting/monoscript/fileName/CinemachineBlendListCameraEditor.cs: dbc12d2a9f3e2999a067290c411b2aca -> 
  custom:scripting/monoscript/fileName/CinemachineShot.cs: 3d4d9d05534db20e82d871d98ea52716 -> 
  custom:scripting/monoscript/fileName/UnityVectorExtensions.cs: 052777772edecdffe26d41a6a989641e -> 
  custom:scripting/monoscript/fileName/CinemachineBasicMultiChannelPerlinEditor.cs: d6749cd6c482efa27bdd41f60394f1b9 -> 
  custom:scripting/monoscript/fileName/CinemachineImpulseChannels.cs: a9a39cc5ecea1f083db0fce154eec19c -> 
  custom:scripting/monoscript/fileName/CinemachineHardLockToTarget.cs: d349308c5b4f600a345055c394206f52 -> 
  custom:scripting/monoscript/fileName/CinemachineConfiner2D.cs: beb10be0db8ff9d3a94bd0a150963b9b -> 
  custom:scripting/monoscript/fileName/LensSettings.cs: 4335e899502c57ee4480b8c9aa915366 -> 
  custom:scripting/monoscript/fileName/Cinemachine3rdPersonAim.cs: 4bd230d915f070bb3cae23bef6f7ab70 -> 
  custom:scripting/monoscript/fileName/CinemachineImpulseListener.cs: 6aac146243d38e7a67346170caa40ea1 -> 
  custom:video-encoder-webm-vp8: eb34c28f22e8b96e1ab97ce403110664 -> 
  custom:scripting/monoscript/fileName/CinemachineMenu.cs: 7b932811d9fa1e44d0d8b2b9ed75adf3 -> 
  custom:scripting/monoscript/fileName/RuntimeUtility.cs: 8c92a9f673836e5d2084dbeb0f10159f -> 
  custom:scripting/monoscript/fileName/CinemachineFreeLook.cs: bebc32b18bc4beddc113bad68624e557 -> 
  custom:audio-decoder-ogg-vorbis: bf7c407c2cedff20999df2af8eb42d56 -> 
  custom:scripting/monoscript/fileName/CinemachineGroupComposer.cs: 173a689a80ef321c302f9c045419668f -> 
  custom:scripting/monoscript/fileName/CinemachineVirtualCameraBase.cs: c7e60cccdcb14ee2a33da9fd46c1c54f -> 
  custom:scripting/monoscript/fileName/CinemachineFixedSignal.cs: aedcdca7a861da6e456e0ae105b24c41 -> 
  custom:scripting/monoscript/fileName/CinemachineShotClipEditor.cs: 123a48531bf1d1b4f3c8398556caec62 -> 
  custom:scripting/monoscript/fileName/CinemachineTouchInputMapper.cs: b9698729a07a7d31c864247e0582b566 -> 
  custom:scripting/monoscript/fileName/CinemachinePOV.cs: e4df06d1994174afa286b103eb06ee7f -> 
  custom:scripting/monoscript/fileName/CinemachineBlend.cs: f33659d50c4d86144d649aa7e8196529 -> 
  custom:scripting/monoscript/fileName/CinemachineFreeLookEditor.cs: 9641291977c1891a004ac4c4c259e1c8 -> 
  custom:scripting/monoscript/fileName/CinemachineTransposerEditor.cs: 85841a774ddea4fb7232a7a585f716b4 -> 
  custom:scripting/monoscript/fileName/clipper.cs: 2a50e35a835148907b3c1fa8e187ab2b -> 
  custom:scripting/monoscript/fileName/NoiseSettings.cs: 443d576e0c72ab62870476103c9384ec -> 
  custom:scripting/monoscript/fileName/GaussianFilter.cs: 0a3672ebe80edf7c5daca82445c15683 -> 
  custom:scripting/monoscript/fileName/CinemachineSceneTools.cs: d63880a6073ab3335301b115db235b5b -> 
  custom:scripting/monoscript/fileName/CinemachineTriggerActionEditor.cs: 2309a2ec6192ace4cae8bab5a535978e -> 
  custom:scripting/monoscript/fileName/VcamTargetPropertyDrawer.cs: 9208050b1312b118a226fef2d63e8fa1 -> 
  custom:scripting/monoscript/fileName/CinemachineCollisionImpulseSource.cs: 9aae5e368cb7786be199f98f2122f96d -> 
  custom:scripting/monoscript/fileName/CinemachineClearShotEditor.cs: ca8875b47e775cd361c78158d7923690 -> 
  custom:scripting/monoscript/fileName/CinemachineEditorAnalytics.cs: de76cc292d7ecedcf47af6616498c9f9 -> 
  custom:scripting/monoscript/fileName/NoiseSettingsPropertyDrawer.cs: 8d3f69ba7eeec63914970bd3136b6ace -> 
  custom:scripting/monoscript/fileName/CinemachineBrainEditor.cs: 49621d8b7679c0b5d128fef53d55becd -> 
  custom:scripting/monoscript/fileName/CinemachineShotEditor.cs: 2ba28b209a4ad7f0a791994d2360a9af -> 
  custom:scripting/monoscript/fileName/PlayerMovement.cs: 42480eed24e61f9d7e7e895933644f96 -> 
  custom:scripting/monoscript/fileName/CinemachineHardLockToTargetEditor.cs: c65eaafd47115974a2a9379aae467b0e -> 
  custom:audio-encoder-webm-vorbis: bf7c407c2cedff20999df2af8eb42d56 -> 
  custom:scripting/monoscript/fileName/CameraState.cs: 6ae7088fa20820e052d1e4d86059e90b -> 
  custom:scripting/monoscript/fileName/CinemachineToolbarOverlay.cs: 371b6fc494252d6fda34e207e170cb66 -> 
  custom:scripting/monoscript/fileName/CinemachineIndependentImpulseListener.cs: 91ae8748b9c36955c333e57505ff90fb -> 
  custom:scripting/monoscript/fileName/CinemachineMixingCameraEditor.cs: 1c122a21d710512fec62cdc7bd351681 -> 
  custom:scripting/monoscript/fileName/CinemachinePostProcessing.cs: bf9b100a1b61fd5383288bc96487c194 -> 
  custom:scripting/monoscript/fileName/CinemachineSameAsFollowTarget.cs: bcfa2d394e1e5460b4ef3dc039214a16 -> 
  custom:scripting/monoscript/fileName/CinemachineVirtualCameraBaseEditor.cs: 13ee4931cd85df4b22852d0547b5e690 -> 
  custom:scripting/monoscript/fileName/UpdateTracker.cs: 3dac8a24a32a32e4bbfeb38ed26ef250 -> 
  custom:scripting/monoscript/fileName/CinemachineComposerEditor.cs: dda533b9c6cb2b366292f584704bd904 -> 
  custom:scripting/monoscript/fileName/Cinemachine3rdPersonFollow.cs: 4600bac2bdf6b37d80e86f9aa5a413c3 -> 
  custom:scripting/precompiled-assembly-types:Assembly-CSharp: e66928de38364bb08ef9436b3612de99 -> 
  custom:scripting/monoscript/fileName/SaveDuringPlay.cs: de39f1962b337699845d3d8a2e8f5bde -> 
========================================================================
Received Prepare
Caller must complete domain reload
Begin MonoManager ReloadAssembly
- Loaded All Assemblies, in  0.252 seconds
Native extension for WindowsStandalone target not found
Mono: successfully reloaded assembly
- Finished resetting the current domain, in  0.553 seconds
Domain Reload Profiling: 804ms
	BeginReloadAssembly (87ms)
		ExecutionOrderSort (0ms)
		DisableScriptedObjects (3ms)
		BackupInstance (0ms)
		ReleaseScriptingObjects (0ms)
		CreateAndSetChildDomain (16ms)
	RebuildCommonClasses (18ms)
	RebuildNativeTypeToScriptingClass (6ms)
	initialDomainReloadingComplete (16ms)
	LoadAllAssembliesAndSetupDomain (123ms)
		LoadAssemblies (156ms)
		RebuildTransferFunctionScriptingTraits (0ms)
		AnalyzeDomain (14ms)
			TypeCache.Refresh (5ms)
				TypeCache.ScanAssembly (0ms)
			ScanForSourceGeneratedMonoScriptInfo (4ms)
			ResolveRequiredComponents (3ms)
	FinalizeReload (553ms)
		ReleaseScriptCaches (0ms)
		RebuildScriptCaches (0ms)
		SetupLoadedEditorAssemblies (226ms)
			LogAssemblyErrors (0ms)
			InitializePlatformSupportModulesInManaged (3ms)
			SetLoadedEditorAssemblies (2ms)
			RefreshPlugins (0ms)
			BeforeProcessingInitializeOnLoad (32ms)
			ProcessInitializeOnLoadAttributes (176ms)
			ProcessInitializeOnLoadMethodAttributes (11ms)
			AfterProcessingInitializeOnLoad (2ms)
			EditorAssembliesLoaded (0ms)
		ExecutionOrderSort2 (0ms)
		AwakeInstancesAfterBackupRestoration (4ms)
Refreshing native plugins compatible for Editor in 2.12 ms, found 3 plugins.
Preloading 0 native plugins for Editor in 0.00 ms.
Unloading 3391 Unused Serialized files (Serialized files now loaded: 0)
Unloading 16 unused Assets / (124.5 KB). Loaded Objects now: 4074.
Memory consumption went from 130.3 MB to 130.2 MB.
Total: 1.832000 ms (FindLiveObjects: 0.162100 ms CreateObjectMapping: 0.044000 ms MarkObjects: 1.558100 ms  DeleteObjects: 0.067200 ms)

Prepare: number of updated asset objects reloaded= 0
AssetImportParameters requested are different than current active one (requested -> active):
  custom:scripting/monoscript/fileName/CinemachineGroupComposerEditor.cs: 54a07f36704e77a685a5e7e8c8b2c216 -> 
  custom:scripting/monoscript/fileName/CinemachineConfinerEditor.cs: cc6c898a3390647ab91613c8a96de4b4 -> 
  custom:scripting/monoscript/fileName/CinemachineBlendDefinitionPropertyDrawer.cs: 7ae344d19d646b738f3c65294becf216 -> 
  custom:scripting/monoscript/fileName/CinemachineTrackedDollyEditor.cs: b4d6784c58752cea58aafd9a76ca4459 -> 
  custom:scripting/monoscript/fileName/CinemachineImpulseManager.cs: c34be3577a810e26fd0110c580799b88 -> 
  custom:scripting/monoscript/fileName/CinemachineSmoothPath.cs: c28db2688f35d70587b5f943431a010a -> 
  custom:scripting/monoscript/fileName/CinemachineStateDrivenCamera.cs: aea2468a7384be4ba6d1b043ccec135d -> 
  custom:container-demuxer-ogg: 62fdf1f143b41e24485cea50d1cbac27 -> 
  custom:scripting/monoscript/fileName/CinemachineBlenderSettings.cs: 9adcb80668a56be4cd8e31c1d3dc60ae -> 
  custom:scripting/monoscript/fileName/SignalSourceAsset.cs: f7ffd463dece56bad278f5a8d3ed7fc6 -> 
  custom:scripting/monoscript/fileName/CinemachineCore.cs: fe6c3be993819098833de1628bfd76b2 -> 
  custom:scripting/monoscript/fileName/CinemachineImpulseChannelPropertyDrawer.cs: 4b6390a17916751618e2a45cb8d47a80 -> 
  custom:scripting/monoscript/fileName/SerializedPropertyHelper.cs: b04ac165255e34bc2935ca9bf180e209 -> 
  custom:scripting/monoscript/fileName/CinemachineFramingTransposer.cs: 7943c9d436748359882d8f978cf86c91 -> 
  custom:scripting/monoscript/fileName/AxisState.cs: 1a494a66d8b9a58f4a6873f89bf5b094 -> 
  custom:scripting/monoscript/fileName/CinemachineClearShot.cs: 1da15f5c7903497ce3ae982ee4ee4779 -> 
  custom:scripting/monoscript/fileName/CinemachinePOVEditor.cs: 71db5a9242a182995b4ca15db516f628 -> 
  custom:scripting/monoscript/fileName/CinemachineMixer.cs: 2e36eb9e732dd7c8a32e8f83daebd6f4 -> 
  custom:scripting/monoscript/fileName/CinemachineConfiner.cs: 3813336c17662a5cb6b59ce5f1954254 -> 
  custom:video-codec-MediaFoundation-h265: 746d11721c4dcdbdad8f713fa42b33f4 -> 
  custom:scripting/monoscript/fileName/CinemachineBrain.cs: 365b4e0b6319f064062e97b8f8e32c8e -> 
  custom:scripting/monoscript/fileName/CinemachineImpulseDefinitionPropertyDrawer.cs: 1b2fc77b0a80a7e0e9045e0d44fb761c -> 
  custom:scripting/monoscript/fileName/CinemachineColliderPrefs.cs: 47106451d4685409820905badf49b71f -> 
  custom:scripting/monoscript/fileName/CinemachineFollowZoom.cs: eb74e2e98d3dc4647324e113f34710ca -> 
  custom:scripting/monoscript/fileName/CinemachineDebug.cs: 3077ed3b64725184c652d4c07ac732fd -> 
  custom:scripting/monoscript/fileName/CinemachineLensPresets.cs: 014747fb0ab87178c677520d0bf20bf7 -> 
  custom:video-decoder-ogg-theora: a1e56fd34408186e4bbccfd4996cb3dc -> 
  custom:scripting/monoscript/fileName/CinemachineCameraOffset.cs: a6887f67d3eb83cc6393b822d4e65121 -> 
  custom:scripting/monoscript/fileName/ICinemachineCamera.cs: 2faad4f04eaf5d98c2870adbfb06184e -> 
  custom:scripting/monoscript/fileName/CinemachineShotPlayable.cs: e346ad1ecb4af45da55274cb9abd9ec0 -> 
  custom:scripting/monoscript/fileName/CinemachineTagFieldPropertyDrawer.cs: e78491a12decd558a49d01cc583bfcfb -> 
  custom:framework-win-MediaFoundation: 216162199b28c13a410421893ffa2e32 -> 
  custom:scripting/monoscript/fileName/CinemachineVolumeSettings.cs: 22782cc3dbf8dfd1cb54e8486f29fe0d -> 
  custom:scripting/monoscript/fileName/CinemachineImpulseSourceEditor.cs: 0ef7804c69c18838aa65e6d5bae5b055 -> 
  custom:scripting/monoscript/fileName/CinemachineExternalCameraEditor.cs: d74df442250b898c9b40669a19100e9d -> 
  custom:scripting/monoscript/fileName/CinemachineTargetGroupEditor.cs: f70ac85df8c1c9bd0b83a35534bafd1f -> 
  custom:scripting/monoscript/fileName/CinemachineRecomposer.cs: 07354cca81f7d0775b027b5906330569 -> 
  custom:scripting/monoscript/fileName/CinemachineTransposer.cs: aa226dd144b3a977b86ea888b85df5fa -> 
  custom:scripting/monoscript/fileName/TargetPositionCache.cs: 49ce97e6930a536b43825141e0c2d3a4 -> 
  custom:scripting/monoscript/fileName/CinemachineExternalCamera.cs: d76122377115c288d881064c3f07a3f1 -> 
  custom:scripting/monoscript/fileName/ReflectionHelpers.cs: 60a5d38af3e775d0a421a7ff630d61cc -> 
  custom:scripting/monoscript/fileName/CinemachineVirtualCamera.cs: f16f2dc5bc1261579875c19605c45301 -> 
  custom:scripting/monoscript/fileName/Predictor.cs: d51584936cb5b31b30ee7b444e03385b -> 
  custom:scripting/monoscript/fileName/CinemachineOrbitalTransposerEditor.cs: 5ea2e4bec7ee6c24917bd86647f4bffa -> 
  custom:scripting/monoscript/fileName/CinemachineConfiner2DEditor.cs: 3f4b3d9b17ff5cd560135aa24f822994 -> 
  custom:scripting/monoscript/fileName/GroupWeightManipulator.cs: 588749cf3436a8199e762a8e09bc8de7 -> 
  custom:scripting/monoscript/fileName/AxisStatePropertyDrawer.cs: 2d807695a513641e771c78e6c342ff04 -> 
  custom:scripting/monoscript/fileName/CinemachineScreenComposerGuides.cs: cdc7ea02ccc4c8d1561d98d16760d1ca -> 
  custom:scripting/monoscript/fileName/CinemachinePropertyAttribute.cs: e8158d9725ac3a9129a08e46a4ff7519 -> 
  custom:scripting/monoscript/fileName/CinemachineVirtualCameraEditor.cs: 2e051d0c474634e907fe4123d6e2656e -> 
  custom:scripting/monoscript/fileName/CinemachineSettings.cs: 197f6d5ad32e253546b5afa056a5bba4 -> 
  custom:scripting/monoscript/fileName/CinemachineNoiseSettingsEditor.cs: 9056e69d9c759ba2504535054fff31c9 -> 
  custom:scripting/monoscript/fileName/CinemachineTriggerAction.cs: cab9c5d02c28af05797c2c3743539bdb -> 
  custom:scripting/monoscript/fileName/InspectorUtility.cs: d2444697ecf5f370ee1ff9969e9d66f8 -> 1cf92e4af45cb9e9886ec49564b001a9
  custom:CustomObjectIndexerAttribute: 9a22284fe3817be447336de3de66b15e -> 
  custom:scripting/monoscript/fileName/CinemachineBlenderSettingsEditor.cs: c57aa7de12bc3e7367ca091f4902c67b -> 
  custom:scripting/precompiled-assembly-types:Cinemachine: 54c8b091bb91c32bfeada952c9c53e21 -> 
  custom:scripting/monoscript/fileName/CinemachineImpulseDefinition.cs: 3d434086a2bdaf715abf85e79e9f14b4 -> 
  custom:scripting/precompiled-assembly-types:com.unity.cinemachine.editor: e24bde9f61664824443e2ae04112f2bb -> 
  custom:scripting/monoscript/fileName/Cinemachine3rdPersonFollowEditor.cs: f79aa162534f81c680877e6274b5d6ec -> 
  custom:scripting/monoscript/fileName/EmbeddedAssetPropertyDrawer.cs: fd7ebc18093de04c88d0cfc86fb060f5 -> 
  custom:container-demuxer-webm: 4f35f7cbe854078d1ac9338744f61a02 -> 
  custom:scripting/monoscript/fileName/ConfinerOven.cs: ff23c03e90b61beb34474fc6e4ff668c -> 
  custom:scripting/monoscript/fileName/WaveformWindow.cs: 01bbc4fc017d41a2bab7fb57c988e8da -> 
  custom:scripting/monoscript/fileName/CinemachinePipeline.cs: 6ca7a5979a0a73ea1d450a8fc9b437ef -> 
  custom:scripting/monoscript/fileName/VcamStageEditor.cs: 84b0eaf932b448975a99972628e556d8 -> 
  custom:scripting/monoscript/fileName/CinemachineFramingTransposerEditor.cs: 1653e1c00b2ca68b1d40f01e5bfb8445 -> 
  custom:scripting/monoscript/fileName/CinemachineStateDrivenCameraEditor.cs: 77d9f0a97385f936d9b4ffaa686bce39 -> 
  custom:scripting/monoscript/fileName/OrbitalTransposerHeadingPropertyDrawer.cs: 22496b76ce84f35f630c90badc4babd8 -> 
  custom:scripting/monoscript/fileName/CinemachinePathEditor.cs: ce10985fbf0e018e2dea63fedae131ba -> 
  custom:scripting/monoscript/fileName/CinemachineCollider.cs: 8fa92f525b1c31cd81812685d7f8c288 -> 
  custom:scripting/monoscript/fileName/CinemachineCollisionImpulseSourceEditor.cs: 29f9a522ec6b23375849ba08fd597c8d -> 
  custom:scripting/monoscript/fileName/CinemachineInputProvider.cs: ecb845de690695f08b3b3bb647cc7006 -> 
  custom:scripting/monoscript/fileName/CinemachineColliderEditor.cs: 859d1abbd669ee84cb713f6d4d0e1c5f -> 
  custom:scripting/monoscript/fileName/CinemachineExtension.cs: 6968db4afcdc301f6acb1ef4fbadb2f4 -> 
  custom:scripting/monoscript/fileName/CinemachineTargetGroup.cs: 10a09aa736b3a25da6dd9fc3c4dd9d36 -> 
  custom:scripting/monoscript/fileName/EmbeddedAssetHelpers.cs: 90647cc400823b41df847a6cbfc29026 -> 
  custom:scripting/monoscript/fileName/CinemachineBlendListCamera.cs: 66104ac24fef171d9f5d5b93a8cb2f83 -> 
  custom:scripting/monoscript/fileName/CinemachineComponentBase.cs: 5293f153c13e9bd2fc262ec31ff69206 -> 
  custom:scripting/monoscript/fileName/BaseEditor.cs: 90647cc400823b41df847a6cbfc29026 -> 
  custom:container-muxer-webm: aa71ff27fc2769a1b78a27578f13a17b -> 
  custom:video-decoder-webm-vp8: 9c59270c3fd7afecdb556c50c9e8de78 -> 
  custom:scripting/monoscript/fileName/CinemachineHardLookAt.cs: 792580aec23d39bcecd7ceea4c27a0ce -> 
  custom:scripting/monoscript/fileName/CinemachineInputAxisDriver.cs: 7e424e54660fed310c58dc98ea41042e -> 
  custom:scripting/monoscript/fileName/CinemachineStoryboardEditor.cs: 2e7ec8bfb72013eaaff4873a27da019c -> 
  custom:scripting/monoscript/fileName/CinemachineBasicMultiChannelPerlin.cs: bd5416e75860cd63657371207eb79058 -> 
  custom:SearchIndexIgnoredProperties: e643bd26f0fe6173181afceb89e7c659 -> 
  custom:AudioImporter_EditorPlatform: d09bf68614088b80899f8185d706f6e7 -> 
  custom:scripting/monoscript/fileName/CinemachineMixingCamera.cs: 739c5ceb76c01023f431794ec46a0177 -> 
  custom:scripting/monoscript/fileName/CinemachinePath.cs: b443d3c8837a65ddc3c78741cd58ec71 -> 
  custom:scripting/monoscript/fileName/CinemachineImpulseListenerEditor.cs: d5d28e418f87c111bce1c1b98f1f70ba -> 
  custom:scripting/monoscript/fileName/Avoider.cs: ae32a89b624ae2a4ae1c49a2b33fb966 -> 
  custom:scripting/monoscript/fileName/CinemachineDollyCart.cs: bbe9d07f4a2f7ee5ab002e66cb05f922 -> 
  custom:scripting/monoscript/fileName/CinemachineStoryboard.cs: 59a2099f76be9b47af1e12ed7d40f553 -> 
  custom:scripting/monoscript/fileName/CinemachinePixelPerfect.cs: 2f42bea4517739481ed2553d1616050e -> 
  custom:scripting/monoscript/fileName/CinemachineTrackedDolly.cs: f6a9c21b27ad86d45f62f6b444ccbb49 -> 
  custom:scripting/monoscript/fileName/CinemachineHardLookAtEditor.cs: 15b8f2af6a6d786898ce5dd6b0db26dc -> 
  custom:scripting/monoscript/fileName/CinemachineComposer.cs: e399dfd36807c341da7cd182ce299d1e -> 
  custom:scripting/monoscript/fileName/CinemachineTrack.cs: 4b50d47d507c57dc81b82253ec075194 -> 
  custom:scripting/monoscript/fileName/CinemachineSmoothPathEditor.cs: 7555bcba4eb760e012dd21c6730ae562 -> 
  custom:scripting/monoscript/fileName/ScriptableObjectUtility.cs: c529d074f6f57a07e3f410d488963bbc -> 
  custom:scripting/monoscript/fileName/CinemachineOrbitalTransposer.cs: 71c52878ba6d43827473a480056a99da -> 
  custom:scripting/monoscript/fileName/CinemachinePathBase.cs: debb99764287c54cae06313e2d6a1fe1 -> 
  custom:scripting/monoscript/fileName/CinemachineImpulseSource.cs: ac073b8453e26c5dd422d5f1a90a7ff2 -> 
  custom:scripting/monoscript/fileName/CinemachineImpulseEnvelopePropertyDrawer.cs: 07e00c9c84964a5c7e4f3f19e4263ec1 -> 
  custom:scripting/monoscript/fileName/SplineHelpers.cs: 9e5bf4293b3828088291b7871e233a27 -> 
  custom:scripting/monoscript/fileName/CinemachineSameAsFollowTargetEditor.cs: 6def40fc1e39b3242347b6630fb5127e -> 
  custom:scripting/monoscript/fileName/CinemachineBlendListCameraEditor.cs: dbc12d2a9f3e2999a067290c411b2aca -> 
  custom:scripting/monoscript/fileName/CinemachineShot.cs: 3d4d9d05534db20e82d871d98ea52716 -> 
  custom:scripting/monoscript/fileName/UnityVectorExtensions.cs: 052777772edecdffe26d41a6a989641e -> 
  custom:scripting/monoscript/fileName/CinemachineBasicMultiChannelPerlinEditor.cs: d6749cd6c482efa27bdd41f60394f1b9 -> 
  custom:scripting/monoscript/fileName/CinemachineImpulseChannels.cs: a9a39cc5ecea1f083db0fce154eec19c -> 
  custom:scripting/monoscript/fileName/CinemachineHardLockToTarget.cs: d349308c5b4f600a345055c394206f52 -> 
  custom:scripting/monoscript/fileName/CinemachineConfiner2D.cs: beb10be0db8ff9d3a94bd0a150963b9b -> 
  custom:scripting/monoscript/fileName/LensSettings.cs: 4335e899502c57ee4480b8c9aa915366 -> 
  custom:scripting/monoscript/fileName/Cinemachine3rdPersonAim.cs: 4bd230d915f070bb3cae23bef6f7ab70 -> 
  custom:scripting/monoscript/fileName/CinemachineImpulseListener.cs: 6aac146243d38e7a67346170caa40ea1 -> 
  custom:video-encoder-webm-vp8: eb34c28f22e8b96e1ab97ce403110664 -> 
  custom:scripting/monoscript/fileName/CinemachineMenu.cs: 7b932811d9fa1e44d0d8b2b9ed75adf3 -> 
  custom:scripting/monoscript/fileName/RuntimeUtility.cs: 8c92a9f673836e5d2084dbeb0f10159f -> 
  custom:scripting/monoscript/fileName/CinemachineFreeLook.cs: bebc32b18bc4beddc113bad68624e557 -> 
  custom:audio-decoder-ogg-vorbis: bf7c407c2cedff20999df2af8eb42d56 -> 
  custom:scripting/monoscript/fileName/CinemachineGroupComposer.cs: 173a689a80ef321c302f9c045419668f -> 
  custom:scripting/monoscript/fileName/CinemachineVirtualCameraBase.cs: c7e60cccdcb14ee2a33da9fd46c1c54f -> 
  custom:scripting/monoscript/fileName/CinemachineFixedSignal.cs: aedcdca7a861da6e456e0ae105b24c41 -> 
  custom:scripting/monoscript/fileName/CinemachineShotClipEditor.cs: 123a48531bf1d1b4f3c8398556caec62 -> 
  custom:scripting/monoscript/fileName/CinemachineTouchInputMapper.cs: b9698729a07a7d31c864247e0582b566 -> 
  custom:scripting/monoscript/fileName/CinemachinePOV.cs: e4df06d1994174afa286b103eb06ee7f -> 
  custom:scripting/monoscript/fileName/CinemachineBlend.cs: f33659d50c4d86144d649aa7e8196529 -> 
  custom:scripting/monoscript/fileName/CinemachineFreeLookEditor.cs: 9641291977c1891a004ac4c4c259e1c8 -> 
  custom:scripting/monoscript/fileName/CinemachineTransposerEditor.cs: 85841a774ddea4fb7232a7a585f716b4 -> 
  custom:scripting/monoscript/fileName/clipper.cs: 2a50e35a835148907b3c1fa8e187ab2b -> 
  custom:scripting/monoscript/fileName/NoiseSettings.cs: 443d576e0c72ab62870476103c9384ec -> 
  custom:scripting/monoscript/fileName/GaussianFilter.cs: 0a3672ebe80edf7c5daca82445c15683 -> 
  custom:scripting/monoscript/fileName/CinemachineSceneTools.cs: d63880a6073ab3335301b115db235b5b -> 
  custom:scripting/monoscript/fileName/CinemachineTriggerActionEditor.cs: 2309a2ec6192ace4cae8bab5a535978e -> 
  custom:scripting/monoscript/fileName/VcamTargetPropertyDrawer.cs: 9208050b1312b118a226fef2d63e8fa1 -> 
  custom:scripting/monoscript/fileName/CinemachineCollisionImpulseSource.cs: 9aae5e368cb7786be199f98f2122f96d -> 
  custom:scripting/monoscript/fileName/CinemachineClearShotEditor.cs: ca8875b47e775cd361c78158d7923690 -> 
  custom:scripting/monoscript/fileName/CinemachineEditorAnalytics.cs: de76cc292d7ecedcf47af6616498c9f9 -> 
  custom:scripting/monoscript/fileName/NoiseSettingsPropertyDrawer.cs: 8d3f69ba7eeec63914970bd3136b6ace -> 
  custom:scripting/monoscript/fileName/CinemachineBrainEditor.cs: 49621d8b7679c0b5d128fef53d55becd -> 
  custom:scripting/monoscript/fileName/CinemachineShotEditor.cs: 2ba28b209a4ad7f0a791994d2360a9af -> 
  custom:scripting/monoscript/fileName/PlayerMovement.cs: 42480eed24e61f9d7e7e895933644f96 -> 
  custom:scripting/monoscript/fileName/CinemachineHardLockToTargetEditor.cs: c65eaafd47115974a2a9379aae467b0e -> 
  custom:audio-encoder-webm-vorbis: bf7c407c2cedff20999df2af8eb42d56 -> 
  custom:scripting/monoscript/fileName/CameraState.cs: 6ae7088fa20820e052d1e4d86059e90b -> 
  custom:scripting/monoscript/fileName/CinemachineToolbarOverlay.cs: 371b6fc494252d6fda34e207e170cb66 -> 
  custom:scripting/monoscript/fileName/CinemachineIndependentImpulseListener.cs: 91ae8748b9c36955c333e57505ff90fb -> 
  custom:scripting/monoscript/fileName/CinemachineMixingCameraEditor.cs: 1c122a21d710512fec62cdc7bd351681 -> 
  custom:scripting/monoscript/fileName/CinemachinePostProcessing.cs: bf9b100a1b61fd5383288bc96487c194 -> 
  custom:scripting/monoscript/fileName/CinemachineSameAsFollowTarget.cs: bcfa2d394e1e5460b4ef3dc039214a16 -> 
  custom:scripting/monoscript/fileName/CinemachineVirtualCameraBaseEditor.cs: 13ee4931cd85df4b22852d0547b5e690 -> 
  custom:scripting/monoscript/fileName/UpdateTracker.cs: 3dac8a24a32a32e4bbfeb38ed26ef250 -> 
  custom:scripting/monoscript/fileName/CinemachineComposerEditor.cs: dda533b9c6cb2b366292f584704bd904 -> 
  custom:scripting/monoscript/fileName/Cinemachine3rdPersonFollow.cs: 4600bac2bdf6b37d80e86f9aa5a413c3 -> 
  custom:scripting/precompiled-assembly-types:Assembly-CSharp: e66928de38364bb08ef9436b3612de99 -> 
  custom:scripting/monoscript/fileName/SaveDuringPlay.cs: de39f1962b337699845d3d8a2e8f5bde -> 
========================================================================
Received Prepare
Caller must complete domain reload
Begin MonoManager ReloadAssembly
- Loaded All Assemblies, in  0.268 seconds
Native extension for WindowsStandalone target not found
Mono: successfully reloaded assembly
- Finished resetting the current domain, in  0.613 seconds
Domain Reload Profiling: 880ms
	BeginReloadAssembly (94ms)
		ExecutionOrderSort (0ms)
		DisableScriptedObjects (3ms)
		BackupInstance (0ms)
		ReleaseScriptingObjects (0ms)
		CreateAndSetChildDomain (16ms)
	RebuildCommonClasses (22ms)
	RebuildNativeTypeToScriptingClass (5ms)
	initialDomainReloadingComplete (15ms)
	LoadAllAssembliesAndSetupDomain (130ms)
		LoadAssemblies (172ms)
		RebuildTransferFunctionScriptingTraits (0ms)
		AnalyzeDomain (11ms)
			TypeCache.Refresh (5ms)
				TypeCache.ScanAssembly (0ms)
			ScanForSourceGeneratedMonoScriptInfo (0ms)
			ResolveRequiredComponents (4ms)
	FinalizeReload (613ms)
		ReleaseScriptCaches (0ms)
		RebuildScriptCaches (0ms)
		SetupLoadedEditorAssemblies (259ms)
			LogAssemblyErrors (0ms)
			InitializePlatformSupportModulesInManaged (3ms)
			SetLoadedEditorAssemblies (2ms)
			RefreshPlugins (0ms)
			BeforeProcessingInitializeOnLoad (34ms)
			ProcessInitializeOnLoadAttributes (201ms)
			ProcessInitializeOnLoadMethodAttributes (17ms)
			AfterProcessingInitializeOnLoad (2ms)
			EditorAssembliesLoaded (0ms)
		ExecutionOrderSort2 (0ms)
		AwakeInstancesAfterBackupRestoration (4ms)
Refreshing native plugins compatible for Editor in 2.66 ms, found 3 plugins.
Preloading 0 native plugins for Editor in 0.00 ms.
Unloading 3391 Unused Serialized files (Serialized files now loaded: 0)
Unloading 16 unused Assets / (124.5 KB). Loaded Objects now: 4089.
Memory consumption went from 130.4 MB to 130.2 MB.
Total: 2.057800 ms (FindLiveObjects: 0.301800 ms CreateObjectMapping: 0.098600 ms MarkObjects: 1.597000 ms  DeleteObjects: 0.059500 ms)

Prepare: number of updated asset objects reloaded= 0
AssetImportParameters requested are different than current active one (requested -> active):
  custom:scripting/monoscript/fileName/CinemachineGroupComposerEditor.cs: 54a07f36704e77a685a5e7e8c8b2c216 -> 
  custom:scripting/monoscript/fileName/CinemachineConfinerEditor.cs: cc6c898a3390647ab91613c8a96de4b4 -> 
  custom:scripting/monoscript/fileName/CinemachineBlendDefinitionPropertyDrawer.cs: 7ae344d19d646b738f3c65294becf216 -> 
  custom:scripting/monoscript/fileName/CinemachineTrackedDollyEditor.cs: b4d6784c58752cea58aafd9a76ca4459 -> 
  custom:scripting/monoscript/fileName/CinemachineImpulseManager.cs: c34be3577a810e26fd0110c580799b88 -> 
  custom:scripting/monoscript/fileName/CinemachineSmoothPath.cs: c28db2688f35d70587b5f943431a010a -> 
  custom:scripting/monoscript/fileName/CinemachineStateDrivenCamera.cs: aea2468a7384be4ba6d1b043ccec135d -> 
  custom:container-demuxer-ogg: 62fdf1f143b41e24485cea50d1cbac27 -> 
  custom:scripting/monoscript/fileName/CinemachineBlenderSettings.cs: 9adcb80668a56be4cd8e31c1d3dc60ae -> 
  custom:scripting/monoscript/fileName/SignalSourceAsset.cs: f7ffd463dece56bad278f5a8d3ed7fc6 -> 
  custom:scripting/monoscript/fileName/CinemachineCore.cs: fe6c3be993819098833de1628bfd76b2 -> 
  custom:scripting/monoscript/fileName/CinemachineImpulseChannelPropertyDrawer.cs: 4b6390a17916751618e2a45cb8d47a80 -> 
  custom:scripting/monoscript/fileName/SerializedPropertyHelper.cs: b04ac165255e34bc2935ca9bf180e209 -> 
  custom:scripting/monoscript/fileName/CinemachineFramingTransposer.cs: 7943c9d436748359882d8f978cf86c91 -> 
  custom:scripting/monoscript/fileName/AxisState.cs: 1a494a66d8b9a58f4a6873f89bf5b094 -> 
  custom:scripting/monoscript/fileName/CinemachineClearShot.cs: 1da15f5c7903497ce3ae982ee4ee4779 -> 
  custom:scripting/monoscript/fileName/CinemachinePOVEditor.cs: 71db5a9242a182995b4ca15db516f628 -> 
  custom:scripting/monoscript/fileName/CinemachineMixer.cs: 2e36eb9e732dd7c8a32e8f83daebd6f4 -> 
  custom:scripting/monoscript/fileName/CinemachineConfiner.cs: 3813336c17662a5cb6b59ce5f1954254 -> 
  custom:video-codec-MediaFoundation-h265: 746d11721c4dcdbdad8f713fa42b33f4 -> 
  custom:scripting/monoscript/fileName/CinemachineBrain.cs: 365b4e0b6319f064062e97b8f8e32c8e -> 
  custom:scripting/monoscript/fileName/CinemachineImpulseDefinitionPropertyDrawer.cs: 1b2fc77b0a80a7e0e9045e0d44fb761c -> 
  custom:scripting/monoscript/fileName/CinemachineColliderPrefs.cs: 47106451d4685409820905badf49b71f -> 
  custom:scripting/monoscript/fileName/CinemachineFollowZoom.cs: eb74e2e98d3dc4647324e113f34710ca -> 
  custom:scripting/monoscript/fileName/CinemachineDebug.cs: 3077ed3b64725184c652d4c07ac732fd -> 
  custom:scripting/monoscript/fileName/CinemachineLensPresets.cs: 014747fb0ab87178c677520d0bf20bf7 -> 
  custom:video-decoder-ogg-theora: a1e56fd34408186e4bbccfd4996cb3dc -> 
  custom:scripting/monoscript/fileName/CinemachineCameraOffset.cs: a6887f67d3eb83cc6393b822d4e65121 -> 
  custom:scripting/monoscript/fileName/ICinemachineCamera.cs: 2faad4f04eaf5d98c2870adbfb06184e -> 
  custom:scripting/monoscript/fileName/CinemachineShotPlayable.cs: e346ad1ecb4af45da55274cb9abd9ec0 -> 
  custom:scripting/monoscript/fileName/CinemachineTagFieldPropertyDrawer.cs: e78491a12decd558a49d01cc583bfcfb -> 
  custom:framework-win-MediaFoundation: 216162199b28c13a410421893ffa2e32 -> 
  custom:scripting/monoscript/fileName/CinemachineVolumeSettings.cs: 22782cc3dbf8dfd1cb54e8486f29fe0d -> 
  custom:scripting/monoscript/fileName/CinemachineImpulseSourceEditor.cs: 0ef7804c69c18838aa65e6d5bae5b055 -> 
  custom:scripting/monoscript/fileName/CinemachineExternalCameraEditor.cs: d74df442250b898c9b40669a19100e9d -> 
  custom:scripting/monoscript/fileName/CinemachineTargetGroupEditor.cs: f70ac85df8c1c9bd0b83a35534bafd1f -> 
  custom:scripting/monoscript/fileName/CinemachineRecomposer.cs: 07354cca81f7d0775b027b5906330569 -> 
  custom:scripting/monoscript/fileName/CinemachineTransposer.cs: aa226dd144b3a977b86ea888b85df5fa -> 
  custom:scripting/monoscript/fileName/TargetPositionCache.cs: 49ce97e6930a536b43825141e0c2d3a4 -> 
  custom:scripting/monoscript/fileName/CinemachineExternalCamera.cs: d76122377115c288d881064c3f07a3f1 -> 
  custom:scripting/monoscript/fileName/ReflectionHelpers.cs: 60a5d38af3e775d0a421a7ff630d61cc -> 
  custom:scripting/monoscript/fileName/CinemachineVirtualCamera.cs: f16f2dc5bc1261579875c19605c45301 -> 
  custom:scripting/monoscript/fileName/Predictor.cs: d51584936cb5b31b30ee7b444e03385b -> 
  custom:scripting/monoscript/fileName/CinemachineOrbitalTransposerEditor.cs: 5ea2e4bec7ee6c24917bd86647f4bffa -> 
  custom:scripting/monoscript/fileName/CinemachineConfiner2DEditor.cs: 3f4b3d9b17ff5cd560135aa24f822994 -> 
  custom:scripting/monoscript/fileName/GroupWeightManipulator.cs: 588749cf3436a8199e762a8e09bc8de7 -> 
  custom:scripting/monoscript/fileName/AxisStatePropertyDrawer.cs: 2d807695a513641e771c78e6c342ff04 -> 
  custom:scripting/monoscript/fileName/CinemachineScreenComposerGuides.cs: cdc7ea02ccc4c8d1561d98d16760d1ca -> 
  custom:scripting/monoscript/fileName/CinemachinePropertyAttribute.cs: e8158d9725ac3a9129a08e46a4ff7519 -> 
  custom:scripting/monoscript/fileName/CinemachineVirtualCameraEditor.cs: 2e051d0c474634e907fe4123d6e2656e -> 
  custom:scripting/monoscript/fileName/CinemachineSettings.cs: 197f6d5ad32e253546b5afa056a5bba4 -> 
  custom:scripting/monoscript/fileName/CinemachineNoiseSettingsEditor.cs: 9056e69d9c759ba2504535054fff31c9 -> 
  custom:scripting/monoscript/fileName/CinemachineTriggerAction.cs: cab9c5d02c28af05797c2c3743539bdb -> 
  custom:scripting/monoscript/fileName/InspectorUtility.cs: d2444697ecf5f370ee1ff9969e9d66f8 -> 1cf92e4af45cb9e9886ec49564b001a9
  custom:CustomObjectIndexerAttribute: 9a22284fe3817be447336de3de66b15e -> 
  custom:scripting/monoscript/fileName/CinemachineBlenderSettingsEditor.cs: c57aa7de12bc3e7367ca091f4902c67b -> 
  custom:scripting/precompiled-assembly-types:Cinemachine: 54c8b091bb91c32bfeada952c9c53e21 -> 
  custom:scripting/monoscript/fileName/CinemachineImpulseDefinition.cs: 3d434086a2bdaf715abf85e79e9f14b4 -> 
  custom:scripting/precompiled-assembly-types:com.unity.cinemachine.editor: e24bde9f61664824443e2ae04112f2bb -> 
  custom:scripting/monoscript/fileName/Cinemachine3rdPersonFollowEditor.cs: f79aa162534f81c680877e6274b5d6ec -> 
  custom:scripting/monoscript/fileName/EmbeddedAssetPropertyDrawer.cs: fd7ebc18093de04c88d0cfc86fb060f5 -> 
  custom:container-demuxer-webm: 4f35f7cbe854078d1ac9338744f61a02 -> 
  custom:scripting/monoscript/fileName/ConfinerOven.cs: ff23c03e90b61beb34474fc6e4ff668c -> 
  custom:scripting/monoscript/fileName/WaveformWindow.cs: 01bbc4fc017d41a2bab7fb57c988e8da -> 
  custom:scripting/monoscript/fileName/CinemachinePipeline.cs: 6ca7a5979a0a73ea1d450a8fc9b437ef -> 
  custom:scripting/monoscript/fileName/VcamStageEditor.cs: 84b0eaf932b448975a99972628e556d8 -> 
  custom:scripting/monoscript/fileName/CinemachineFramingTransposerEditor.cs: 1653e1c00b2ca68b1d40f01e5bfb8445 -> 
  custom:scripting/monoscript/fileName/CinemachineStateDrivenCameraEditor.cs: 77d9f0a97385f936d9b4ffaa686bce39 -> 
  custom:scripting/monoscript/fileName/OrbitalTransposerHeadingPropertyDrawer.cs: 22496b76ce84f35f630c90badc4babd8 -> 
  custom:scripting/monoscript/fileName/CinemachinePathEditor.cs: ce10985fbf0e018e2dea63fedae131ba -> 
  custom:scripting/monoscript/fileName/CinemachineCollider.cs: 8fa92f525b1c31cd81812685d7f8c288 -> 
  custom:scripting/monoscript/fileName/CinemachineCollisionImpulseSourceEditor.cs: 29f9a522ec6b23375849ba08fd597c8d -> 
  custom:scripting/monoscript/fileName/CinemachineInputProvider.cs: ecb845de690695f08b3b3bb647cc7006 -> 
  custom:scripting/monoscript/fileName/CinemachineColliderEditor.cs: 859d1abbd669ee84cb713f6d4d0e1c5f -> 
  custom:scripting/monoscript/fileName/CinemachineExtension.cs: 6968db4afcdc301f6acb1ef4fbadb2f4 -> 
  custom:scripting/monoscript/fileName/CinemachineTargetGroup.cs: 10a09aa736b3a25da6dd9fc3c4dd9d36 -> 
  custom:scripting/monoscript/fileName/EmbeddedAssetHelpers.cs: 90647cc400823b41df847a6cbfc29026 -> 
  custom:scripting/monoscript/fileName/CinemachineBlendListCamera.cs: 66104ac24fef171d9f5d5b93a8cb2f83 -> 
  custom:scripting/monoscript/fileName/CinemachineComponentBase.cs: 5293f153c13e9bd2fc262ec31ff69206 -> 
  custom:scripting/monoscript/fileName/BaseEditor.cs: 90647cc400823b41df847a6cbfc29026 -> 
  custom:container-muxer-webm: aa71ff27fc2769a1b78a27578f13a17b -> 
  custom:video-decoder-webm-vp8: 9c59270c3fd7afecdb556c50c9e8de78 -> 
  custom:scripting/monoscript/fileName/CinemachineHardLookAt.cs: 792580aec23d39bcecd7ceea4c27a0ce -> 
  custom:scripting/monoscript/fileName/CinemachineInputAxisDriver.cs: 7e424e54660fed310c58dc98ea41042e -> 
  custom:scripting/monoscript/fileName/CinemachineStoryboardEditor.cs: 2e7ec8bfb72013eaaff4873a27da019c -> 
  custom:scripting/monoscript/fileName/CinemachineBasicMultiChannelPerlin.cs: bd5416e75860cd63657371207eb79058 -> 
  custom:SearchIndexIgnoredProperties: e643bd26f0fe6173181afceb89e7c659 -> 
  custom:AudioImporter_EditorPlatform: d09bf68614088b80899f8185d706f6e7 -> 
  custom:scripting/monoscript/fileName/CinemachineMixingCamera.cs: 739c5ceb76c01023f431794ec46a0177 -> 
  custom:scripting/monoscript/fileName/CinemachinePath.cs: b443d3c8837a65ddc3c78741cd58ec71 -> 
  custom:scripting/monoscript/fileName/CinemachineImpulseListenerEditor.cs: d5d28e418f87c111bce1c1b98f1f70ba -> 
  custom:scripting/monoscript/fileName/Avoider.cs: ae32a89b624ae2a4ae1c49a2b33fb966 -> 
  custom:scripting/monoscript/fileName/CinemachineDollyCart.cs: bbe9d07f4a2f7ee5ab002e66cb05f922 -> 
  custom:scripting/monoscript/fileName/CinemachineStoryboard.cs: 59a2099f76be9b47af1e12ed7d40f553 -> 
  custom:scripting/monoscript/fileName/CinemachinePixelPerfect.cs: 2f42bea4517739481ed2553d1616050e -> 
  custom:scripting/monoscript/fileName/CinemachineTrackedDolly.cs: f6a9c21b27ad86d45f62f6b444ccbb49 -> 
  custom:scripting/monoscript/fileName/CinemachineHardLookAtEditor.cs: 15b8f2af6a6d786898ce5dd6b0db26dc -> 
  custom:scripting/monoscript/fileName/CinemachineComposer.cs: e399dfd36807c341da7cd182ce299d1e -> 
  custom:scripting/monoscript/fileName/CinemachineTrack.cs: 4b50d47d507c57dc81b82253ec075194 -> 
  custom:scripting/monoscript/fileName/CinemachineSmoothPathEditor.cs: 7555bcba4eb760e012dd21c6730ae562 -> 
  custom:scripting/monoscript/fileName/ScriptableObjectUtility.cs: c529d074f6f57a07e3f410d488963bbc -> 
  custom:scripting/monoscript/fileName/CinemachineOrbitalTransposer.cs: 71c52878ba6d43827473a480056a99da -> 
  custom:scripting/monoscript/fileName/CinemachinePathBase.cs: debb99764287c54cae06313e2d6a1fe1 -> 
  custom:scripting/monoscript/fileName/CinemachineImpulseSource.cs: ac073b8453e26c5dd422d5f1a90a7ff2 -> 
  custom:scripting/monoscript/fileName/CinemachineImpulseEnvelopePropertyDrawer.cs: 07e00c9c84964a5c7e4f3f19e4263ec1 -> 
  custom:scripting/monoscript/fileName/SplineHelpers.cs: 9e5bf4293b3828088291b7871e233a27 -> 
  custom:scripting/monoscript/fileName/CinemachineSameAsFollowTargetEditor.cs: 6def40fc1e39b3242347b6630fb5127e -> 
  custom:scripting/monoscript/fileName/CinemachineBlendListCameraEditor.cs: dbc12d2a9f3e2999a067290c411b2aca -> 
  custom:scripting/monoscript/fileName/CinemachineShot.cs: 3d4d9d05534db20e82d871d98ea52716 -> 
  custom:scripting/monoscript/fileName/UnityVectorExtensions.cs: 052777772edecdffe26d41a6a989641e -> 
  custom:scripting/monoscript/fileName/CinemachineBasicMultiChannelPerlinEditor.cs: d6749cd6c482efa27bdd41f60394f1b9 -> 
  custom:scripting/monoscript/fileName/CinemachineImpulseChannels.cs: a9a39cc5ecea1f083db0fce154eec19c -> 
  custom:scripting/monoscript/fileName/CinemachineHardLockToTarget.cs: d349308c5b4f600a345055c394206f52 -> 
  custom:scripting/monoscript/fileName/CinemachineConfiner2D.cs: beb10be0db8ff9d3a94bd0a150963b9b -> 
  custom:scripting/monoscript/fileName/LensSettings.cs: 4335e899502c57ee4480b8c9aa915366 -> 
  custom:scripting/monoscript/fileName/Cinemachine3rdPersonAim.cs: 4bd230d915f070bb3cae23bef6f7ab70 -> 
  custom:scripting/monoscript/fileName/CinemachineImpulseListener.cs: 6aac146243d38e7a67346170caa40ea1 -> 
  custom:video-encoder-webm-vp8: eb34c28f22e8b96e1ab97ce403110664 -> 
  custom:scripting/monoscript/fileName/CinemachineMenu.cs: 7b932811d9fa1e44d0d8b2b9ed75adf3 -> 
  custom:scripting/monoscript/fileName/RuntimeUtility.cs: 8c92a9f673836e5d2084dbeb0f10159f -> 
  custom:scripting/monoscript/fileName/CinemachineFreeLook.cs: bebc32b18bc4beddc113bad68624e557 -> 
  custom:audio-decoder-ogg-vorbis: bf7c407c2cedff20999df2af8eb42d56 -> 
  custom:scripting/monoscript/fileName/CinemachineGroupComposer.cs: 173a689a80ef321c302f9c045419668f -> 
  custom:scripting/monoscript/fileName/CinemachineVirtualCameraBase.cs: c7e60cccdcb14ee2a33da9fd46c1c54f -> 
  custom:scripting/monoscript/fileName/CinemachineFixedSignal.cs: aedcdca7a861da6e456e0ae105b24c41 -> 
  custom:scripting/monoscript/fileName/CinemachineShotClipEditor.cs: 123a48531bf1d1b4f3c8398556caec62 -> 
  custom:scripting/monoscript/fileName/CinemachineTouchInputMapper.cs: b9698729a07a7d31c864247e0582b566 -> 
  custom:scripting/monoscript/fileName/CinemachinePOV.cs: e4df06d1994174afa286b103eb06ee7f -> 
  custom:scripting/monoscript/fileName/CinemachineBlend.cs: f33659d50c4d86144d649aa7e8196529 -> 
  custom:scripting/monoscript/fileName/CinemachineFreeLookEditor.cs: 9641291977c1891a004ac4c4c259e1c8 -> 
  custom:scripting/monoscript/fileName/CinemachineTransposerEditor.cs: 85841a774ddea4fb7232a7a585f716b4 -> 
  custom:scripting/monoscript/fileName/clipper.cs: 2a50e35a835148907b3c1fa8e187ab2b -> 
  custom:scripting/monoscript/fileName/NoiseSettings.cs: 443d576e0c72ab62870476103c9384ec -> 
  custom:scripting/monoscript/fileName/GaussianFilter.cs: 0a3672ebe80edf7c5daca82445c15683 -> 
  custom:scripting/monoscript/fileName/CinemachineSceneTools.cs: d63880a6073ab3335301b115db235b5b -> 
  custom:scripting/monoscript/fileName/CinemachineTriggerActionEditor.cs: 2309a2ec6192ace4cae8bab5a535978e -> 
  custom:scripting/monoscript/fileName/VcamTargetPropertyDrawer.cs: 9208050b1312b118a226fef2d63e8fa1 -> 
  custom:scripting/monoscript/fileName/CinemachineCollisionImpulseSource.cs: 9aae5e368cb7786be199f98f2122f96d -> 
  custom:scripting/monoscript/fileName/CinemachineClearShotEditor.cs: ca8875b47e775cd361c78158d7923690 -> 
  custom:scripting/monoscript/fileName/CinemachineEditorAnalytics.cs: de76cc292d7ecedcf47af6616498c9f9 -> 
  custom:scripting/monoscript/fileName/NoiseSettingsPropertyDrawer.cs: 8d3f69ba7eeec63914970bd3136b6ace -> 
  custom:scripting/monoscript/fileName/CinemachineBrainEditor.cs: 49621d8b7679c0b5d128fef53d55becd -> 
  custom:scripting/monoscript/fileName/CinemachineShotEditor.cs: 2ba28b209a4ad7f0a791994d2360a9af -> 
  custom:scripting/monoscript/fileName/PlayerMovement.cs: 42480eed24e61f9d7e7e895933644f96 -> 
  custom:scripting/monoscript/fileName/CinemachineHardLockToTargetEditor.cs: c65eaafd47115974a2a9379aae467b0e -> 
  custom:audio-encoder-webm-vorbis: bf7c407c2cedff20999df2af8eb42d56 -> 
  custom:scripting/monoscript/fileName/CameraState.cs: 6ae7088fa20820e052d1e4d86059e90b -> 
  custom:scripting/monoscript/fileName/CinemachineToolbarOverlay.cs: 371b6fc494252d6fda34e207e170cb66 -> 
  custom:scripting/monoscript/fileName/CinemachineIndependentImpulseListener.cs: 91ae8748b9c36955c333e57505ff90fb -> 
  custom:scripting/monoscript/fileName/CinemachineMixingCameraEditor.cs: 1c122a21d710512fec62cdc7bd351681 -> 
  custom:scripting/monoscript/fileName/CinemachinePostProcessing.cs: bf9b100a1b61fd5383288bc96487c194 -> 
  custom:scripting/monoscript/fileName/CinemachineSameAsFollowTarget.cs: bcfa2d394e1e5460b4ef3dc039214a16 -> 
  custom:scripting/monoscript/fileName/CinemachineVirtualCameraBaseEditor.cs: 13ee4931cd85df4b22852d0547b5e690 -> 
  custom:scripting/monoscript/fileName/UpdateTracker.cs: 3dac8a24a32a32e4bbfeb38ed26ef250 -> 
  custom:scripting/monoscript/fileName/CinemachineComposerEditor.cs: dda533b9c6cb2b366292f584704bd904 -> 
  custom:scripting/monoscript/fileName/Cinemachine3rdPersonFollow.cs: 4600bac2bdf6b37d80e86f9aa5a413c3 -> 
  custom:scripting/precompiled-assembly-types:Assembly-CSharp: e66928de38364bb08ef9436b3612de99 -> 
  custom:scripting/monoscript/fileName/SaveDuringPlay.cs: de39f1962b337699845d3d8a2e8f5bde -> 
========================================================================
Received Prepare
Caller must complete domain reload
Begin MonoManager ReloadAssembly
- Loaded All Assemblies, in  0.248 seconds
Native extension for WindowsStandalone target not found
Mono: successfully reloaded assembly
- Finished resetting the current domain, in  0.547 seconds
Domain Reload Profiling: 794ms
	BeginReloadAssembly (86ms)
		ExecutionOrderSort (0ms)
		DisableScriptedObjects (3ms)
		BackupInstance (0ms)
		ReleaseScriptingObjects (0ms)
		CreateAndSetChildDomain (16ms)
	RebuildCommonClasses (18ms)
	RebuildNativeTypeToScriptingClass (6ms)
	initialDomainReloadingComplete (15ms)
	LoadAllAssembliesAndSetupDomain (122ms)
		LoadAssemblies (153ms)
		RebuildTransferFunctionScriptingTraits (0ms)
		AnalyzeDomain (14ms)
			TypeCache.Refresh (6ms)
				TypeCache.ScanAssembly (0ms)
			ScanForSourceGeneratedMonoScriptInfo (4ms)
			ResolveRequiredComponents (3ms)
	FinalizeReload (547ms)
		ReleaseScriptCaches (0ms)
		RebuildScriptCaches (0ms)
		SetupLoadedEditorAssemblies (230ms)
			LogAssemblyErrors (0ms)
			InitializePlatformSupportModulesInManaged (3ms)
			SetLoadedEditorAssemblies (2ms)
			RefreshPlugins (0ms)
			BeforeProcessingInitializeOnLoad (33ms)
			ProcessInitializeOnLoadAttributes (177ms)
			ProcessInitializeOnLoadMethodAttributes (12ms)
			AfterProcessingInitializeOnLoad (2ms)
			EditorAssembliesLoaded (0ms)
		ExecutionOrderSort2 (0ms)
		AwakeInstancesAfterBackupRestoration (5ms)
Refreshing native plugins compatible for Editor in 2.32 ms, found 3 plugins.
Preloading 0 native plugins for Editor in 0.00 ms.
Unloading 3391 Unused Serialized files (Serialized files now loaded: 0)
Unloading 16 unused Assets / (124.5 KB). Loaded Objects now: 4104.
Memory consumption went from 130.4 MB to 130.2 MB.
Total: 1.840500 ms (FindLiveObjects: 0.166900 ms CreateObjectMapping: 0.045200 ms MarkObjects: 1.557000 ms  DeleteObjects: 0.070700 ms)

Prepare: number of updated asset objects reloaded= 0
AssetImportParameters requested are different than current active one (requested -> active):
  custom:scripting/monoscript/fileName/CinemachineGroupComposerEditor.cs: 54a07f36704e77a685a5e7e8c8b2c216 -> 
  custom:scripting/monoscript/fileName/CinemachineConfinerEditor.cs: cc6c898a3390647ab91613c8a96de4b4 -> 
  custom:scripting/monoscript/fileName/CinemachineBlendDefinitionPropertyDrawer.cs: 7ae344d19d646b738f3c65294becf216 -> 
  custom:scripting/monoscript/fileName/CinemachineTrackedDollyEditor.cs: b4d6784c58752cea58aafd9a76ca4459 -> 
  custom:scripting/monoscript/fileName/CinemachineImpulseManager.cs: c34be3577a810e26fd0110c580799b88 -> 
  custom:scripting/monoscript/fileName/CinemachineSmoothPath.cs: c28db2688f35d70587b5f943431a010a -> 
  custom:scripting/monoscript/fileName/CinemachineStateDrivenCamera.cs: aea2468a7384be4ba6d1b043ccec135d -> 
  custom:container-demuxer-ogg: 62fdf1f143b41e24485cea50d1cbac27 -> 
  custom:scripting/monoscript/fileName/CinemachineBlenderSettings.cs: 9adcb80668a56be4cd8e31c1d3dc60ae -> 
  custom:scripting/monoscript/fileName/SignalSourceAsset.cs: f7ffd463dece56bad278f5a8d3ed7fc6 -> 
  custom:scripting/monoscript/fileName/CinemachineCore.cs: fe6c3be993819098833de1628bfd76b2 -> 
  custom:scripting/monoscript/fileName/CinemachineImpulseChannelPropertyDrawer.cs: 4b6390a17916751618e2a45cb8d47a80 -> 
  custom:scripting/monoscript/fileName/SerializedPropertyHelper.cs: b04ac165255e34bc2935ca9bf180e209 -> 
  custom:scripting/monoscript/fileName/CinemachineFramingTransposer.cs: 7943c9d436748359882d8f978cf86c91 -> 
  custom:scripting/monoscript/fileName/AxisState.cs: 1a494a66d8b9a58f4a6873f89bf5b094 -> 
  custom:scripting/monoscript/fileName/CinemachineClearShot.cs: 1da15f5c7903497ce3ae982ee4ee4779 -> 
  custom:scripting/monoscript/fileName/CinemachinePOVEditor.cs: 71db5a9242a182995b4ca15db516f628 -> 
  custom:scripting/monoscript/fileName/CinemachineMixer.cs: 2e36eb9e732dd7c8a32e8f83daebd6f4 -> 
  custom:scripting/monoscript/fileName/CinemachineConfiner.cs: 3813336c17662a5cb6b59ce5f1954254 -> 
  custom:video-codec-MediaFoundation-h265: 746d11721c4dcdbdad8f713fa42b33f4 -> 
  custom:scripting/monoscript/fileName/CinemachineBrain.cs: 365b4e0b6319f064062e97b8f8e32c8e -> 
  custom:scripting/monoscript/fileName/CinemachineImpulseDefinitionPropertyDrawer.cs: 1b2fc77b0a80a7e0e9045e0d44fb761c -> 
  custom:scripting/monoscript/fileName/CinemachineColliderPrefs.cs: 47106451d4685409820905badf49b71f -> 
  custom:scripting/monoscript/fileName/CinemachineFollowZoom.cs: eb74e2e98d3dc4647324e113f34710ca -> 
  custom:scripting/monoscript/fileName/CinemachineDebug.cs: 3077ed3b64725184c652d4c07ac732fd -> 
  custom:scripting/monoscript/fileName/CinemachineLensPresets.cs: 014747fb0ab87178c677520d0bf20bf7 -> 
  custom:video-decoder-ogg-theora: a1e56fd34408186e4bbccfd4996cb3dc -> 
  custom:scripting/monoscript/fileName/CinemachineCameraOffset.cs: a6887f67d3eb83cc6393b822d4e65121 -> 
  custom:scripting/monoscript/fileName/ICinemachineCamera.cs: 2faad4f04eaf5d98c2870adbfb06184e -> 
  custom:scripting/monoscript/fileName/CinemachineShotPlayable.cs: e346ad1ecb4af45da55274cb9abd9ec0 -> 
  custom:scripting/monoscript/fileName/CinemachineTagFieldPropertyDrawer.cs: e78491a12decd558a49d01cc583bfcfb -> 
  custom:framework-win-MediaFoundation: 216162199b28c13a410421893ffa2e32 -> 
  custom:scripting/monoscript/fileName/CinemachineVolumeSettings.cs: 22782cc3dbf8dfd1cb54e8486f29fe0d -> 
  custom:scripting/monoscript/fileName/CinemachineImpulseSourceEditor.cs: 0ef7804c69c18838aa65e6d5bae5b055 -> 
  custom:scripting/monoscript/fileName/CinemachineExternalCameraEditor.cs: d74df442250b898c9b40669a19100e9d -> 
  custom:scripting/monoscript/fileName/CinemachineTargetGroupEditor.cs: f70ac85df8c1c9bd0b83a35534bafd1f -> 
  custom:scripting/monoscript/fileName/CinemachineRecomposer.cs: 07354cca81f7d0775b027b5906330569 -> 
  custom:scripting/monoscript/fileName/CinemachineTransposer.cs: aa226dd144b3a977b86ea888b85df5fa -> 
  custom:scripting/monoscript/fileName/TargetPositionCache.cs: 49ce97e6930a536b43825141e0c2d3a4 -> 
  custom:scripting/monoscript/fileName/CinemachineExternalCamera.cs: d76122377115c288d881064c3f07a3f1 -> 
  custom:scripting/monoscript/fileName/ReflectionHelpers.cs: 60a5d38af3e775d0a421a7ff630d61cc -> 
  custom:scripting/monoscript/fileName/CinemachineVirtualCamera.cs: f16f2dc5bc1261579875c19605c45301 -> 
  custom:scripting/monoscript/fileName/Predictor.cs: d51584936cb5b31b30ee7b444e03385b -> 
  custom:scripting/monoscript/fileName/CinemachineOrbitalTransposerEditor.cs: 5ea2e4bec7ee6c24917bd86647f4bffa -> 
  custom:scripting/monoscript/fileName/CinemachineConfiner2DEditor.cs: 3f4b3d9b17ff5cd560135aa24f822994 -> 
  custom:scripting/monoscript/fileName/GroupWeightManipulator.cs: 588749cf3436a8199e762a8e09bc8de7 -> 
  custom:scripting/monoscript/fileName/AxisStatePropertyDrawer.cs: 2d807695a513641e771c78e6c342ff04 -> 
  custom:scripting/monoscript/fileName/CinemachineScreenComposerGuides.cs: cdc7ea02ccc4c8d1561d98d16760d1ca -> 
  custom:scripting/monoscript/fileName/CinemachinePropertyAttribute.cs: e8158d9725ac3a9129a08e46a4ff7519 -> 
  custom:scripting/monoscript/fileName/CinemachineVirtualCameraEditor.cs: 2e051d0c474634e907fe4123d6e2656e -> 
  custom:scripting/monoscript/fileName/CinemachineSettings.cs: 197f6d5ad32e253546b5afa056a5bba4 -> 
  custom:scripting/monoscript/fileName/CinemachineNoiseSettingsEditor.cs: 9056e69d9c759ba2504535054fff31c9 -> 
  custom:scripting/monoscript/fileName/CinemachineTriggerAction.cs: cab9c5d02c28af05797c2c3743539bdb -> 
  custom:scripting/monoscript/fileName/InspectorUtility.cs: d2444697ecf5f370ee1ff9969e9d66f8 -> 1cf92e4af45cb9e9886ec49564b001a9
  custom:CustomObjectIndexerAttribute: 9a22284fe3817be447336de3de66b15e -> 
  custom:scripting/monoscript/fileName/CinemachineBlenderSettingsEditor.cs: c57aa7de12bc3e7367ca091f4902c67b -> 
  custom:scripting/precompiled-assembly-types:Cinemachine: 54c8b091bb91c32bfeada952c9c53e21 -> 
  custom:scripting/monoscript/fileName/CinemachineImpulseDefinition.cs: 3d434086a2bdaf715abf85e79e9f14b4 -> 
  custom:scripting/precompiled-assembly-types:com.unity.cinemachine.editor: e24bde9f61664824443e2ae04112f2bb -> 
  custom:scripting/monoscript/fileName/Cinemachine3rdPersonFollowEditor.cs: f79aa162534f81c680877e6274b5d6ec -> 
  custom:scripting/monoscript/fileName/EmbeddedAssetPropertyDrawer.cs: fd7ebc18093de04c88d0cfc86fb060f5 -> 
  custom:container-demuxer-webm: 4f35f7cbe854078d1ac9338744f61a02 -> 
  custom:scripting/monoscript/fileName/ConfinerOven.cs: ff23c03e90b61beb34474fc6e4ff668c -> 
  custom:scripting/monoscript/fileName/WaveformWindow.cs: 01bbc4fc017d41a2bab7fb57c988e8da -> 
  custom:scripting/monoscript/fileName/CinemachinePipeline.cs: 6ca7a5979a0a73ea1d450a8fc9b437ef -> 
  custom:scripting/monoscript/fileName/VcamStageEditor.cs: 84b0eaf932b448975a99972628e556d8 -> 
  custom:scripting/monoscript/fileName/CinemachineFramingTransposerEditor.cs: 1653e1c00b2ca68b1d40f01e5bfb8445 -> 
  custom:scripting/monoscript/fileName/CinemachineStateDrivenCameraEditor.cs: 77d9f0a97385f936d9b4ffaa686bce39 -> 
  custom:scripting/monoscript/fileName/OrbitalTransposerHeadingPropertyDrawer.cs: 22496b76ce84f35f630c90badc4babd8 -> 
  custom:scripting/monoscript/fileName/CinemachinePathEditor.cs: ce10985fbf0e018e2dea63fedae131ba -> 
  custom:scripting/monoscript/fileName/CinemachineCollider.cs: 8fa92f525b1c31cd81812685d7f8c288 -> 
  custom:scripting/monoscript/fileName/CinemachineCollisionImpulseSourceEditor.cs: 29f9a522ec6b23375849ba08fd597c8d -> 
  custom:scripting/monoscript/fileName/CinemachineInputProvider.cs: ecb845de690695f08b3b3bb647cc7006 -> 
  custom:scripting/monoscript/fileName/CinemachineColliderEditor.cs: 859d1abbd669ee84cb713f6d4d0e1c5f -> 
  custom:scripting/monoscript/fileName/CinemachineExtension.cs: 6968db4afcdc301f6acb1ef4fbadb2f4 -> 
  custom:scripting/monoscript/fileName/CinemachineTargetGroup.cs: 10a09aa736b3a25da6dd9fc3c4dd9d36 -> 
  custom:scripting/monoscript/fileName/EmbeddedAssetHelpers.cs: 90647cc400823b41df847a6cbfc29026 -> 
  custom:scripting/monoscript/fileName/CinemachineBlendListCamera.cs: 66104ac24fef171d9f5d5b93a8cb2f83 -> 
  custom:scripting/monoscript/fileName/CinemachineComponentBase.cs: 5293f153c13e9bd2fc262ec31ff69206 -> 
  custom:scripting/monoscript/fileName/BaseEditor.cs: 90647cc400823b41df847a6cbfc29026 -> 
  custom:container-muxer-webm: aa71ff27fc2769a1b78a27578f13a17b -> 
  custom:video-decoder-webm-vp8: 9c59270c3fd7afecdb556c50c9e8de78 -> 
  custom:scripting/monoscript/fileName/CinemachineHardLookAt.cs: 792580aec23d39bcecd7ceea4c27a0ce -> 
  custom:scripting/monoscript/fileName/CinemachineInputAxisDriver.cs: 7e424e54660fed310c58dc98ea41042e -> 
  custom:scripting/monoscript/fileName/CinemachineStoryboardEditor.cs: 2e7ec8bfb72013eaaff4873a27da019c -> 
  custom:scripting/monoscript/fileName/CinemachineBasicMultiChannelPerlin.cs: bd5416e75860cd63657371207eb79058 -> 
  custom:SearchIndexIgnoredProperties: e643bd26f0fe6173181afceb89e7c659 -> 
  custom:AudioImporter_EditorPlatform: d09bf68614088b80899f8185d706f6e7 -> 
  custom:scripting/monoscript/fileName/CinemachineMixingCamera.cs: 739c5ceb76c01023f431794ec46a0177 -> 
  custom:scripting/monoscript/fileName/CinemachinePath.cs: b443d3c8837a65ddc3c78741cd58ec71 -> 
  custom:scripting/monoscript/fileName/CinemachineImpulseListenerEditor.cs: d5d28e418f87c111bce1c1b98f1f70ba -> 
  custom:scripting/monoscript/fileName/Avoider.cs: ae32a89b624ae2a4ae1c49a2b33fb966 -> 
  custom:scripting/monoscript/fileName/CinemachineDollyCart.cs: bbe9d07f4a2f7ee5ab002e66cb05f922 -> 
  custom:scripting/monoscript/fileName/CinemachineStoryboard.cs: 59a2099f76be9b47af1e12ed7d40f553 -> 
  custom:scripting/monoscript/fileName/CinemachinePixelPerfect.cs: 2f42bea4517739481ed2553d1616050e -> 
  custom:scripting/monoscript/fileName/CinemachineTrackedDolly.cs: f6a9c21b27ad86d45f62f6b444ccbb49 -> 
  custom:scripting/monoscript/fileName/CinemachineHardLookAtEditor.cs: 15b8f2af6a6d786898ce5dd6b0db26dc -> 
  custom:scripting/monoscript/fileName/CinemachineComposer.cs: e399dfd36807c341da7cd182ce299d1e -> 
  custom:scripting/monoscript/fileName/CinemachineTrack.cs: 4b50d47d507c57dc81b82253ec075194 -> 
  custom:scripting/monoscript/fileName/CinemachineSmoothPathEditor.cs: 7555bcba4eb760e012dd21c6730ae562 -> 
  custom:scripting/monoscript/fileName/ScriptableObjectUtility.cs: c529d074f6f57a07e3f410d488963bbc -> 
  custom:scripting/monoscript/fileName/CinemachineOrbitalTransposer.cs: 71c52878ba6d43827473a480056a99da -> 
  custom:scripting/monoscript/fileName/CinemachinePathBase.cs: debb99764287c54cae06313e2d6a1fe1 -> 
  custom:scripting/monoscript/fileName/CinemachineImpulseSource.cs: ac073b8453e26c5dd422d5f1a90a7ff2 -> 
  custom:scripting/monoscript/fileName/CinemachineImpulseEnvelopePropertyDrawer.cs: 07e00c9c84964a5c7e4f3f19e4263ec1 -> 
  custom:scripting/monoscript/fileName/SplineHelpers.cs: 9e5bf4293b3828088291b7871e233a27 -> 
  custom:scripting/monoscript/fileName/CinemachineSameAsFollowTargetEditor.cs: 6def40fc1e39b3242347b6630fb5127e -> 
  custom:scripting/monoscript/fileName/CinemachineBlendListCameraEditor.cs: dbc12d2a9f3e2999a067290c411b2aca -> 
  custom:scripting/monoscript/fileName/CinemachineShot.cs: 3d4d9d05534db20e82d871d98ea52716 -> 
  custom:scripting/monoscript/fileName/UnityVectorExtensions.cs: 052777772edecdffe26d41a6a989641e -> 
  custom:scripting/monoscript/fileName/CinemachineBasicMultiChannelPerlinEditor.cs: d6749cd6c482efa27bdd41f60394f1b9 -> 
  custom:scripting/monoscript/fileName/CinemachineImpulseChannels.cs: a9a39cc5ecea1f083db0fce154eec19c -> 
  custom:scripting/monoscript/fileName/CinemachineHardLockToTarget.cs: d349308c5b4f600a345055c394206f52 -> 
  custom:scripting/monoscript/fileName/CinemachineConfiner2D.cs: beb10be0db8ff9d3a94bd0a150963b9b -> 
  custom:scripting/monoscript/fileName/LensSettings.cs: 4335e899502c57ee4480b8c9aa915366 -> 
  custom:scripting/monoscript/fileName/Cinemachine3rdPersonAim.cs: 4bd230d915f070bb3cae23bef6f7ab70 -> 
  custom:scripting/monoscript/fileName/CinemachineImpulseListener.cs: 6aac146243d38e7a67346170caa40ea1 -> 
  custom:video-encoder-webm-vp8: eb34c28f22e8b96e1ab97ce403110664 -> 
  custom:scripting/monoscript/fileName/CinemachineMenu.cs: 7b932811d9fa1e44d0d8b2b9ed75adf3 -> 
  custom:scripting/monoscript/fileName/RuntimeUtility.cs: 8c92a9f673836e5d2084dbeb0f10159f -> 
  custom:scripting/monoscript/fileName/CinemachineFreeLook.cs: bebc32b18bc4beddc113bad68624e557 -> 
  custom:audio-decoder-ogg-vorbis: bf7c407c2cedff20999df2af8eb42d56 -> 
  custom:scripting/monoscript/fileName/CinemachineGroupComposer.cs: 173a689a80ef321c302f9c045419668f -> 
  custom:scripting/monoscript/fileName/CinemachineVirtualCameraBase.cs: c7e60cccdcb14ee2a33da9fd46c1c54f -> 
  custom:scripting/monoscript/fileName/CinemachineFixedSignal.cs: aedcdca7a861da6e456e0ae105b24c41 -> 
  custom:scripting/monoscript/fileName/CinemachineShotClipEditor.cs: 123a48531bf1d1b4f3c8398556caec62 -> 
  custom:scripting/monoscript/fileName/CinemachineTouchInputMapper.cs: b9698729a07a7d31c864247e0582b566 -> 
  custom:scripting/monoscript/fileName/CinemachinePOV.cs: e4df06d1994174afa286b103eb06ee7f -> 
  custom:scripting/monoscript/fileName/CinemachineBlend.cs: f33659d50c4d86144d649aa7e8196529 -> 
  custom:scripting/monoscript/fileName/CinemachineFreeLookEditor.cs: 9641291977c1891a004ac4c4c259e1c8 -> 
  custom:scripting/monoscript/fileName/CinemachineTransposerEditor.cs: 85841a774ddea4fb7232a7a585f716b4 -> 
  custom:scripting/monoscript/fileName/clipper.cs: 2a50e35a835148907b3c1fa8e187ab2b -> 
  custom:scripting/monoscript/fileName/NoiseSettings.cs: 443d576e0c72ab62870476103c9384ec -> 
  custom:scripting/monoscript/fileName/GaussianFilter.cs: 0a3672ebe80edf7c5daca82445c15683 -> 
  custom:scripting/monoscript/fileName/CinemachineSceneTools.cs: d63880a6073ab3335301b115db235b5b -> 
  custom:scripting/monoscript/fileName/CinemachineTriggerActionEditor.cs: 2309a2ec6192ace4cae8bab5a535978e -> 
  custom:scripting/monoscript/fileName/VcamTargetPropertyDrawer.cs: 9208050b1312b118a226fef2d63e8fa1 -> 
  custom:scripting/monoscript/fileName/CinemachineCollisionImpulseSource.cs: 9aae5e368cb7786be199f98f2122f96d -> 
  custom:scripting/monoscript/fileName/CinemachineClearShotEditor.cs: ca8875b47e775cd361c78158d7923690 -> 
  custom:scripting/monoscript/fileName/CinemachineEditorAnalytics.cs: de76cc292d7ecedcf47af6616498c9f9 -> 
  custom:scripting/monoscript/fileName/NoiseSettingsPropertyDrawer.cs: 8d3f69ba7eeec63914970bd3136b6ace -> 
  custom:scripting/monoscript/fileName/CinemachineBrainEditor.cs: 49621d8b7679c0b5d128fef53d55becd -> 
  custom:scripting/monoscript/fileName/CinemachineShotEditor.cs: 2ba28b209a4ad7f0a791994d2360a9af -> 
  custom:scripting/monoscript/fileName/PlayerMovement.cs: 42480eed24e61f9d7e7e895933644f96 -> 
  custom:scripting/monoscript/fileName/CinemachineHardLockToTargetEditor.cs: c65eaafd47115974a2a9379aae467b0e -> 
  custom:audio-encoder-webm-vorbis: bf7c407c2cedff20999df2af8eb42d56 -> 
  custom:scripting/monoscript/fileName/CameraState.cs: 6ae7088fa20820e052d1e4d86059e90b -> 
  custom:scripting/monoscript/fileName/CinemachineToolbarOverlay.cs: 371b6fc494252d6fda34e207e170cb66 -> 
  custom:scripting/monoscript/fileName/CinemachineIndependentImpulseListener.cs: 91ae8748b9c36955c333e57505ff90fb -> 
  custom:scripting/monoscript/fileName/CinemachineMixingCameraEditor.cs: 1c122a21d710512fec62cdc7bd351681 -> 
  custom:scripting/monoscript/fileName/CinemachinePostProcessing.cs: bf9b100a1b61fd5383288bc96487c194 -> 
  custom:scripting/monoscript/fileName/CinemachineSameAsFollowTarget.cs: bcfa2d394e1e5460b4ef3dc039214a16 -> 
  custom:scripting/monoscript/fileName/CinemachineVirtualCameraBaseEditor.cs: 13ee4931cd85df4b22852d0547b5e690 -> 
  custom:scripting/monoscript/fileName/UpdateTracker.cs: 3dac8a24a32a32e4bbfeb38ed26ef250 -> 
  custom:scripting/monoscript/fileName/CinemachineComposerEditor.cs: dda533b9c6cb2b366292f584704bd904 -> 
  custom:scripting/monoscript/fileName/Cinemachine3rdPersonFollow.cs: 4600bac2bdf6b37d80e86f9aa5a413c3 -> 
  custom:scripting/precompiled-assembly-types:Assembly-CSharp: e66928de38364bb08ef9436b3612de99 -> 
  custom:scripting/monoscript/fileName/SaveDuringPlay.cs: de39f1962b337699845d3d8a2e8f5bde -> 
========================================================================
Received Prepare
Caller must complete domain reload
Begin MonoManager ReloadAssembly
- Loaded All Assemblies, in  0.239 seconds
Native extension for WindowsStandalone target not found
Mono: successfully reloaded assembly
- Finished resetting the current domain, in  0.561 seconds
Domain Reload Profiling: 799ms
	BeginReloadAssembly (85ms)
		ExecutionOrderSort (0ms)
		DisableScriptedObjects (3ms)
		BackupInstance (0ms)
		ReleaseScriptingObjects (0ms)
		CreateAndSetChildDomain (16ms)
	RebuildCommonClasses (18ms)
	RebuildNativeTypeToScriptingClass (6ms)
	initialDomainReloadingComplete (14ms)
	LoadAllAssembliesAndSetupDomain (115ms)
		LoadAssemblies (151ms)
		RebuildTransferFunctionScriptingTraits (0ms)
		AnalyzeDomain (9ms)
			TypeCache.Refresh (4ms)
				TypeCache.ScanAssembly (0ms)
			ScanForSourceGeneratedMonoScriptInfo (0ms)
			ResolveRequiredComponents (3ms)
	FinalizeReload (561ms)
		ReleaseScriptCaches (0ms)
		RebuildScriptCaches (0ms)
		SetupLoadedEditorAssemblies (239ms)
			LogAssemblyErrors (0ms)
			InitializePlatformSupportModulesInManaged (3ms)
			SetLoadedEditorAssemblies (2ms)
			RefreshPlugins (0ms)
			BeforeProcessingInitializeOnLoad (32ms)
			ProcessInitializeOnLoadAttributes (187ms)
			ProcessInitializeOnLoadMethodAttributes (12ms)
			AfterProcessingInitializeOnLoad (2ms)
			EditorAssembliesLoaded (0ms)
		ExecutionOrderSort2 (0ms)
		AwakeInstancesAfterBackupRestoration (5ms)
Refreshing native plugins compatible for Editor in 2.66 ms, found 3 plugins.
Preloading 0 native plugins for Editor in 0.00 ms.
Unloading 3391 Unused Serialized files (Serialized files now loaded: 0)
Unloading 16 unused Assets / (124.5 KB). Loaded Objects now: 4119.
Memory consumption went from 130.4 MB to 130.3 MB.
Total: 2.274300 ms (FindLiveObjects: 0.160700 ms CreateObjectMapping: 0.050000 ms MarkObjects: 1.965600 ms  DeleteObjects: 0.097300 ms)

Prepare: number of updated asset objects reloaded= 0
AssetImportParameters requested are different than current active one (requested -> active):
  custom:scripting/monoscript/fileName/CinemachineGroupComposerEditor.cs: 54a07f36704e77a685a5e7e8c8b2c216 -> 
  custom:scripting/monoscript/fileName/CinemachineConfinerEditor.cs: cc6c898a3390647ab91613c8a96de4b4 -> 
  custom:scripting/monoscript/fileName/CinemachineBlendDefinitionPropertyDrawer.cs: 7ae344d19d646b738f3c65294becf216 -> 
  custom:scripting/monoscript/fileName/CinemachineTrackedDollyEditor.cs: b4d6784c58752cea58aafd9a76ca4459 -> 
  custom:scripting/monoscript/fileName/CinemachineImpulseManager.cs: c34be3577a810e26fd0110c580799b88 -> 
  custom:scripting/monoscript/fileName/CinemachineSmoothPath.cs: c28db2688f35d70587b5f943431a010a -> 
  custom:scripting/monoscript/fileName/CinemachineStateDrivenCamera.cs: aea2468a7384be4ba6d1b043ccec135d -> 
  custom:container-demuxer-ogg: 62fdf1f143b41e24485cea50d1cbac27 -> 
  custom:scripting/monoscript/fileName/CinemachineBlenderSettings.cs: 9adcb80668a56be4cd8e31c1d3dc60ae -> 
  custom:scripting/monoscript/fileName/SignalSourceAsset.cs: f7ffd463dece56bad278f5a8d3ed7fc6 -> 
  custom:scripting/monoscript/fileName/CinemachineCore.cs: fe6c3be993819098833de1628bfd76b2 -> 
  custom:scripting/monoscript/fileName/CinemachineImpulseChannelPropertyDrawer.cs: 4b6390a17916751618e2a45cb8d47a80 -> 
  custom:scripting/monoscript/fileName/SerializedPropertyHelper.cs: b04ac165255e34bc2935ca9bf180e209 -> 
  custom:scripting/monoscript/fileName/CinemachineFramingTransposer.cs: 7943c9d436748359882d8f978cf86c91 -> 
  custom:scripting/monoscript/fileName/AxisState.cs: 1a494a66d8b9a58f4a6873f89bf5b094 -> 
  custom:scripting/monoscript/fileName/CinemachineClearShot.cs: 1da15f5c7903497ce3ae982ee4ee4779 -> 
  custom:scripting/monoscript/fileName/CinemachinePOVEditor.cs: 71db5a9242a182995b4ca15db516f628 -> 
  custom:scripting/monoscript/fileName/CinemachineMixer.cs: 2e36eb9e732dd7c8a32e8f83daebd6f4 -> 
  custom:scripting/monoscript/fileName/CinemachineConfiner.cs: 3813336c17662a5cb6b59ce5f1954254 -> 
  custom:video-codec-MediaFoundation-h265: 746d11721c4dcdbdad8f713fa42b33f4 -> 
  custom:scripting/monoscript/fileName/CinemachineBrain.cs: 365b4e0b6319f064062e97b8f8e32c8e -> 
  custom:scripting/monoscript/fileName/CinemachineImpulseDefinitionPropertyDrawer.cs: 1b2fc77b0a80a7e0e9045e0d44fb761c -> 
  custom:scripting/monoscript/fileName/CinemachineColliderPrefs.cs: 47106451d4685409820905badf49b71f -> 
  custom:scripting/monoscript/fileName/CinemachineFollowZoom.cs: eb74e2e98d3dc4647324e113f34710ca -> 
  custom:scripting/monoscript/fileName/CinemachineDebug.cs: 3077ed3b64725184c652d4c07ac732fd -> 
  custom:scripting/monoscript/fileName/CinemachineLensPresets.cs: 014747fb0ab87178c677520d0bf20bf7 -> 
  custom:video-decoder-ogg-theora: a1e56fd34408186e4bbccfd4996cb3dc -> 
  custom:scripting/monoscript/fileName/CinemachineCameraOffset.cs: a6887f67d3eb83cc6393b822d4e65121 -> 
  custom:scripting/monoscript/fileName/ICinemachineCamera.cs: 2faad4f04eaf5d98c2870adbfb06184e -> 
  custom:scripting/monoscript/fileName/CinemachineShotPlayable.cs: e346ad1ecb4af45da55274cb9abd9ec0 -> 
  custom:scripting/monoscript/fileName/CinemachineTagFieldPropertyDrawer.cs: e78491a12decd558a49d01cc583bfcfb -> 
  custom:framework-win-MediaFoundation: 216162199b28c13a410421893ffa2e32 -> 
  custom:scripting/monoscript/fileName/CinemachineVolumeSettings.cs: 22782cc3dbf8dfd1cb54e8486f29fe0d -> 
  custom:scripting/monoscript/fileName/CinemachineImpulseSourceEditor.cs: 0ef7804c69c18838aa65e6d5bae5b055 -> 
  custom:scripting/monoscript/fileName/CinemachineExternalCameraEditor.cs: d74df442250b898c9b40669a19100e9d -> 
  custom:scripting/monoscript/fileName/CinemachineTargetGroupEditor.cs: f70ac85df8c1c9bd0b83a35534bafd1f -> 
  custom:scripting/monoscript/fileName/CinemachineRecomposer.cs: 07354cca81f7d0775b027b5906330569 -> 
  custom:scripting/monoscript/fileName/CinemachineTransposer.cs: aa226dd144b3a977b86ea888b85df5fa -> 
  custom:scripting/monoscript/fileName/TargetPositionCache.cs: 49ce97e6930a536b43825141e0c2d3a4 -> 
  custom:scripting/monoscript/fileName/CinemachineExternalCamera.cs: d76122377115c288d881064c3f07a3f1 -> 
  custom:scripting/monoscript/fileName/ReflectionHelpers.cs: 60a5d38af3e775d0a421a7ff630d61cc -> 
  custom:scripting/monoscript/fileName/CinemachineVirtualCamera.cs: f16f2dc5bc1261579875c19605c45301 -> 
  custom:scripting/monoscript/fileName/Predictor.cs: d51584936cb5b31b30ee7b444e03385b -> 
  custom:scripting/monoscript/fileName/CinemachineOrbitalTransposerEditor.cs: 5ea2e4bec7ee6c24917bd86647f4bffa -> 
  custom:scripting/monoscript/fileName/CinemachineConfiner2DEditor.cs: 3f4b3d9b17ff5cd560135aa24f822994 -> 
  custom:scripting/monoscript/fileName/GroupWeightManipulator.cs: 588749cf3436a8199e762a8e09bc8de7 -> 
  custom:scripting/monoscript/fileName/AxisStatePropertyDrawer.cs: 2d807695a513641e771c78e6c342ff04 -> 
  custom:scripting/monoscript/fileName/CinemachineScreenComposerGuides.cs: cdc7ea02ccc4c8d1561d98d16760d1ca -> 
  custom:scripting/monoscript/fileName/CinemachinePropertyAttribute.cs: e8158d9725ac3a9129a08e46a4ff7519 -> 
  custom:scripting/monoscript/fileName/CinemachineVirtualCameraEditor.cs: 2e051d0c474634e907fe4123d6e2656e -> 
  custom:scripting/monoscript/fileName/CinemachineSettings.cs: 197f6d5ad32e253546b5afa056a5bba4 -> 
  custom:scripting/monoscript/fileName/CinemachineNoiseSettingsEditor.cs: 9056e69d9c759ba2504535054fff31c9 -> 
  custom:scripting/monoscript/fileName/CinemachineTriggerAction.cs: cab9c5d02c28af05797c2c3743539bdb -> 
  custom:scripting/monoscript/fileName/InspectorUtility.cs: d2444697ecf5f370ee1ff9969e9d66f8 -> 1cf92e4af45cb9e9886ec49564b001a9
  custom:CustomObjectIndexerAttribute: 9a22284fe3817be447336de3de66b15e -> 
  custom:scripting/monoscript/fileName/CinemachineBlenderSettingsEditor.cs: c57aa7de12bc3e7367ca091f4902c67b -> 
  custom:scripting/precompiled-assembly-types:Cinemachine: 54c8b091bb91c32bfeada952c9c53e21 -> 
  custom:scripting/monoscript/fileName/CinemachineImpulseDefinition.cs: 3d434086a2bdaf715abf85e79e9f14b4 -> 
  custom:scripting/precompiled-assembly-types:com.unity.cinemachine.editor: e24bde9f61664824443e2ae04112f2bb -> 
  custom:scripting/monoscript/fileName/Cinemachine3rdPersonFollowEditor.cs: f79aa162534f81c680877e6274b5d6ec -> 
  custom:scripting/monoscript/fileName/EmbeddedAssetPropertyDrawer.cs: fd7ebc18093de04c88d0cfc86fb060f5 -> 
  custom:container-demuxer-webm: 4f35f7cbe854078d1ac9338744f61a02 -> 
  custom:scripting/monoscript/fileName/ConfinerOven.cs: ff23c03e90b61beb34474fc6e4ff668c -> 
  custom:scripting/monoscript/fileName/WaveformWindow.cs: 01bbc4fc017d41a2bab7fb57c988e8da -> 
  custom:scripting/monoscript/fileName/CinemachinePipeline.cs: 6ca7a5979a0a73ea1d450a8fc9b437ef -> 
  custom:scripting/monoscript/fileName/VcamStageEditor.cs: 84b0eaf932b448975a99972628e556d8 -> 
  custom:scripting/monoscript/fileName/CinemachineFramingTransposerEditor.cs: 1653e1c00b2ca68b1d40f01e5bfb8445 -> 
  custom:scripting/monoscript/fileName/CinemachineStateDrivenCameraEditor.cs: 77d9f0a97385f936d9b4ffaa686bce39 -> 
  custom:scripting/monoscript/fileName/OrbitalTransposerHeadingPropertyDrawer.cs: 22496b76ce84f35f630c90badc4babd8 -> 
  custom:scripting/monoscript/fileName/CinemachinePathEditor.cs: ce10985fbf0e018e2dea63fedae131ba -> 
  custom:scripting/monoscript/fileName/CinemachineCollider.cs: 8fa92f525b1c31cd81812685d7f8c288 -> 
  custom:scripting/monoscript/fileName/CinemachineCollisionImpulseSourceEditor.cs: 29f9a522ec6b23375849ba08fd597c8d -> 
  custom:scripting/monoscript/fileName/CinemachineInputProvider.cs: ecb845de690695f08b3b3bb647cc7006 -> 
  custom:scripting/monoscript/fileName/CinemachineColliderEditor.cs: 859d1abbd669ee84cb713f6d4d0e1c5f -> 
  custom:scripting/monoscript/fileName/CinemachineExtension.cs: 6968db4afcdc301f6acb1ef4fbadb2f4 -> 
  custom:scripting/monoscript/fileName/CinemachineTargetGroup.cs: 10a09aa736b3a25da6dd9fc3c4dd9d36 -> 
  custom:scripting/monoscript/fileName/EmbeddedAssetHelpers.cs: 90647cc400823b41df847a6cbfc29026 -> 
  custom:scripting/monoscript/fileName/CinemachineBlendListCamera.cs: 66104ac24fef171d9f5d5b93a8cb2f83 -> 
  custom:scripting/monoscript/fileName/CinemachineComponentBase.cs: 5293f153c13e9bd2fc262ec31ff69206 -> 
  custom:scripting/monoscript/fileName/BaseEditor.cs: 90647cc400823b41df847a6cbfc29026 -> 
  custom:container-muxer-webm: aa71ff27fc2769a1b78a27578f13a17b -> 
  custom:video-decoder-webm-vp8: 9c59270c3fd7afecdb556c50c9e8de78 -> 
  custom:scripting/monoscript/fileName/CinemachineHardLookAt.cs: 792580aec23d39bcecd7ceea4c27a0ce -> 
  custom:scripting/monoscript/fileName/CinemachineInputAxisDriver.cs: 7e424e54660fed310c58dc98ea41042e -> 
  custom:scripting/monoscript/fileName/CinemachineStoryboardEditor.cs: 2e7ec8bfb72013eaaff4873a27da019c -> 
  custom:scripting/monoscript/fileName/CinemachineBasicMultiChannelPerlin.cs: bd5416e75860cd63657371207eb79058 -> 
  custom:SearchIndexIgnoredProperties: e643bd26f0fe6173181afceb89e7c659 -> 
  custom:AudioImporter_EditorPlatform: d09bf68614088b80899f8185d706f6e7 -> 
  custom:scripting/monoscript/fileName/CinemachineMixingCamera.cs: 739c5ceb76c01023f431794ec46a0177 -> 
  custom:scripting/monoscript/fileName/CinemachinePath.cs: b443d3c8837a65ddc3c78741cd58ec71 -> 
  custom:scripting/monoscript/fileName/CinemachineImpulseListenerEditor.cs: d5d28e418f87c111bce1c1b98f1f70ba -> 
  custom:scripting/monoscript/fileName/Avoider.cs: ae32a89b624ae2a4ae1c49a2b33fb966 -> 
  custom:scripting/monoscript/fileName/CinemachineDollyCart.cs: bbe9d07f4a2f7ee5ab002e66cb05f922 -> 
  custom:scripting/monoscript/fileName/CinemachineStoryboard.cs: 59a2099f76be9b47af1e12ed7d40f553 -> 
  custom:scripting/monoscript/fileName/CinemachinePixelPerfect.cs: 2f42bea4517739481ed2553d1616050e -> 
  custom:scripting/monoscript/fileName/CinemachineTrackedDolly.cs: f6a9c21b27ad86d45f62f6b444ccbb49 -> 
  custom:scripting/monoscript/fileName/CinemachineHardLookAtEditor.cs: 15b8f2af6a6d786898ce5dd6b0db26dc -> 
  custom:scripting/monoscript/fileName/CinemachineComposer.cs: e399dfd36807c341da7cd182ce299d1e -> 
  custom:scripting/monoscript/fileName/CinemachineTrack.cs: 4b50d47d507c57dc81b82253ec075194 -> 
  custom:scripting/monoscript/fileName/CinemachineSmoothPathEditor.cs: 7555bcba4eb760e012dd21c6730ae562 -> 
  custom:scripting/monoscript/fileName/ScriptableObjectUtility.cs: c529d074f6f57a07e3f410d488963bbc -> 
  custom:scripting/monoscript/fileName/CinemachineOrbitalTransposer.cs: 71c52878ba6d43827473a480056a99da -> 
  custom:scripting/monoscript/fileName/CinemachinePathBase.cs: debb99764287c54cae06313e2d6a1fe1 -> 
  custom:scripting/monoscript/fileName/CinemachineImpulseSource.cs: ac073b8453e26c5dd422d5f1a90a7ff2 -> 
  custom:scripting/monoscript/fileName/CinemachineImpulseEnvelopePropertyDrawer.cs: 07e00c9c84964a5c7e4f3f19e4263ec1 -> 
  custom:scripting/monoscript/fileName/SplineHelpers.cs: 9e5bf4293b3828088291b7871e233a27 -> 
  custom:scripting/monoscript/fileName/CinemachineSameAsFollowTargetEditor.cs: 6def40fc1e39b3242347b6630fb5127e -> 
  custom:scripting/monoscript/fileName/CinemachineBlendListCameraEditor.cs: dbc12d2a9f3e2999a067290c411b2aca -> 
  custom:scripting/monoscript/fileName/CinemachineShot.cs: 3d4d9d05534db20e82d871d98ea52716 -> 
  custom:scripting/monoscript/fileName/UnityVectorExtensions.cs: 052777772edecdffe26d41a6a989641e -> 
  custom:scripting/monoscript/fileName/CinemachineBasicMultiChannelPerlinEditor.cs: d6749cd6c482efa27bdd41f60394f1b9 -> 
  custom:scripting/monoscript/fileName/CinemachineImpulseChannels.cs: a9a39cc5ecea1f083db0fce154eec19c -> 
  custom:scripting/monoscript/fileName/CinemachineHardLockToTarget.cs: d349308c5b4f600a345055c394206f52 -> 
  custom:scripting/monoscript/fileName/CinemachineConfiner2D.cs: beb10be0db8ff9d3a94bd0a150963b9b -> 
  custom:scripting/monoscript/fileName/LensSettings.cs: 4335e899502c57ee4480b8c9aa915366 -> 
  custom:scripting/monoscript/fileName/Cinemachine3rdPersonAim.cs: 4bd230d915f070bb3cae23bef6f7ab70 -> 
  custom:scripting/monoscript/fileName/CinemachineImpulseListener.cs: 6aac146243d38e7a67346170caa40ea1 -> 
  custom:video-encoder-webm-vp8: eb34c28f22e8b96e1ab97ce403110664 -> 
  custom:scripting/monoscript/fileName/CinemachineMenu.cs: 7b932811d9fa1e44d0d8b2b9ed75adf3 -> 
  custom:scripting/monoscript/fileName/RuntimeUtility.cs: 8c92a9f673836e5d2084dbeb0f10159f -> 
  custom:scripting/monoscript/fileName/CinemachineFreeLook.cs: bebc32b18bc4beddc113bad68624e557 -> 
  custom:audio-decoder-ogg-vorbis: bf7c407c2cedff20999df2af8eb42d56 -> 
  custom:scripting/monoscript/fileName/CinemachineGroupComposer.cs: 173a689a80ef321c302f9c045419668f -> 
  custom:scripting/monoscript/fileName/CinemachineVirtualCameraBase.cs: c7e60cccdcb14ee2a33da9fd46c1c54f -> 
  custom:scripting/monoscript/fileName/CinemachineFixedSignal.cs: aedcdca7a861da6e456e0ae105b24c41 -> 
  custom:scripting/monoscript/fileName/CinemachineShotClipEditor.cs: 123a48531bf1d1b4f3c8398556caec62 -> 
  custom:scripting/monoscript/fileName/CinemachineTouchInputMapper.cs: b9698729a07a7d31c864247e0582b566 -> 
  custom:scripting/monoscript/fileName/CinemachinePOV.cs: e4df06d1994174afa286b103eb06ee7f -> 
  custom:scripting/monoscript/fileName/CinemachineBlend.cs: f33659d50c4d86144d649aa7e8196529 -> 
  custom:scripting/monoscript/fileName/CinemachineFreeLookEditor.cs: 9641291977c1891a004ac4c4c259e1c8 -> 
  custom:scripting/monoscript/fileName/CinemachineTransposerEditor.cs: 85841a774ddea4fb7232a7a585f716b4 -> 
  custom:scripting/monoscript/fileName/clipper.cs: 2a50e35a835148907b3c1fa8e187ab2b -> 
  custom:scripting/monoscript/fileName/NoiseSettings.cs: 443d576e0c72ab62870476103c9384ec -> 
  custom:scripting/monoscript/fileName/GaussianFilter.cs: 0a3672ebe80edf7c5daca82445c15683 -> 
  custom:scripting/monoscript/fileName/CinemachineSceneTools.cs: d63880a6073ab3335301b115db235b5b -> 
  custom:scripting/monoscript/fileName/CinemachineTriggerActionEditor.cs: 2309a2ec6192ace4cae8bab5a535978e -> 
  custom:scripting/monoscript/fileName/VcamTargetPropertyDrawer.cs: 9208050b1312b118a226fef2d63e8fa1 -> 
  custom:scripting/monoscript/fileName/CinemachineCollisionImpulseSource.cs: 9aae5e368cb7786be199f98f2122f96d -> 
  custom:scripting/monoscript/fileName/CinemachineClearShotEditor.cs: ca8875b47e775cd361c78158d7923690 -> 
  custom:scripting/monoscript/fileName/CinemachineEditorAnalytics.cs: de76cc292d7ecedcf47af6616498c9f9 -> 
  custom:scripting/monoscript/fileName/NoiseSettingsPropertyDrawer.cs: 8d3f69ba7eeec63914970bd3136b6ace -> 
  custom:scripting/monoscript/fileName/CinemachineBrainEditor.cs: 49621d8b7679c0b5d128fef53d55becd -> 
  custom:scripting/monoscript/fileName/CinemachineShotEditor.cs: 2ba28b209a4ad7f0a791994d2360a9af -> 
  custom:scripting/monoscript/fileName/PlayerMovement.cs: 42480eed24e61f9d7e7e895933644f96 -> 
  custom:scripting/monoscript/fileName/CinemachineHardLockToTargetEditor.cs: c65eaafd47115974a2a9379aae467b0e -> 
  custom:audio-encoder-webm-vorbis: bf7c407c2cedff20999df2af8eb42d56 -> 
  custom:scripting/monoscript/fileName/CameraState.cs: 6ae7088fa20820e052d1e4d86059e90b -> 
  custom:scripting/monoscript/fileName/CinemachineToolbarOverlay.cs: 371b6fc494252d6fda34e207e170cb66 -> 
  custom:scripting/monoscript/fileName/CinemachineIndependentImpulseListener.cs: 91ae8748b9c36955c333e57505ff90fb -> 
  custom:scripting/monoscript/fileName/CinemachineMixingCameraEditor.cs: 1c122a21d710512fec62cdc7bd351681 -> 
  custom:scripting/monoscript/fileName/CinemachinePostProcessing.cs: bf9b100a1b61fd5383288bc96487c194 -> 
  custom:scripting/monoscript/fileName/CinemachineSameAsFollowTarget.cs: bcfa2d394e1e5460b4ef3dc039214a16 -> 
  custom:scripting/monoscript/fileName/CinemachineVirtualCameraBaseEditor.cs: 13ee4931cd85df4b22852d0547b5e690 -> 
  custom:scripting/monoscript/fileName/UpdateTracker.cs: 3dac8a24a32a32e4bbfeb38ed26ef250 -> 
  custom:scripting/monoscript/fileName/CinemachineComposerEditor.cs: dda533b9c6cb2b366292f584704bd904 -> 
  custom:scripting/monoscript/fileName/Cinemachine3rdPersonFollow.cs: 4600bac2bdf6b37d80e86f9aa5a413c3 -> 
  custom:scripting/precompiled-assembly-types:Assembly-CSharp: e66928de38364bb08ef9436b3612de99 -> 
  custom:scripting/monoscript/fileName/SaveDuringPlay.cs: de39f1962b337699845d3d8a2e8f5bde -> 
========================================================================
Received Prepare
Caller must complete domain reload
Begin MonoManager ReloadAssembly
- Loaded All Assemblies, in  0.251 seconds
Native extension for WindowsStandalone target not found
Mono: successfully reloaded assembly
- Finished resetting the current domain, in  0.560 seconds
Domain Reload Profiling: 811ms
	BeginReloadAssembly (90ms)
		ExecutionOrderSort (0ms)
		DisableScriptedObjects (3ms)
		BackupInstance (0ms)
		ReleaseScriptingObjects (0ms)
		CreateAndSetChildDomain (17ms)
	RebuildCommonClasses (18ms)
	RebuildNativeTypeToScriptingClass (6ms)
	initialDomainReloadingComplete (14ms)
	LoadAllAssembliesAndSetupDomain (122ms)
		LoadAssemblies (161ms)
		RebuildTransferFunctionScriptingTraits (0ms)
		AnalyzeDomain (9ms)
			TypeCache.Refresh (4ms)
				TypeCache.ScanAssembly (0ms)
			ScanForSourceGeneratedMonoScriptInfo (0ms)
			ResolveRequiredComponents (4ms)
	FinalizeReload (560ms)
		ReleaseScriptCaches (0ms)
		RebuildScriptCaches (0ms)
		SetupLoadedEditorAssemblies (240ms)
			LogAssemblyErrors (0ms)
			InitializePlatformSupportModulesInManaged (3ms)
			SetLoadedEditorAssemblies (3ms)
			RefreshPlugins (0ms)
			BeforeProcessingInitializeOnLoad (31ms)
			ProcessInitializeOnLoadAttributes (189ms)
			ProcessInitializeOnLoadMethodAttributes (12ms)
			AfterProcessingInitializeOnLoad (2ms)
			EditorAssembliesLoaded (0ms)
		ExecutionOrderSort2 (0ms)
		AwakeInstancesAfterBackupRestoration (5ms)
Refreshing native plugins compatible for Editor in 2.87 ms, found 3 plugins.
Preloading 0 native plugins for Editor in 0.00 ms.
Unloading 3391 Unused Serialized files (Serialized files now loaded: 0)
Unloading 16 unused Assets / (124.5 KB). Loaded Objects now: 4134.
Memory consumption went from 130.4 MB to 130.3 MB.
Total: 1.978700 ms (FindLiveObjects: 0.195800 ms CreateObjectMapping: 0.047400 ms MarkObjects: 1.669400 ms  DeleteObjects: 0.065200 ms)

Prepare: number of updated asset objects reloaded= 0
AssetImportParameters requested are different than current active one (requested -> active):
  custom:scripting/monoscript/fileName/CinemachineGroupComposerEditor.cs: 54a07f36704e77a685a5e7e8c8b2c216 -> 
  custom:scripting/monoscript/fileName/CinemachineConfinerEditor.cs: cc6c898a3390647ab91613c8a96de4b4 -> 
  custom:scripting/monoscript/fileName/CinemachineBlendDefinitionPropertyDrawer.cs: 7ae344d19d646b738f3c65294becf216 -> 
  custom:scripting/monoscript/fileName/CinemachineTrackedDollyEditor.cs: b4d6784c58752cea58aafd9a76ca4459 -> 
  custom:scripting/monoscript/fileName/CinemachineImpulseManager.cs: c34be3577a810e26fd0110c580799b88 -> 
  custom:scripting/monoscript/fileName/CinemachineSmoothPath.cs: c28db2688f35d70587b5f943431a010a -> 
  custom:scripting/monoscript/fileName/CinemachineStateDrivenCamera.cs: aea2468a7384be4ba6d1b043ccec135d -> 
  custom:container-demuxer-ogg: 62fdf1f143b41e24485cea50d1cbac27 -> 
  custom:scripting/monoscript/fileName/CinemachineBlenderSettings.cs: 9adcb80668a56be4cd8e31c1d3dc60ae -> 
  custom:scripting/monoscript/fileName/SignalSourceAsset.cs: f7ffd463dece56bad278f5a8d3ed7fc6 -> 
  custom:scripting/monoscript/fileName/CinemachineCore.cs: fe6c3be993819098833de1628bfd76b2 -> 
  custom:scripting/monoscript/fileName/CinemachineImpulseChannelPropertyDrawer.cs: 4b6390a17916751618e2a45cb8d47a80 -> 
  custom:scripting/monoscript/fileName/SerializedPropertyHelper.cs: b04ac165255e34bc2935ca9bf180e209 -> 
  custom:scripting/monoscript/fileName/CinemachineFramingTransposer.cs: 7943c9d436748359882d8f978cf86c91 -> 
  custom:scripting/monoscript/fileName/AxisState.cs: 1a494a66d8b9a58f4a6873f89bf5b094 -> 
  custom:scripting/monoscript/fileName/CinemachineClearShot.cs: 1da15f5c7903497ce3ae982ee4ee4779 -> 
  custom:scripting/monoscript/fileName/CinemachinePOVEditor.cs: 71db5a9242a182995b4ca15db516f628 -> 
  custom:scripting/monoscript/fileName/CinemachineMixer.cs: 2e36eb9e732dd7c8a32e8f83daebd6f4 -> 
  custom:scripting/monoscript/fileName/CinemachineConfiner.cs: 3813336c17662a5cb6b59ce5f1954254 -> 
  custom:video-codec-MediaFoundation-h265: 746d11721c4dcdbdad8f713fa42b33f4 -> 
  custom:scripting/monoscript/fileName/CinemachineBrain.cs: 365b4e0b6319f064062e97b8f8e32c8e -> 
  custom:scripting/monoscript/fileName/CinemachineImpulseDefinitionPropertyDrawer.cs: 1b2fc77b0a80a7e0e9045e0d44fb761c -> 
  custom:scripting/monoscript/fileName/CinemachineColliderPrefs.cs: 47106451d4685409820905badf49b71f -> 
  custom:scripting/monoscript/fileName/CinemachineFollowZoom.cs: eb74e2e98d3dc4647324e113f34710ca -> 
  custom:scripting/monoscript/fileName/CinemachineDebug.cs: 3077ed3b64725184c652d4c07ac732fd -> 
  custom:scripting/monoscript/fileName/CinemachineLensPresets.cs: 014747fb0ab87178c677520d0bf20bf7 -> 
  custom:video-decoder-ogg-theora: a1e56fd34408186e4bbccfd4996cb3dc -> 
  custom:scripting/monoscript/fileName/CinemachineCameraOffset.cs: a6887f67d3eb83cc6393b822d4e65121 -> 
  custom:scripting/monoscript/fileName/ICinemachineCamera.cs: 2faad4f04eaf5d98c2870adbfb06184e -> 
  custom:scripting/monoscript/fileName/CinemachineShotPlayable.cs: e346ad1ecb4af45da55274cb9abd9ec0 -> 
  custom:scripting/monoscript/fileName/CinemachineTagFieldPropertyDrawer.cs: e78491a12decd558a49d01cc583bfcfb -> 
  custom:framework-win-MediaFoundation: 216162199b28c13a410421893ffa2e32 -> 
  custom:scripting/monoscript/fileName/CinemachineVolumeSettings.cs: 22782cc3dbf8dfd1cb54e8486f29fe0d -> 
  custom:scripting/monoscript/fileName/CinemachineImpulseSourceEditor.cs: 0ef7804c69c18838aa65e6d5bae5b055 -> 
  custom:scripting/monoscript/fileName/CinemachineExternalCameraEditor.cs: d74df442250b898c9b40669a19100e9d -> 
  custom:scripting/monoscript/fileName/CinemachineTargetGroupEditor.cs: f70ac85df8c1c9bd0b83a35534bafd1f -> 
  custom:scripting/monoscript/fileName/CinemachineRecomposer.cs: 07354cca81f7d0775b027b5906330569 -> 
  custom:scripting/monoscript/fileName/CinemachineTransposer.cs: aa226dd144b3a977b86ea888b85df5fa -> 
  custom:scripting/monoscript/fileName/TargetPositionCache.cs: 49ce97e6930a536b43825141e0c2d3a4 -> 
  custom:scripting/monoscript/fileName/CinemachineExternalCamera.cs: d76122377115c288d881064c3f07a3f1 -> 
  custom:scripting/monoscript/fileName/ReflectionHelpers.cs: 60a5d38af3e775d0a421a7ff630d61cc -> 
  custom:scripting/monoscript/fileName/CinemachineVirtualCamera.cs: f16f2dc5bc1261579875c19605c45301 -> 
  custom:scripting/monoscript/fileName/Predictor.cs: d51584936cb5b31b30ee7b444e03385b -> 
  custom:scripting/monoscript/fileName/CinemachineOrbitalTransposerEditor.cs: 5ea2e4bec7ee6c24917bd86647f4bffa -> 
  custom:scripting/monoscript/fileName/CinemachineConfiner2DEditor.cs: 3f4b3d9b17ff5cd560135aa24f822994 -> 
  custom:scripting/monoscript/fileName/GroupWeightManipulator.cs: 588749cf3436a8199e762a8e09bc8de7 -> 
  custom:scripting/monoscript/fileName/AxisStatePropertyDrawer.cs: 2d807695a513641e771c78e6c342ff04 -> 
  custom:scripting/monoscript/fileName/CinemachineScreenComposerGuides.cs: cdc7ea02ccc4c8d1561d98d16760d1ca -> 
  custom:scripting/monoscript/fileName/CinemachinePropertyAttribute.cs: e8158d9725ac3a9129a08e46a4ff7519 -> 
  custom:scripting/monoscript/fileName/CinemachineVirtualCameraEditor.cs: 2e051d0c474634e907fe4123d6e2656e -> 
  custom:scripting/monoscript/fileName/CinemachineSettings.cs: 197f6d5ad32e253546b5afa056a5bba4 -> 
  custom:scripting/monoscript/fileName/CinemachineNoiseSettingsEditor.cs: 9056e69d9c759ba2504535054fff31c9 -> 
  custom:scripting/monoscript/fileName/CinemachineTriggerAction.cs: cab9c5d02c28af05797c2c3743539bdb -> 
  custom:scripting/monoscript/fileName/InspectorUtility.cs: d2444697ecf5f370ee1ff9969e9d66f8 -> 1cf92e4af45cb9e9886ec49564b001a9
  custom:CustomObjectIndexerAttribute: 9a22284fe3817be447336de3de66b15e -> 
  custom:scripting/monoscript/fileName/CinemachineBlenderSettingsEditor.cs: c57aa7de12bc3e7367ca091f4902c67b -> 
  custom:scripting/precompiled-assembly-types:Cinemachine: 54c8b091bb91c32bfeada952c9c53e21 -> 
  custom:scripting/monoscript/fileName/CinemachineImpulseDefinition.cs: 3d434086a2bdaf715abf85e79e9f14b4 -> 
  custom:scripting/precompiled-assembly-types:com.unity.cinemachine.editor: e24bde9f61664824443e2ae04112f2bb -> 
  custom:scripting/monoscript/fileName/Cinemachine3rdPersonFollowEditor.cs: f79aa162534f81c680877e6274b5d6ec -> 
  custom:scripting/monoscript/fileName/EmbeddedAssetPropertyDrawer.cs: fd7ebc18093de04c88d0cfc86fb060f5 -> 
  custom:container-demuxer-webm: 4f35f7cbe854078d1ac9338744f61a02 -> 
  custom:scripting/monoscript/fileName/ConfinerOven.cs: ff23c03e90b61beb34474fc6e4ff668c -> 
  custom:scripting/monoscript/fileName/WaveformWindow.cs: 01bbc4fc017d41a2bab7fb57c988e8da -> 
  custom:scripting/monoscript/fileName/CinemachinePipeline.cs: 6ca7a5979a0a73ea1d450a8fc9b437ef -> 
  custom:scripting/monoscript/fileName/VcamStageEditor.cs: 84b0eaf932b448975a99972628e556d8 -> 
  custom:scripting/monoscript/fileName/CinemachineFramingTransposerEditor.cs: 1653e1c00b2ca68b1d40f01e5bfb8445 -> 
  custom:scripting/monoscript/fileName/CinemachineStateDrivenCameraEditor.cs: 77d9f0a97385f936d9b4ffaa686bce39 -> 
  custom:scripting/monoscript/fileName/OrbitalTransposerHeadingPropertyDrawer.cs: 22496b76ce84f35f630c90badc4babd8 -> 
  custom:scripting/monoscript/fileName/CinemachinePathEditor.cs: ce10985fbf0e018e2dea63fedae131ba -> 
  custom:scripting/monoscript/fileName/CinemachineCollider.cs: 8fa92f525b1c31cd81812685d7f8c288 -> 
  custom:scripting/monoscript/fileName/CinemachineCollisionImpulseSourceEditor.cs: 29f9a522ec6b23375849ba08fd597c8d -> 
  custom:scripting/monoscript/fileName/CinemachineInputProvider.cs: ecb845de690695f08b3b3bb647cc7006 -> 
  custom:scripting/monoscript/fileName/CinemachineColliderEditor.cs: 859d1abbd669ee84cb713f6d4d0e1c5f -> 
  custom:scripting/monoscript/fileName/CinemachineExtension.cs: 6968db4afcdc301f6acb1ef4fbadb2f4 -> 
  custom:scripting/monoscript/fileName/CinemachineTargetGroup.cs: 10a09aa736b3a25da6dd9fc3c4dd9d36 -> 
  custom:scripting/monoscript/fileName/EmbeddedAssetHelpers.cs: 90647cc400823b41df847a6cbfc29026 -> 
  custom:scripting/monoscript/fileName/CinemachineBlendListCamera.cs: 66104ac24fef171d9f5d5b93a8cb2f83 -> 
  custom:scripting/monoscript/fileName/CinemachineComponentBase.cs: 5293f153c13e9bd2fc262ec31ff69206 -> 
  custom:scripting/monoscript/fileName/BaseEditor.cs: 90647cc400823b41df847a6cbfc29026 -> 
  custom:container-muxer-webm: aa71ff27fc2769a1b78a27578f13a17b -> 
  custom:video-decoder-webm-vp8: 9c59270c3fd7afecdb556c50c9e8de78 -> 
  custom:scripting/monoscript/fileName/CinemachineHardLookAt.cs: 792580aec23d39bcecd7ceea4c27a0ce -> 
  custom:scripting/monoscript/fileName/CinemachineInputAxisDriver.cs: 7e424e54660fed310c58dc98ea41042e -> 
  custom:scripting/monoscript/fileName/CinemachineStoryboardEditor.cs: 2e7ec8bfb72013eaaff4873a27da019c -> 
  custom:scripting/monoscript/fileName/CinemachineBasicMultiChannelPerlin.cs: bd5416e75860cd63657371207eb79058 -> 
  custom:SearchIndexIgnoredProperties: e643bd26f0fe6173181afceb89e7c659 -> 
  custom:AudioImporter_EditorPlatform: d09bf68614088b80899f8185d706f6e7 -> 
  custom:scripting/monoscript/fileName/CinemachineMixingCamera.cs: 739c5ceb76c01023f431794ec46a0177 -> 
  custom:scripting/monoscript/fileName/CinemachinePath.cs: b443d3c8837a65ddc3c78741cd58ec71 -> 
  custom:scripting/monoscript/fileName/CinemachineImpulseListenerEditor.cs: d5d28e418f87c111bce1c1b98f1f70ba -> 
  custom:scripting/monoscript/fileName/Avoider.cs: ae32a89b624ae2a4ae1c49a2b33fb966 -> 
  custom:scripting/monoscript/fileName/CinemachineDollyCart.cs: bbe9d07f4a2f7ee5ab002e66cb05f922 -> 
  custom:scripting/monoscript/fileName/CinemachineStoryboard.cs: 59a2099f76be9b47af1e12ed7d40f553 -> 
  custom:scripting/monoscript/fileName/CinemachinePixelPerfect.cs: 2f42bea4517739481ed2553d1616050e -> 
  custom:scripting/monoscript/fileName/CinemachineTrackedDolly.cs: f6a9c21b27ad86d45f62f6b444ccbb49 -> 
  custom:scripting/monoscript/fileName/CinemachineHardLookAtEditor.cs: 15b8f2af6a6d786898ce5dd6b0db26dc -> 
  custom:scripting/monoscript/fileName/CinemachineComposer.cs: e399dfd36807c341da7cd182ce299d1e -> 
  custom:scripting/monoscript/fileName/CinemachineTrack.cs: 4b50d47d507c57dc81b82253ec075194 -> 
  custom:scripting/monoscript/fileName/CinemachineSmoothPathEditor.cs: 7555bcba4eb760e012dd21c6730ae562 -> 
  custom:scripting/monoscript/fileName/ScriptableObjectUtility.cs: c529d074f6f57a07e3f410d488963bbc -> 
  custom:scripting/monoscript/fileName/CinemachineOrbitalTransposer.cs: 71c52878ba6d43827473a480056a99da -> 
  custom:scripting/monoscript/fileName/CinemachinePathBase.cs: debb99764287c54cae06313e2d6a1fe1 -> 
  custom:scripting/monoscript/fileName/CinemachineImpulseSource.cs: ac073b8453e26c5dd422d5f1a90a7ff2 -> 
  custom:scripting/monoscript/fileName/CinemachineImpulseEnvelopePropertyDrawer.cs: 07e00c9c84964a5c7e4f3f19e4263ec1 -> 
  custom:scripting/monoscript/fileName/SplineHelpers.cs: 9e5bf4293b3828088291b7871e233a27 -> 
  custom:scripting/monoscript/fileName/CinemachineSameAsFollowTargetEditor.cs: 6def40fc1e39b3242347b6630fb5127e -> 
  custom:scripting/monoscript/fileName/CinemachineBlendListCameraEditor.cs: dbc12d2a9f3e2999a067290c411b2aca -> 
  custom:scripting/monoscript/fileName/CinemachineShot.cs: 3d4d9d05534db20e82d871d98ea52716 -> 
  custom:scripting/monoscript/fileName/UnityVectorExtensions.cs: 052777772edecdffe26d41a6a989641e -> 
  custom:scripting/monoscript/fileName/CinemachineBasicMultiChannelPerlinEditor.cs: d6749cd6c482efa27bdd41f60394f1b9 -> 
  custom:scripting/monoscript/fileName/CinemachineImpulseChannels.cs: a9a39cc5ecea1f083db0fce154eec19c -> 
  custom:scripting/monoscript/fileName/CinemachineHardLockToTarget.cs: d349308c5b4f600a345055c394206f52 -> 
  custom:scripting/monoscript/fileName/CinemachineConfiner2D.cs: beb10be0db8ff9d3a94bd0a150963b9b -> 
  custom:scripting/monoscript/fileName/LensSettings.cs: 4335e899502c57ee4480b8c9aa915366 -> 
  custom:scripting/monoscript/fileName/Cinemachine3rdPersonAim.cs: 4bd230d915f070bb3cae23bef6f7ab70 -> 
  custom:scripting/monoscript/fileName/CinemachineImpulseListener.cs: 6aac146243d38e7a67346170caa40ea1 -> 
  custom:video-encoder-webm-vp8: eb34c28f22e8b96e1ab97ce403110664 -> 
  custom:scripting/monoscript/fileName/CinemachineMenu.cs: 7b932811d9fa1e44d0d8b2b9ed75adf3 -> 
  custom:scripting/monoscript/fileName/RuntimeUtility.cs: 8c92a9f673836e5d2084dbeb0f10159f -> 
  custom:scripting/monoscript/fileName/CinemachineFreeLook.cs: bebc32b18bc4beddc113bad68624e557 -> 
  custom:audio-decoder-ogg-vorbis: bf7c407c2cedff20999df2af8eb42d56 -> 
  custom:scripting/monoscript/fileName/CinemachineGroupComposer.cs: 173a689a80ef321c302f9c045419668f -> 
  custom:scripting/monoscript/fileName/CinemachineVirtualCameraBase.cs: c7e60cccdcb14ee2a33da9fd46c1c54f -> 
  custom:scripting/monoscript/fileName/CinemachineFixedSignal.cs: aedcdca7a861da6e456e0ae105b24c41 -> 
  custom:scripting/monoscript/fileName/CinemachineShotClipEditor.cs: 123a48531bf1d1b4f3c8398556caec62 -> 
  custom:scripting/monoscript/fileName/CinemachineTouchInputMapper.cs: b9698729a07a7d31c864247e0582b566 -> 
  custom:scripting/monoscript/fileName/CinemachinePOV.cs: e4df06d1994174afa286b103eb06ee7f -> 
  custom:scripting/monoscript/fileName/CinemachineBlend.cs: f33659d50c4d86144d649aa7e8196529 -> 
  custom:scripting/monoscript/fileName/CinemachineFreeLookEditor.cs: 9641291977c1891a004ac4c4c259e1c8 -> 
  custom:scripting/monoscript/fileName/CinemachineTransposerEditor.cs: 85841a774ddea4fb7232a7a585f716b4 -> 
  custom:scripting/monoscript/fileName/clipper.cs: 2a50e35a835148907b3c1fa8e187ab2b -> 
  custom:scripting/monoscript/fileName/NoiseSettings.cs: 443d576e0c72ab62870476103c9384ec -> 
  custom:scripting/monoscript/fileName/GaussianFilter.cs: 0a3672ebe80edf7c5daca82445c15683 -> 
  custom:scripting/monoscript/fileName/CinemachineSceneTools.cs: d63880a6073ab3335301b115db235b5b -> 
  custom:scripting/monoscript/fileName/CinemachineTriggerActionEditor.cs: 2309a2ec6192ace4cae8bab5a535978e -> 
  custom:scripting/monoscript/fileName/VcamTargetPropertyDrawer.cs: 9208050b1312b118a226fef2d63e8fa1 -> 
  custom:scripting/monoscript/fileName/CinemachineCollisionImpulseSource.cs: 9aae5e368cb7786be199f98f2122f96d -> 
  custom:scripting/monoscript/fileName/CinemachineClearShotEditor.cs: ca8875b47e775cd361c78158d7923690 -> 
  custom:scripting/monoscript/fileName/CinemachineEditorAnalytics.cs: de76cc292d7ecedcf47af6616498c9f9 -> 
  custom:scripting/monoscript/fileName/NoiseSettingsPropertyDrawer.cs: 8d3f69ba7eeec63914970bd3136b6ace -> 
  custom:scripting/monoscript/fileName/CinemachineBrainEditor.cs: 49621d8b7679c0b5d128fef53d55becd -> 
  custom:scripting/monoscript/fileName/CinemachineShotEditor.cs: 2ba28b209a4ad7f0a791994d2360a9af -> 
  custom:scripting/monoscript/fileName/PlayerMovement.cs: 42480eed24e61f9d7e7e895933644f96 -> 
  custom:scripting/monoscript/fileName/CinemachineHardLockToTargetEditor.cs: c65eaafd47115974a2a9379aae467b0e -> 
  custom:audio-encoder-webm-vorbis: bf7c407c2cedff20999df2af8eb42d56 -> 
  custom:scripting/monoscript/fileName/CameraState.cs: 6ae7088fa20820e052d1e4d86059e90b -> 
  custom:scripting/monoscript/fileName/CinemachineToolbarOverlay.cs: 371b6fc494252d6fda34e207e170cb66 -> 
  custom:scripting/monoscript/fileName/CinemachineIndependentImpulseListener.cs: 91ae8748b9c36955c333e57505ff90fb -> 
  custom:scripting/monoscript/fileName/CinemachineMixingCameraEditor.cs: 1c122a21d710512fec62cdc7bd351681 -> 
  custom:scripting/monoscript/fileName/CinemachinePostProcessing.cs: bf9b100a1b61fd5383288bc96487c194 -> 
  custom:scripting/monoscript/fileName/CinemachineSameAsFollowTarget.cs: bcfa2d394e1e5460b4ef3dc039214a16 -> 
  custom:scripting/monoscript/fileName/CinemachineVirtualCameraBaseEditor.cs: 13ee4931cd85df4b22852d0547b5e690 -> 
  custom:scripting/monoscript/fileName/UpdateTracker.cs: 3dac8a24a32a32e4bbfeb38ed26ef250 -> 
  custom:scripting/monoscript/fileName/CinemachineComposerEditor.cs: dda533b9c6cb2b366292f584704bd904 -> 
  custom:scripting/monoscript/fileName/Cinemachine3rdPersonFollow.cs: 4600bac2bdf6b37d80e86f9aa5a413c3 -> 
  custom:scripting/precompiled-assembly-types:Assembly-CSharp: e66928de38364bb08ef9436b3612de99 -> 
  custom:scripting/monoscript/fileName/SaveDuringPlay.cs: de39f1962b337699845d3d8a2e8f5bde -> 
========================================================================
Received Prepare
Caller must complete domain reload
Begin MonoManager ReloadAssembly
- Loaded All Assemblies, in  0.255 seconds
Native extension for WindowsStandalone target not found
Mono: successfully reloaded assembly
- Finished resetting the current domain, in  0.557 seconds
Domain Reload Profiling: 812ms
	BeginReloadAssembly (96ms)
		ExecutionOrderSort (0ms)
		DisableScriptedObjects (5ms)
		BackupInstance (0ms)
		ReleaseScriptingObjects (0ms)
		CreateAndSetChildDomain (19ms)
	RebuildCommonClasses (19ms)
	RebuildNativeTypeToScriptingClass (6ms)
	initialDomainReloadingComplete (15ms)
	LoadAllAssembliesAndSetupDomain (117ms)
		LoadAssemblies (159ms)
		RebuildTransferFunctionScriptingTraits (0ms)
		AnalyzeDomain (9ms)
			TypeCache.Refresh (4ms)
				TypeCache.ScanAssembly (0ms)
			ScanForSourceGeneratedMonoScriptInfo (0ms)
			ResolveRequiredComponents (3ms)
	FinalizeReload (557ms)
		ReleaseScriptCaches (0ms)
		RebuildScriptCaches (0ms)
		SetupLoadedEditorAssemblies (239ms)
			LogAssemblyErrors (0ms)
			InitializePlatformSupportModulesInManaged (3ms)
			SetLoadedEditorAssemblies (2ms)
			RefreshPlugins (0ms)
			BeforeProcessingInitializeOnLoad (32ms)
			ProcessInitializeOnLoadAttributes (188ms)
			ProcessInitializeOnLoadMethodAttributes (13ms)
			AfterProcessingInitializeOnLoad (2ms)
			EditorAssembliesLoaded (0ms)
		ExecutionOrderSort2 (0ms)
		AwakeInstancesAfterBackupRestoration (5ms)
Refreshing native plugins compatible for Editor in 2.28 ms, found 3 plugins.
Preloading 0 native plugins for Editor in 0.00 ms.
Unloading 3391 Unused Serialized files (Serialized files now loaded: 0)
Unloading 16 unused Assets / (124.6 KB). Loaded Objects now: 4149.
Memory consumption went from 130.4 MB to 130.3 MB.
Total: 1.942100 ms (FindLiveObjects: 0.171400 ms CreateObjectMapping: 0.074400 ms MarkObjects: 1.604600 ms  DeleteObjects: 0.090700 ms)

Prepare: number of updated asset objects reloaded= 0
AssetImportParameters requested are different than current active one (requested -> active):
  custom:scripting/monoscript/fileName/CinemachineGroupComposerEditor.cs: 54a07f36704e77a685a5e7e8c8b2c216 -> 
  custom:scripting/monoscript/fileName/CinemachineConfinerEditor.cs: cc6c898a3390647ab91613c8a96de4b4 -> 
  custom:scripting/monoscript/fileName/CinemachineBlendDefinitionPropertyDrawer.cs: 7ae344d19d646b738f3c65294becf216 -> 
  custom:scripting/monoscript/fileName/CinemachineTrackedDollyEditor.cs: b4d6784c58752cea58aafd9a76ca4459 -> 
  custom:scripting/monoscript/fileName/CinemachineImpulseManager.cs: c34be3577a810e26fd0110c580799b88 -> 
  custom:scripting/monoscript/fileName/CinemachineSmoothPath.cs: c28db2688f35d70587b5f943431a010a -> 
  custom:scripting/monoscript/fileName/CinemachineStateDrivenCamera.cs: aea2468a7384be4ba6d1b043ccec135d -> 
  custom:container-demuxer-ogg: 62fdf1f143b41e24485cea50d1cbac27 -> 
  custom:scripting/monoscript/fileName/CinemachineBlenderSettings.cs: 9adcb80668a56be4cd8e31c1d3dc60ae -> 
  custom:scripting/monoscript/fileName/SignalSourceAsset.cs: f7ffd463dece56bad278f5a8d3ed7fc6 -> 
  custom:scripting/monoscript/fileName/CinemachineCore.cs: fe6c3be993819098833de1628bfd76b2 -> 
  custom:scripting/monoscript/fileName/CinemachineImpulseChannelPropertyDrawer.cs: 4b6390a17916751618e2a45cb8d47a80 -> 
  custom:scripting/monoscript/fileName/SerializedPropertyHelper.cs: b04ac165255e34bc2935ca9bf180e209 -> 
  custom:scripting/monoscript/fileName/CinemachineFramingTransposer.cs: 7943c9d436748359882d8f978cf86c91 -> 
  custom:scripting/monoscript/fileName/AxisState.cs: 1a494a66d8b9a58f4a6873f89bf5b094 -> 
  custom:scripting/monoscript/fileName/CinemachineClearShot.cs: 1da15f5c7903497ce3ae982ee4ee4779 -> 
  custom:scripting/monoscript/fileName/CinemachinePOVEditor.cs: 71db5a9242a182995b4ca15db516f628 -> 
  custom:scripting/monoscript/fileName/CinemachineMixer.cs: 2e36eb9e732dd7c8a32e8f83daebd6f4 -> 
  custom:scripting/monoscript/fileName/CinemachineConfiner.cs: 3813336c17662a5cb6b59ce5f1954254 -> 
  custom:video-codec-MediaFoundation-h265: 746d11721c4dcdbdad8f713fa42b33f4 -> 
  custom:scripting/monoscript/fileName/CinemachineBrain.cs: 365b4e0b6319f064062e97b8f8e32c8e -> 
  custom:scripting/monoscript/fileName/CinemachineImpulseDefinitionPropertyDrawer.cs: 1b2fc77b0a80a7e0e9045e0d44fb761c -> 
  custom:scripting/monoscript/fileName/CinemachineColliderPrefs.cs: 47106451d4685409820905badf49b71f -> 
  custom:scripting/monoscript/fileName/CinemachineFollowZoom.cs: eb74e2e98d3dc4647324e113f34710ca -> 
  custom:scripting/monoscript/fileName/CinemachineDebug.cs: 3077ed3b64725184c652d4c07ac732fd -> 
  custom:scripting/monoscript/fileName/CinemachineLensPresets.cs: 014747fb0ab87178c677520d0bf20bf7 -> 
  custom:video-decoder-ogg-theora: a1e56fd34408186e4bbccfd4996cb3dc -> 
  custom:scripting/monoscript/fileName/CinemachineCameraOffset.cs: a6887f67d3eb83cc6393b822d4e65121 -> 
  custom:scripting/monoscript/fileName/ICinemachineCamera.cs: 2faad4f04eaf5d98c2870adbfb06184e -> 
  custom:scripting/monoscript/fileName/CinemachineShotPlayable.cs: e346ad1ecb4af45da55274cb9abd9ec0 -> 
  custom:scripting/monoscript/fileName/CinemachineTagFieldPropertyDrawer.cs: e78491a12decd558a49d01cc583bfcfb -> 
  custom:framework-win-MediaFoundation: 216162199b28c13a410421893ffa2e32 -> 
  custom:scripting/monoscript/fileName/CinemachineVolumeSettings.cs: 22782cc3dbf8dfd1cb54e8486f29fe0d -> 
  custom:scripting/monoscript/fileName/CinemachineImpulseSourceEditor.cs: 0ef7804c69c18838aa65e6d5bae5b055 -> 
  custom:scripting/monoscript/fileName/CinemachineExternalCameraEditor.cs: d74df442250b898c9b40669a19100e9d -> 
  custom:scripting/monoscript/fileName/CinemachineTargetGroupEditor.cs: f70ac85df8c1c9bd0b83a35534bafd1f -> 
  custom:scripting/monoscript/fileName/CinemachineRecomposer.cs: 07354cca81f7d0775b027b5906330569 -> 
  custom:scripting/monoscript/fileName/CinemachineTransposer.cs: aa226dd144b3a977b86ea888b85df5fa -> 
  custom:scripting/monoscript/fileName/TargetPositionCache.cs: 49ce97e6930a536b43825141e0c2d3a4 -> 
  custom:scripting/monoscript/fileName/CinemachineExternalCamera.cs: d76122377115c288d881064c3f07a3f1 -> 
  custom:scripting/monoscript/fileName/ReflectionHelpers.cs: 60a5d38af3e775d0a421a7ff630d61cc -> 
  custom:scripting/monoscript/fileName/CinemachineVirtualCamera.cs: f16f2dc5bc1261579875c19605c45301 -> 
  custom:scripting/monoscript/fileName/Predictor.cs: d51584936cb5b31b30ee7b444e03385b -> 
  custom:scripting/monoscript/fileName/CinemachineOrbitalTransposerEditor.cs: 5ea2e4bec7ee6c24917bd86647f4bffa -> 
  custom:scripting/monoscript/fileName/CinemachineConfiner2DEditor.cs: 3f4b3d9b17ff5cd560135aa24f822994 -> 
  custom:scripting/monoscript/fileName/GroupWeightManipulator.cs: 588749cf3436a8199e762a8e09bc8de7 -> 
  custom:scripting/monoscript/fileName/AxisStatePropertyDrawer.cs: 2d807695a513641e771c78e6c342ff04 -> 
  custom:scripting/monoscript/fileName/CinemachineScreenComposerGuides.cs: cdc7ea02ccc4c8d1561d98d16760d1ca -> 
  custom:scripting/monoscript/fileName/CinemachinePropertyAttribute.cs: e8158d9725ac3a9129a08e46a4ff7519 -> 
  custom:scripting/monoscript/fileName/CinemachineVirtualCameraEditor.cs: 2e051d0c474634e907fe4123d6e2656e -> 
  custom:scripting/monoscript/fileName/CinemachineSettings.cs: 197f6d5ad32e253546b5afa056a5bba4 -> 
  custom:scripting/monoscript/fileName/CinemachineNoiseSettingsEditor.cs: 9056e69d9c759ba2504535054fff31c9 -> 
  custom:scripting/monoscript/fileName/CinemachineTriggerAction.cs: cab9c5d02c28af05797c2c3743539bdb -> 
  custom:scripting/monoscript/fileName/InspectorUtility.cs: d2444697ecf5f370ee1ff9969e9d66f8 -> 1cf92e4af45cb9e9886ec49564b001a9
  custom:CustomObjectIndexerAttribute: 9a22284fe3817be447336de3de66b15e -> 
  custom:scripting/monoscript/fileName/CinemachineBlenderSettingsEditor.cs: c57aa7de12bc3e7367ca091f4902c67b -> 
  custom:scripting/precompiled-assembly-types:Cinemachine: 54c8b091bb91c32bfeada952c9c53e21 -> 
  custom:scripting/monoscript/fileName/CinemachineImpulseDefinition.cs: 3d434086a2bdaf715abf85e79e9f14b4 -> 
  custom:scripting/precompiled-assembly-types:com.unity.cinemachine.editor: e24bde9f61664824443e2ae04112f2bb -> 
  custom:scripting/monoscript/fileName/Cinemachine3rdPersonFollowEditor.cs: f79aa162534f81c680877e6274b5d6ec -> 
  custom:scripting/monoscript/fileName/EmbeddedAssetPropertyDrawer.cs: fd7ebc18093de04c88d0cfc86fb060f5 -> 
  custom:container-demuxer-webm: 4f35f7cbe854078d1ac9338744f61a02 -> 
  custom:scripting/monoscript/fileName/ConfinerOven.cs: ff23c03e90b61beb34474fc6e4ff668c -> 
  custom:scripting/monoscript/fileName/WaveformWindow.cs: 01bbc4fc017d41a2bab7fb57c988e8da -> 
  custom:scripting/monoscript/fileName/CinemachinePipeline.cs: 6ca7a5979a0a73ea1d450a8fc9b437ef -> 
  custom:scripting/monoscript/fileName/VcamStageEditor.cs: 84b0eaf932b448975a99972628e556d8 -> 
  custom:scripting/monoscript/fileName/CinemachineFramingTransposerEditor.cs: 1653e1c00b2ca68b1d40f01e5bfb8445 -> 
  custom:scripting/monoscript/fileName/CinemachineStateDrivenCameraEditor.cs: 77d9f0a97385f936d9b4ffaa686bce39 -> 
  custom:scripting/monoscript/fileName/OrbitalTransposerHeadingPropertyDrawer.cs: 22496b76ce84f35f630c90badc4babd8 -> 
  custom:scripting/monoscript/fileName/CinemachinePathEditor.cs: ce10985fbf0e018e2dea63fedae131ba -> 
  custom:scripting/monoscript/fileName/CinemachineCollider.cs: 8fa92f525b1c31cd81812685d7f8c288 -> 
  custom:scripting/monoscript/fileName/CinemachineCollisionImpulseSourceEditor.cs: 29f9a522ec6b23375849ba08fd597c8d -> 
  custom:scripting/monoscript/fileName/CinemachineInputProvider.cs: ecb845de690695f08b3b3bb647cc7006 -> 
  custom:scripting/monoscript/fileName/CinemachineColliderEditor.cs: 859d1abbd669ee84cb713f6d4d0e1c5f -> 
  custom:scripting/monoscript/fileName/CinemachineExtension.cs: 6968db4afcdc301f6acb1ef4fbadb2f4 -> 
  custom:scripting/monoscript/fileName/CinemachineTargetGroup.cs: 10a09aa736b3a25da6dd9fc3c4dd9d36 -> 
  custom:scripting/monoscript/fileName/EmbeddedAssetHelpers.cs: 90647cc400823b41df847a6cbfc29026 -> 
  custom:scripting/monoscript/fileName/CinemachineBlendListCamera.cs: 66104ac24fef171d9f5d5b93a8cb2f83 -> 
  custom:scripting/monoscript/fileName/CinemachineComponentBase.cs: 5293f153c13e9bd2fc262ec31ff69206 -> 
  custom:scripting/monoscript/fileName/BaseEditor.cs: 90647cc400823b41df847a6cbfc29026 -> 
  custom:container-muxer-webm: aa71ff27fc2769a1b78a27578f13a17b -> 
  custom:video-decoder-webm-vp8: 9c59270c3fd7afecdb556c50c9e8de78 -> 
  custom:scripting/monoscript/fileName/CinemachineHardLookAt.cs: 792580aec23d39bcecd7ceea4c27a0ce -> 
  custom:scripting/monoscript/fileName/CinemachineInputAxisDriver.cs: 7e424e54660fed310c58dc98ea41042e -> 
  custom:scripting/monoscript/fileName/CinemachineStoryboardEditor.cs: 2e7ec8bfb72013eaaff4873a27da019c -> 
  custom:scripting/monoscript/fileName/CinemachineBasicMultiChannelPerlin.cs: bd5416e75860cd63657371207eb79058 -> 
  custom:SearchIndexIgnoredProperties: e643bd26f0fe6173181afceb89e7c659 -> 
  custom:AudioImporter_EditorPlatform: d09bf68614088b80899f8185d706f6e7 -> 
  custom:scripting/monoscript/fileName/CinemachineMixingCamera.cs: 739c5ceb76c01023f431794ec46a0177 -> 
  custom:scripting/monoscript/fileName/CinemachinePath.cs: b443d3c8837a65ddc3c78741cd58ec71 -> 
  custom:scripting/monoscript/fileName/CinemachineImpulseListenerEditor.cs: d5d28e418f87c111bce1c1b98f1f70ba -> 
  custom:scripting/monoscript/fileName/Avoider.cs: ae32a89b624ae2a4ae1c49a2b33fb966 -> 
  custom:scripting/monoscript/fileName/CinemachineDollyCart.cs: bbe9d07f4a2f7ee5ab002e66cb05f922 -> 
  custom:scripting/monoscript/fileName/CinemachineStoryboard.cs: 59a2099f76be9b47af1e12ed7d40f553 -> 
  custom:scripting/monoscript/fileName/CinemachinePixelPerfect.cs: 2f42bea4517739481ed2553d1616050e -> 
  custom:scripting/monoscript/fileName/CinemachineTrackedDolly.cs: f6a9c21b27ad86d45f62f6b444ccbb49 -> 
  custom:scripting/monoscript/fileName/CinemachineHardLookAtEditor.cs: 15b8f2af6a6d786898ce5dd6b0db26dc -> 
  custom:scripting/monoscript/fileName/CinemachineComposer.cs: e399dfd36807c341da7cd182ce299d1e -> 
  custom:scripting/monoscript/fileName/CinemachineTrack.cs: 4b50d47d507c57dc81b82253ec075194 -> 
  custom:scripting/monoscript/fileName/CinemachineSmoothPathEditor.cs: 7555bcba4eb760e012dd21c6730ae562 -> 
  custom:scripting/monoscript/fileName/ScriptableObjectUtility.cs: c529d074f6f57a07e3f410d488963bbc -> 
  custom:scripting/monoscript/fileName/CinemachineOrbitalTransposer.cs: 71c52878ba6d43827473a480056a99da -> 
  custom:scripting/monoscript/fileName/CinemachinePathBase.cs: debb99764287c54cae06313e2d6a1fe1 -> 
  custom:scripting/monoscript/fileName/CinemachineImpulseSource.cs: ac073b8453e26c5dd422d5f1a90a7ff2 -> 
  custom:scripting/monoscript/fileName/CinemachineImpulseEnvelopePropertyDrawer.cs: 07e00c9c84964a5c7e4f3f19e4263ec1 -> 
  custom:scripting/monoscript/fileName/SplineHelpers.cs: 9e5bf4293b3828088291b7871e233a27 -> 
  custom:scripting/monoscript/fileName/CinemachineSameAsFollowTargetEditor.cs: 6def40fc1e39b3242347b6630fb5127e -> 
  custom:scripting/monoscript/fileName/CinemachineBlendListCameraEditor.cs: dbc12d2a9f3e2999a067290c411b2aca -> 
  custom:scripting/monoscript/fileName/CinemachineShot.cs: 3d4d9d05534db20e82d871d98ea52716 -> 
  custom:scripting/monoscript/fileName/UnityVectorExtensions.cs: 052777772edecdffe26d41a6a989641e -> 
  custom:scripting/monoscript/fileName/CinemachineBasicMultiChannelPerlinEditor.cs: d6749cd6c482efa27bdd41f60394f1b9 -> 
  custom:scripting/monoscript/fileName/CinemachineImpulseChannels.cs: a9a39cc5ecea1f083db0fce154eec19c -> 
  custom:scripting/monoscript/fileName/CinemachineHardLockToTarget.cs: d349308c5b4f600a345055c394206f52 -> 
  custom:scripting/monoscript/fileName/CinemachineConfiner2D.cs: beb10be0db8ff9d3a94bd0a150963b9b -> 
  custom:scripting/monoscript/fileName/LensSettings.cs: 4335e899502c57ee4480b8c9aa915366 -> 
  custom:scripting/monoscript/fileName/Cinemachine3rdPersonAim.cs: 4bd230d915f070bb3cae23bef6f7ab70 -> 
  custom:scripting/monoscript/fileName/CinemachineImpulseListener.cs: 6aac146243d38e7a67346170caa40ea1 -> 
  custom:video-encoder-webm-vp8: eb34c28f22e8b96e1ab97ce403110664 -> 
  custom:scripting/monoscript/fileName/CinemachineMenu.cs: 7b932811d9fa1e44d0d8b2b9ed75adf3 -> 
  custom:scripting/monoscript/fileName/RuntimeUtility.cs: 8c92a9f673836e5d2084dbeb0f10159f -> 
  custom:scripting/monoscript/fileName/CinemachineFreeLook.cs: bebc32b18bc4beddc113bad68624e557 -> 
  custom:audio-decoder-ogg-vorbis: bf7c407c2cedff20999df2af8eb42d56 -> 
  custom:scripting/monoscript/fileName/CinemachineGroupComposer.cs: 173a689a80ef321c302f9c045419668f -> 
  custom:scripting/monoscript/fileName/CinemachineVirtualCameraBase.cs: c7e60cccdcb14ee2a33da9fd46c1c54f -> 
  custom:scripting/monoscript/fileName/CinemachineFixedSignal.cs: aedcdca7a861da6e456e0ae105b24c41 -> 
  custom:scripting/monoscript/fileName/CinemachineShotClipEditor.cs: 123a48531bf1d1b4f3c8398556caec62 -> 
  custom:scripting/monoscript/fileName/CinemachineTouchInputMapper.cs: b9698729a07a7d31c864247e0582b566 -> 
  custom:scripting/monoscript/fileName/CinemachinePOV.cs: e4df06d1994174afa286b103eb06ee7f -> 
  custom:scripting/monoscript/fileName/CinemachineBlend.cs: f33659d50c4d86144d649aa7e8196529 -> 
  custom:scripting/monoscript/fileName/CinemachineFreeLookEditor.cs: 9641291977c1891a004ac4c4c259e1c8 -> 
  custom:scripting/monoscript/fileName/CinemachineTransposerEditor.cs: 85841a774ddea4fb7232a7a585f716b4 -> 
  custom:scripting/monoscript/fileName/clipper.cs: 2a50e35a835148907b3c1fa8e187ab2b -> 
  custom:scripting/monoscript/fileName/NoiseSettings.cs: 443d576e0c72ab62870476103c9384ec -> 
  custom:scripting/monoscript/fileName/GaussianFilter.cs: 0a3672ebe80edf7c5daca82445c15683 -> 
  custom:scripting/monoscript/fileName/CinemachineSceneTools.cs: d63880a6073ab3335301b115db235b5b -> 
  custom:scripting/monoscript/fileName/CinemachineTriggerActionEditor.cs: 2309a2ec6192ace4cae8bab5a535978e -> 
  custom:scripting/monoscript/fileName/VcamTargetPropertyDrawer.cs: 9208050b1312b118a226fef2d63e8fa1 -> 
  custom:scripting/monoscript/fileName/CinemachineCollisionImpulseSource.cs: 9aae5e368cb7786be199f98f2122f96d -> 
  custom:scripting/monoscript/fileName/CinemachineClearShotEditor.cs: ca8875b47e775cd361c78158d7923690 -> 
  custom:scripting/monoscript/fileName/CinemachineEditorAnalytics.cs: de76cc292d7ecedcf47af6616498c9f9 -> 
  custom:scripting/monoscript/fileName/NoiseSettingsPropertyDrawer.cs: 8d3f69ba7eeec63914970bd3136b6ace -> 
  custom:scripting/monoscript/fileName/CinemachineBrainEditor.cs: 49621d8b7679c0b5d128fef53d55becd -> 
  custom:scripting/monoscript/fileName/CinemachineShotEditor.cs: 2ba28b209a4ad7f0a791994d2360a9af -> 
  custom:scripting/monoscript/fileName/PlayerMovement.cs: 42480eed24e61f9d7e7e895933644f96 -> 
  custom:scripting/monoscript/fileName/CinemachineHardLockToTargetEditor.cs: c65eaafd47115974a2a9379aae467b0e -> 
  custom:audio-encoder-webm-vorbis: bf7c407c2cedff20999df2af8eb42d56 -> 
  custom:scripting/monoscript/fileName/CameraState.cs: 6ae7088fa20820e052d1e4d86059e90b -> 
  custom:scripting/monoscript/fileName/CinemachineToolbarOverlay.cs: 371b6fc494252d6fda34e207e170cb66 -> 
  custom:scripting/monoscript/fileName/CinemachineIndependentImpulseListener.cs: 91ae8748b9c36955c333e57505ff90fb -> 
  custom:scripting/monoscript/fileName/CinemachineMixingCameraEditor.cs: 1c122a21d710512fec62cdc7bd351681 -> 
  custom:scripting/monoscript/fileName/CinemachinePostProcessing.cs: bf9b100a1b61fd5383288bc96487c194 -> 
  custom:scripting/monoscript/fileName/CinemachineSameAsFollowTarget.cs: bcfa2d394e1e5460b4ef3dc039214a16 -> 
  custom:scripting/monoscript/fileName/CinemachineVirtualCameraBaseEditor.cs: 13ee4931cd85df4b22852d0547b5e690 -> 
  custom:scripting/monoscript/fileName/UpdateTracker.cs: 3dac8a24a32a32e4bbfeb38ed26ef250 -> 
  custom:scripting/monoscript/fileName/CinemachineComposerEditor.cs: dda533b9c6cb2b366292f584704bd904 -> 
  custom:scripting/monoscript/fileName/Cinemachine3rdPersonFollow.cs: 4600bac2bdf6b37d80e86f9aa5a413c3 -> 
  custom:scripting/precompiled-assembly-types:Assembly-CSharp: e66928de38364bb08ef9436b3612de99 -> 
  custom:scripting/monoscript/fileName/SaveDuringPlay.cs: de39f1962b337699845d3d8a2e8f5bde -> 
========================================================================
Received Prepare
Caller must complete domain reload
Begin MonoManager ReloadAssembly
- Loaded All Assemblies, in  0.248 seconds
Native extension for WindowsStandalone target not found
Mono: successfully reloaded assembly
- Finished resetting the current domain, in  0.529 seconds
Domain Reload Profiling: 776ms
	BeginReloadAssembly (86ms)
		ExecutionOrderSort (0ms)
		DisableScriptedObjects (4ms)
		BackupInstance (0ms)
		ReleaseScriptingObjects (0ms)
		CreateAndSetChildDomain (16ms)
	RebuildCommonClasses (18ms)
	RebuildNativeTypeToScriptingClass (5ms)
	initialDomainReloadingComplete (15ms)
	LoadAllAssembliesAndSetupDomain (122ms)
		LoadAssemblies (154ms)
		RebuildTransferFunctionScriptingTraits (0ms)
		AnalyzeDomain (14ms)
			TypeCache.Refresh (5ms)
				TypeCache.ScanAssembly (0ms)
			ScanForSourceGeneratedMonoScriptInfo (4ms)
			ResolveRequiredComponents (3ms)
	FinalizeReload (529ms)
		ReleaseScriptCaches (0ms)
		RebuildScriptCaches (0ms)
		SetupLoadedEditorAssemblies (219ms)
			LogAssemblyErrors (0ms)
			InitializePlatformSupportModulesInManaged (3ms)
			SetLoadedEditorAssemblies (2ms)
			RefreshPlugins (0ms)
			BeforeProcessingInitializeOnLoad (31ms)
			ProcessInitializeOnLoadAttributes (171ms)
			ProcessInitializeOnLoadMethodAttributes (11ms)
			AfterProcessingInitializeOnLoad (1ms)
			EditorAssembliesLoaded (0ms)
		ExecutionOrderSort2 (0ms)
		AwakeInstancesAfterBackupRestoration (4ms)
Refreshing native plugins compatible for Editor in 2.30 ms, found 3 plugins.
Preloading 0 native plugins for Editor in 0.00 ms.
Unloading 3391 Unused Serialized files (Serialized files now loaded: 0)
Unloading 16 unused Assets / (124.6 KB). Loaded Objects now: 4164.
Memory consumption went from 130.4 MB to 130.3 MB.
Total: 1.995500 ms (FindLiveObjects: 0.160100 ms CreateObjectMapping: 0.045900 ms MarkObjects: 1.720700 ms  DeleteObjects: 0.067800 ms)

Prepare: number of updated asset objects reloaded= 0
AssetImportParameters requested are different than current active one (requested -> active):
  custom:scripting/monoscript/fileName/CinemachineGroupComposerEditor.cs: 54a07f36704e77a685a5e7e8c8b2c216 -> 
  custom:scripting/monoscript/fileName/CinemachineConfinerEditor.cs: cc6c898a3390647ab91613c8a96de4b4 -> 
  custom:scripting/monoscript/fileName/CinemachineBlendDefinitionPropertyDrawer.cs: 7ae344d19d646b738f3c65294becf216 -> 
  custom:scripting/monoscript/fileName/CinemachineTrackedDollyEditor.cs: b4d6784c58752cea58aafd9a76ca4459 -> 
  custom:scripting/monoscript/fileName/CinemachineImpulseManager.cs: c34be3577a810e26fd0110c580799b88 -> 
  custom:scripting/monoscript/fileName/CinemachineSmoothPath.cs: c28db2688f35d70587b5f943431a010a -> 
  custom:scripting/monoscript/fileName/CinemachineStateDrivenCamera.cs: aea2468a7384be4ba6d1b043ccec135d -> 
  custom:container-demuxer-ogg: 62fdf1f143b41e24485cea50d1cbac27 -> 
  custom:scripting/monoscript/fileName/CinemachineBlenderSettings.cs: 9adcb80668a56be4cd8e31c1d3dc60ae -> 
  custom:scripting/monoscript/fileName/SignalSourceAsset.cs: f7ffd463dece56bad278f5a8d3ed7fc6 -> 
  custom:scripting/monoscript/fileName/CinemachineCore.cs: fe6c3be993819098833de1628bfd76b2 -> 
  custom:scripting/monoscript/fileName/CinemachineImpulseChannelPropertyDrawer.cs: 4b6390a17916751618e2a45cb8d47a80 -> 
  custom:scripting/monoscript/fileName/SerializedPropertyHelper.cs: b04ac165255e34bc2935ca9bf180e209 -> 
  custom:scripting/monoscript/fileName/CinemachineFramingTransposer.cs: 7943c9d436748359882d8f978cf86c91 -> 
  custom:scripting/monoscript/fileName/AxisState.cs: 1a494a66d8b9a58f4a6873f89bf5b094 -> 
  custom:scripting/monoscript/fileName/CinemachineClearShot.cs: 1da15f5c7903497ce3ae982ee4ee4779 -> 
  custom:scripting/monoscript/fileName/CinemachinePOVEditor.cs: 71db5a9242a182995b4ca15db516f628 -> 
  custom:scripting/monoscript/fileName/CinemachineMixer.cs: 2e36eb9e732dd7c8a32e8f83daebd6f4 -> 
  custom:scripting/monoscript/fileName/CinemachineConfiner.cs: 3813336c17662a5cb6b59ce5f1954254 -> 
  custom:video-codec-MediaFoundation-h265: 746d11721c4dcdbdad8f713fa42b33f4 -> 
  custom:scripting/monoscript/fileName/CinemachineBrain.cs: 365b4e0b6319f064062e97b8f8e32c8e -> 
  custom:scripting/monoscript/fileName/CinemachineImpulseDefinitionPropertyDrawer.cs: 1b2fc77b0a80a7e0e9045e0d44fb761c -> 
  custom:scripting/monoscript/fileName/CinemachineColliderPrefs.cs: 47106451d4685409820905badf49b71f -> 
  custom:scripting/monoscript/fileName/CinemachineFollowZoom.cs: eb74e2e98d3dc4647324e113f34710ca -> 
  custom:scripting/monoscript/fileName/CinemachineDebug.cs: 3077ed3b64725184c652d4c07ac732fd -> 
  custom:scripting/monoscript/fileName/CinemachineLensPresets.cs: 014747fb0ab87178c677520d0bf20bf7 -> 
  custom:video-decoder-ogg-theora: a1e56fd34408186e4bbccfd4996cb3dc -> 
  custom:scripting/monoscript/fileName/CinemachineCameraOffset.cs: a6887f67d3eb83cc6393b822d4e65121 -> 
  custom:scripting/monoscript/fileName/ICinemachineCamera.cs: 2faad4f04eaf5d98c2870adbfb06184e -> 
  custom:scripting/monoscript/fileName/CinemachineShotPlayable.cs: e346ad1ecb4af45da55274cb9abd9ec0 -> 
  custom:scripting/monoscript/fileName/CinemachineTagFieldPropertyDrawer.cs: e78491a12decd558a49d01cc583bfcfb -> 
  custom:framework-win-MediaFoundation: 216162199b28c13a410421893ffa2e32 -> 
  custom:scripting/monoscript/fileName/CinemachineVolumeSettings.cs: 22782cc3dbf8dfd1cb54e8486f29fe0d -> 
  custom:scripting/monoscript/fileName/CinemachineImpulseSourceEditor.cs: 0ef7804c69c18838aa65e6d5bae5b055 -> 
  custom:scripting/monoscript/fileName/CinemachineExternalCameraEditor.cs: d74df442250b898c9b40669a19100e9d -> 
  custom:scripting/monoscript/fileName/CinemachineTargetGroupEditor.cs: f70ac85df8c1c9bd0b83a35534bafd1f -> 
  custom:scripting/monoscript/fileName/CinemachineRecomposer.cs: 07354cca81f7d0775b027b5906330569 -> 
  custom:scripting/monoscript/fileName/CinemachineTransposer.cs: aa226dd144b3a977b86ea888b85df5fa -> 
  custom:scripting/monoscript/fileName/TargetPositionCache.cs: 49ce97e6930a536b43825141e0c2d3a4 -> 
  custom:scripting/monoscript/fileName/CinemachineExternalCamera.cs: d76122377115c288d881064c3f07a3f1 -> 
  custom:scripting/monoscript/fileName/ReflectionHelpers.cs: 60a5d38af3e775d0a421a7ff630d61cc -> 
  custom:scripting/monoscript/fileName/CinemachineVirtualCamera.cs: f16f2dc5bc1261579875c19605c45301 -> 
  custom:scripting/monoscript/fileName/Predictor.cs: d51584936cb5b31b30ee7b444e03385b -> 
  custom:scripting/monoscript/fileName/CinemachineOrbitalTransposerEditor.cs: 5ea2e4bec7ee6c24917bd86647f4bffa -> 
  custom:scripting/monoscript/fileName/CinemachineConfiner2DEditor.cs: 3f4b3d9b17ff5cd560135aa24f822994 -> 
  custom:scripting/monoscript/fileName/GroupWeightManipulator.cs: 588749cf3436a8199e762a8e09bc8de7 -> 
  custom:scripting/monoscript/fileName/AxisStatePropertyDrawer.cs: 2d807695a513641e771c78e6c342ff04 -> 
  custom:scripting/monoscript/fileName/CinemachineScreenComposerGuides.cs: cdc7ea02ccc4c8d1561d98d16760d1ca -> 
  custom:scripting/monoscript/fileName/CinemachinePropertyAttribute.cs: e8158d9725ac3a9129a08e46a4ff7519 -> 
  custom:scripting/monoscript/fileName/CinemachineVirtualCameraEditor.cs: 2e051d0c474634e907fe4123d6e2656e -> 
  custom:scripting/monoscript/fileName/CinemachineSettings.cs: 197f6d5ad32e253546b5afa056a5bba4 -> 
  custom:scripting/monoscript/fileName/CinemachineNoiseSettingsEditor.cs: 9056e69d9c759ba2504535054fff31c9 -> 
  custom:scripting/monoscript/fileName/CinemachineTriggerAction.cs: cab9c5d02c28af05797c2c3743539bdb -> 
  custom:scripting/monoscript/fileName/InspectorUtility.cs: d2444697ecf5f370ee1ff9969e9d66f8 -> 1cf92e4af45cb9e9886ec49564b001a9
  custom:CustomObjectIndexerAttribute: 9a22284fe3817be447336de3de66b15e -> 
  custom:scripting/monoscript/fileName/CinemachineBlenderSettingsEditor.cs: c57aa7de12bc3e7367ca091f4902c67b -> 
  custom:scripting/precompiled-assembly-types:Cinemachine: 54c8b091bb91c32bfeada952c9c53e21 -> 
  custom:scripting/monoscript/fileName/CinemachineImpulseDefinition.cs: 3d434086a2bdaf715abf85e79e9f14b4 -> 
  custom:scripting/precompiled-assembly-types:com.unity.cinemachine.editor: e24bde9f61664824443e2ae04112f2bb -> 
  custom:scripting/monoscript/fileName/Cinemachine3rdPersonFollowEditor.cs: f79aa162534f81c680877e6274b5d6ec -> 
  custom:scripting/monoscript/fileName/EmbeddedAssetPropertyDrawer.cs: fd7ebc18093de04c88d0cfc86fb060f5 -> 
  custom:container-demuxer-webm: 4f35f7cbe854078d1ac9338744f61a02 -> 
  custom:scripting/monoscript/fileName/ConfinerOven.cs: ff23c03e90b61beb34474fc6e4ff668c -> 
  custom:scripting/monoscript/fileName/WaveformWindow.cs: 01bbc4fc017d41a2bab7fb57c988e8da -> 
  custom:scripting/monoscript/fileName/CinemachinePipeline.cs: 6ca7a5979a0a73ea1d450a8fc9b437ef -> 
  custom:scripting/monoscript/fileName/VcamStageEditor.cs: 84b0eaf932b448975a99972628e556d8 -> 
  custom:scripting/monoscript/fileName/CinemachineFramingTransposerEditor.cs: 1653e1c00b2ca68b1d40f01e5bfb8445 -> 
  custom:scripting/monoscript/fileName/CinemachineStateDrivenCameraEditor.cs: 77d9f0a97385f936d9b4ffaa686bce39 -> 
  custom:scripting/monoscript/fileName/OrbitalTransposerHeadingPropertyDrawer.cs: 22496b76ce84f35f630c90badc4babd8 -> 
  custom:scripting/monoscript/fileName/CinemachinePathEditor.cs: ce10985fbf0e018e2dea63fedae131ba -> 
  custom:scripting/monoscript/fileName/CinemachineCollider.cs: 8fa92f525b1c31cd81812685d7f8c288 -> 
  custom:scripting/monoscript/fileName/CinemachineCollisionImpulseSourceEditor.cs: 29f9a522ec6b23375849ba08fd597c8d -> 
  custom:scripting/monoscript/fileName/CinemachineInputProvider.cs: ecb845de690695f08b3b3bb647cc7006 -> 
  custom:scripting/monoscript/fileName/CinemachineColliderEditor.cs: 859d1abbd669ee84cb713f6d4d0e1c5f -> 
  custom:scripting/monoscript/fileName/CinemachineExtension.cs: 6968db4afcdc301f6acb1ef4fbadb2f4 -> 
  custom:scripting/monoscript/fileName/CinemachineTargetGroup.cs: 10a09aa736b3a25da6dd9fc3c4dd9d36 -> 
  custom:scripting/monoscript/fileName/EmbeddedAssetHelpers.cs: 90647cc400823b41df847a6cbfc29026 -> 
  custom:scripting/monoscript/fileName/CinemachineBlendListCamera.cs: 66104ac24fef171d9f5d5b93a8cb2f83 -> 
  custom:scripting/monoscript/fileName/CinemachineComponentBase.cs: 5293f153c13e9bd2fc262ec31ff69206 -> 
  custom:scripting/monoscript/fileName/BaseEditor.cs: 90647cc400823b41df847a6cbfc29026 -> 
  custom:container-muxer-webm: aa71ff27fc2769a1b78a27578f13a17b -> 
  custom:video-decoder-webm-vp8: 9c59270c3fd7afecdb556c50c9e8de78 -> 
  custom:scripting/monoscript/fileName/CinemachineHardLookAt.cs: 792580aec23d39bcecd7ceea4c27a0ce -> 
  custom:scripting/monoscript/fileName/CinemachineInputAxisDriver.cs: 7e424e54660fed310c58dc98ea41042e -> 
  custom:scripting/monoscript/fileName/CinemachineStoryboardEditor.cs: 2e7ec8bfb72013eaaff4873a27da019c -> 
  custom:scripting/monoscript/fileName/CinemachineBasicMultiChannelPerlin.cs: bd5416e75860cd63657371207eb79058 -> 
  custom:SearchIndexIgnoredProperties: e643bd26f0fe6173181afceb89e7c659 -> 
  custom:AudioImporter_EditorPlatform: d09bf68614088b80899f8185d706f6e7 -> 
  custom:scripting/monoscript/fileName/CinemachineMixingCamera.cs: 739c5ceb76c01023f431794ec46a0177 -> 
  custom:scripting/monoscript/fileName/CinemachinePath.cs: b443d3c8837a65ddc3c78741cd58ec71 -> 
  custom:scripting/monoscript/fileName/CinemachineImpulseListenerEditor.cs: d5d28e418f87c111bce1c1b98f1f70ba -> 
  custom:scripting/monoscript/fileName/Avoider.cs: ae32a89b624ae2a4ae1c49a2b33fb966 -> 
  custom:scripting/monoscript/fileName/CinemachineDollyCart.cs: bbe9d07f4a2f7ee5ab002e66cb05f922 -> 
  custom:scripting/monoscript/fileName/CinemachineStoryboard.cs: 59a2099f76be9b47af1e12ed7d40f553 -> 
  custom:scripting/monoscript/fileName/CinemachinePixelPerfect.cs: 2f42bea4517739481ed2553d1616050e -> 
  custom:scripting/monoscript/fileName/CinemachineTrackedDolly.cs: f6a9c21b27ad86d45f62f6b444ccbb49 -> 
  custom:scripting/monoscript/fileName/CinemachineHardLookAtEditor.cs: 15b8f2af6a6d786898ce5dd6b0db26dc -> 
  custom:scripting/monoscript/fileName/CinemachineComposer.cs: e399dfd36807c341da7cd182ce299d1e -> 
  custom:scripting/monoscript/fileName/CinemachineTrack.cs: 4b50d47d507c57dc81b82253ec075194 -> 
  custom:scripting/monoscript/fileName/CinemachineSmoothPathEditor.cs: 7555bcba4eb760e012dd21c6730ae562 -> 
  custom:scripting/monoscript/fileName/ScriptableObjectUtility.cs: c529d074f6f57a07e3f410d488963bbc -> 
  custom:scripting/monoscript/fileName/CinemachineOrbitalTransposer.cs: 71c52878ba6d43827473a480056a99da -> 
  custom:scripting/monoscript/fileName/CinemachinePathBase.cs: debb99764287c54cae06313e2d6a1fe1 -> 
  custom:scripting/monoscript/fileName/CinemachineImpulseSource.cs: ac073b8453e26c5dd422d5f1a90a7ff2 -> 
  custom:scripting/monoscript/fileName/CinemachineImpulseEnvelopePropertyDrawer.cs: 07e00c9c84964a5c7e4f3f19e4263ec1 -> 
  custom:scripting/monoscript/fileName/SplineHelpers.cs: 9e5bf4293b3828088291b7871e233a27 -> 
  custom:scripting/monoscript/fileName/CinemachineSameAsFollowTargetEditor.cs: 6def40fc1e39b3242347b6630fb5127e -> 
  custom:scripting/monoscript/fileName/CinemachineBlendListCameraEditor.cs: dbc12d2a9f3e2999a067290c411b2aca -> 
  custom:scripting/monoscript/fileName/CinemachineShot.cs: 3d4d9d05534db20e82d871d98ea52716 -> 
  custom:scripting/monoscript/fileName/UnityVectorExtensions.cs: 052777772edecdffe26d41a6a989641e -> 
  custom:scripting/monoscript/fileName/CinemachineBasicMultiChannelPerlinEditor.cs: d6749cd6c482efa27bdd41f60394f1b9 -> 
  custom:scripting/monoscript/fileName/CinemachineImpulseChannels.cs: a9a39cc5ecea1f083db0fce154eec19c -> 
  custom:scripting/monoscript/fileName/CinemachineHardLockToTarget.cs: d349308c5b4f600a345055c394206f52 -> 
  custom:scripting/monoscript/fileName/CinemachineConfiner2D.cs: beb10be0db8ff9d3a94bd0a150963b9b -> 
  custom:scripting/monoscript/fileName/LensSettings.cs: 4335e899502c57ee4480b8c9aa915366 -> 
  custom:scripting/monoscript/fileName/Cinemachine3rdPersonAim.cs: 4bd230d915f070bb3cae23bef6f7ab70 -> 
  custom:scripting/monoscript/fileName/CinemachineImpulseListener.cs: 6aac146243d38e7a67346170caa40ea1 -> 
  custom:video-encoder-webm-vp8: eb34c28f22e8b96e1ab97ce403110664 -> 
  custom:scripting/monoscript/fileName/CinemachineMenu.cs: 7b932811d9fa1e44d0d8b2b9ed75adf3 -> 
  custom:scripting/monoscript/fileName/RuntimeUtility.cs: 8c92a9f673836e5d2084dbeb0f10159f -> 
  custom:scripting/monoscript/fileName/CinemachineFreeLook.cs: bebc32b18bc4beddc113bad68624e557 -> 
  custom:audio-decoder-ogg-vorbis: bf7c407c2cedff20999df2af8eb42d56 -> 
  custom:scripting/monoscript/fileName/CinemachineGroupComposer.cs: 173a689a80ef321c302f9c045419668f -> 
  custom:scripting/monoscript/fileName/CinemachineVirtualCameraBase.cs: c7e60cccdcb14ee2a33da9fd46c1c54f -> 
  custom:scripting/monoscript/fileName/CinemachineFixedSignal.cs: aedcdca7a861da6e456e0ae105b24c41 -> 
  custom:scripting/monoscript/fileName/CinemachineShotClipEditor.cs: 123a48531bf1d1b4f3c8398556caec62 -> 
  custom:scripting/monoscript/fileName/CinemachineTouchInputMapper.cs: b9698729a07a7d31c864247e0582b566 -> 
  custom:scripting/monoscript/fileName/CinemachinePOV.cs: e4df06d1994174afa286b103eb06ee7f -> 
  custom:scripting/monoscript/fileName/CinemachineBlend.cs: f33659d50c4d86144d649aa7e8196529 -> 
  custom:scripting/monoscript/fileName/CinemachineFreeLookEditor.cs: 9641291977c1891a004ac4c4c259e1c8 -> 
  custom:scripting/monoscript/fileName/CinemachineTransposerEditor.cs: 85841a774ddea4fb7232a7a585f716b4 -> 
  custom:scripting/monoscript/fileName/clipper.cs: 2a50e35a835148907b3c1fa8e187ab2b -> 
  custom:scripting/monoscript/fileName/NoiseSettings.cs: 443d576e0c72ab62870476103c9384ec -> 
  custom:scripting/monoscript/fileName/GaussianFilter.cs: 0a3672ebe80edf7c5daca82445c15683 -> 
  custom:scripting/monoscript/fileName/CinemachineSceneTools.cs: d63880a6073ab3335301b115db235b5b -> 
  custom:scripting/monoscript/fileName/CinemachineTriggerActionEditor.cs: 2309a2ec6192ace4cae8bab5a535978e -> 
  custom:scripting/monoscript/fileName/VcamTargetPropertyDrawer.cs: 9208050b1312b118a226fef2d63e8fa1 -> 
  custom:scripting/monoscript/fileName/CinemachineCollisionImpulseSource.cs: 9aae5e368cb7786be199f98f2122f96d -> 
  custom:scripting/monoscript/fileName/CinemachineClearShotEditor.cs: ca8875b47e775cd361c78158d7923690 -> 
  custom:scripting/monoscript/fileName/CinemachineEditorAnalytics.cs: de76cc292d7ecedcf47af6616498c9f9 -> 
  custom:scripting/monoscript/fileName/NoiseSettingsPropertyDrawer.cs: 8d3f69ba7eeec63914970bd3136b6ace -> 
  custom:scripting/monoscript/fileName/CinemachineBrainEditor.cs: 49621d8b7679c0b5d128fef53d55becd -> 
  custom:scripting/monoscript/fileName/CinemachineShotEditor.cs: 2ba28b209a4ad7f0a791994d2360a9af -> 
  custom:scripting/monoscript/fileName/PlayerMovement.cs: 42480eed24e61f9d7e7e895933644f96 -> 
  custom:scripting/monoscript/fileName/CinemachineHardLockToTargetEditor.cs: c65eaafd47115974a2a9379aae467b0e -> 
  custom:audio-encoder-webm-vorbis: bf7c407c2cedff20999df2af8eb42d56 -> 
  custom:scripting/monoscript/fileName/CameraState.cs: 6ae7088fa20820e052d1e4d86059e90b -> 
  custom:scripting/monoscript/fileName/CinemachineToolbarOverlay.cs: 371b6fc494252d6fda34e207e170cb66 -> 
  custom:scripting/monoscript/fileName/CinemachineIndependentImpulseListener.cs: 91ae8748b9c36955c333e57505ff90fb -> 
  custom:scripting/monoscript/fileName/CinemachineMixingCameraEditor.cs: 1c122a21d710512fec62cdc7bd351681 -> 
  custom:scripting/monoscript/fileName/CinemachinePostProcessing.cs: bf9b100a1b61fd5383288bc96487c194 -> 
  custom:scripting/monoscript/fileName/CinemachineSameAsFollowTarget.cs: bcfa2d394e1e5460b4ef3dc039214a16 -> 
  custom:scripting/monoscript/fileName/CinemachineVirtualCameraBaseEditor.cs: 13ee4931cd85df4b22852d0547b5e690 -> 
  custom:scripting/monoscript/fileName/UpdateTracker.cs: 3dac8a24a32a32e4bbfeb38ed26ef250 -> 
  custom:scripting/monoscript/fileName/CinemachineComposerEditor.cs: dda533b9c6cb2b366292f584704bd904 -> 
  custom:scripting/monoscript/fileName/Cinemachine3rdPersonFollow.cs: 4600bac2bdf6b37d80e86f9aa5a413c3 -> 
  custom:scripting/precompiled-assembly-types:Assembly-CSharp: e66928de38364bb08ef9436b3612de99 -> 
  custom:scripting/monoscript/fileName/SaveDuringPlay.cs: de39f1962b337699845d3d8a2e8f5bde -> 
========================================================================
Received Prepare
Caller must complete domain reload
Begin MonoManager ReloadAssembly
- Loaded All Assemblies, in  0.239 seconds
Native extension for WindowsStandalone target not found
Mono: successfully reloaded assembly
- Finished resetting the current domain, in  0.569 seconds
Domain Reload Profiling: 807ms
	BeginReloadAssembly (86ms)
		ExecutionOrderSort (0ms)
		DisableScriptedObjects (3ms)
		BackupInstance (0ms)
		ReleaseScriptingObjects (0ms)
		CreateAndSetChildDomain (15ms)
	RebuildCommonClasses (18ms)
	RebuildNativeTypeToScriptingClass (6ms)
	initialDomainReloadingComplete (14ms)
	LoadAllAssembliesAndSetupDomain (114ms)
		LoadAssemblies (153ms)
		RebuildTransferFunctionScriptingTraits (0ms)
		AnalyzeDomain (8ms)
			TypeCache.Refresh (4ms)
				TypeCache.ScanAssembly (0ms)
			ScanForSourceGeneratedMonoScriptInfo (0ms)
			ResolveRequiredComponents (3ms)
	FinalizeReload (570ms)
		ReleaseScriptCaches (0ms)
		RebuildScriptCaches (0ms)
		SetupLoadedEditorAssemblies (244ms)
			LogAssemblyErrors (0ms)
			InitializePlatformSupportModulesInManaged (3ms)
			SetLoadedEditorAssemblies (2ms)
			RefreshPlugins (0ms)
			BeforeProcessingInitializeOnLoad (34ms)
			ProcessInitializeOnLoadAttributes (189ms)
			ProcessInitializeOnLoadMethodAttributes (14ms)
			AfterProcessingInitializeOnLoad (1ms)
			EditorAssembliesLoaded (0ms)
		ExecutionOrderSort2 (0ms)
		AwakeInstancesAfterBackupRestoration (5ms)
Refreshing native plugins compatible for Editor in 2.38 ms, found 3 plugins.
Preloading 0 native plugins for Editor in 0.00 ms.
Unloading 3391 Unused Serialized files (Serialized files now loaded: 0)
Unloading 16 unused Assets / (124.5 KB). Loaded Objects now: 4179.
Memory consumption went from 130.4 MB to 130.3 MB.
Total: 1.839200 ms (FindLiveObjects: 0.183800 ms CreateObjectMapping: 0.045200 ms MarkObjects: 1.544800 ms  DeleteObjects: 0.064900 ms)

Prepare: number of updated asset objects reloaded= 0
AssetImportParameters requested are different than current active one (requested -> active):
  custom:scripting/monoscript/fileName/CinemachineGroupComposerEditor.cs: 54a07f36704e77a685a5e7e8c8b2c216 -> 
  custom:scripting/monoscript/fileName/CinemachineConfinerEditor.cs: cc6c898a3390647ab91613c8a96de4b4 -> 
  custom:scripting/monoscript/fileName/CinemachineBlendDefinitionPropertyDrawer.cs: 7ae344d19d646b738f3c65294becf216 -> 
  custom:scripting/monoscript/fileName/CinemachineTrackedDollyEditor.cs: b4d6784c58752cea58aafd9a76ca4459 -> 
  custom:scripting/monoscript/fileName/CinemachineImpulseManager.cs: c34be3577a810e26fd0110c580799b88 -> 
  custom:scripting/monoscript/fileName/CinemachineSmoothPath.cs: c28db2688f35d70587b5f943431a010a -> 
  custom:scripting/monoscript/fileName/CinemachineStateDrivenCamera.cs: aea2468a7384be4ba6d1b043ccec135d -> 
  custom:container-demuxer-ogg: 62fdf1f143b41e24485cea50d1cbac27 -> 
  custom:scripting/monoscript/fileName/CinemachineBlenderSettings.cs: 9adcb80668a56be4cd8e31c1d3dc60ae -> 
  custom:scripting/monoscript/fileName/SignalSourceAsset.cs: f7ffd463dece56bad278f5a8d3ed7fc6 -> 
  custom:scripting/monoscript/fileName/CinemachineCore.cs: fe6c3be993819098833de1628bfd76b2 -> 
  custom:scripting/monoscript/fileName/CinemachineImpulseChannelPropertyDrawer.cs: 4b6390a17916751618e2a45cb8d47a80 -> 
  custom:scripting/monoscript/fileName/SerializedPropertyHelper.cs: b04ac165255e34bc2935ca9bf180e209 -> 
  custom:scripting/monoscript/fileName/CinemachineFramingTransposer.cs: 7943c9d436748359882d8f978cf86c91 -> 
  custom:scripting/monoscript/fileName/AxisState.cs: 1a494a66d8b9a58f4a6873f89bf5b094 -> 
  custom:scripting/monoscript/fileName/CinemachineClearShot.cs: 1da15f5c7903497ce3ae982ee4ee4779 -> 
  custom:scripting/monoscript/fileName/CinemachinePOVEditor.cs: 71db5a9242a182995b4ca15db516f628 -> 
  custom:scripting/monoscript/fileName/CinemachineMixer.cs: 2e36eb9e732dd7c8a32e8f83daebd6f4 -> 
  custom:scripting/monoscript/fileName/CinemachineConfiner.cs: 3813336c17662a5cb6b59ce5f1954254 -> 
  custom:video-codec-MediaFoundation-h265: 746d11721c4dcdbdad8f713fa42b33f4 -> 
  custom:scripting/monoscript/fileName/CinemachineBrain.cs: 365b4e0b6319f064062e97b8f8e32c8e -> 
  custom:scripting/monoscript/fileName/CinemachineImpulseDefinitionPropertyDrawer.cs: 1b2fc77b0a80a7e0e9045e0d44fb761c -> 
  custom:scripting/monoscript/fileName/CinemachineColliderPrefs.cs: 47106451d4685409820905badf49b71f -> 
  custom:scripting/monoscript/fileName/CinemachineFollowZoom.cs: eb74e2e98d3dc4647324e113f34710ca -> 
  custom:scripting/monoscript/fileName/CinemachineDebug.cs: 3077ed3b64725184c652d4c07ac732fd -> 
  custom:scripting/monoscript/fileName/CinemachineLensPresets.cs: 014747fb0ab87178c677520d0bf20bf7 -> 
  custom:video-decoder-ogg-theora: a1e56fd34408186e4bbccfd4996cb3dc -> 
  custom:scripting/monoscript/fileName/CinemachineCameraOffset.cs: a6887f67d3eb83cc6393b822d4e65121 -> 
  custom:scripting/monoscript/fileName/ICinemachineCamera.cs: 2faad4f04eaf5d98c2870adbfb06184e -> 
  custom:scripting/monoscript/fileName/CinemachineShotPlayable.cs: e346ad1ecb4af45da55274cb9abd9ec0 -> 
  custom:scripting/monoscript/fileName/CinemachineTagFieldPropertyDrawer.cs: e78491a12decd558a49d01cc583bfcfb -> 
  custom:framework-win-MediaFoundation: 216162199b28c13a410421893ffa2e32 -> 
  custom:scripting/monoscript/fileName/CinemachineVolumeSettings.cs: 22782cc3dbf8dfd1cb54e8486f29fe0d -> 
  custom:scripting/monoscript/fileName/CinemachineImpulseSourceEditor.cs: 0ef7804c69c18838aa65e6d5bae5b055 -> 
  custom:scripting/monoscript/fileName/CinemachineExternalCameraEditor.cs: d74df442250b898c9b40669a19100e9d -> 
  custom:scripting/monoscript/fileName/CinemachineTargetGroupEditor.cs: f70ac85df8c1c9bd0b83a35534bafd1f -> 
  custom:scripting/monoscript/fileName/CinemachineRecomposer.cs: 07354cca81f7d0775b027b5906330569 -> 
  custom:scripting/monoscript/fileName/CinemachineTransposer.cs: aa226dd144b3a977b86ea888b85df5fa -> 
  custom:scripting/monoscript/fileName/TargetPositionCache.cs: 49ce97e6930a536b43825141e0c2d3a4 -> 
  custom:scripting/monoscript/fileName/CinemachineExternalCamera.cs: d76122377115c288d881064c3f07a3f1 -> 
  custom:scripting/monoscript/fileName/ReflectionHelpers.cs: 60a5d38af3e775d0a421a7ff630d61cc -> 
  custom:scripting/monoscript/fileName/CinemachineVirtualCamera.cs: f16f2dc5bc1261579875c19605c45301 -> 
  custom:scripting/monoscript/fileName/Predictor.cs: d51584936cb5b31b30ee7b444e03385b -> 
  custom:scripting/monoscript/fileName/CinemachineOrbitalTransposerEditor.cs: 5ea2e4bec7ee6c24917bd86647f4bffa -> 
  custom:scripting/monoscript/fileName/CinemachineConfiner2DEditor.cs: 3f4b3d9b17ff5cd560135aa24f822994 -> 
  custom:scripting/monoscript/fileName/GroupWeightManipulator.cs: 588749cf3436a8199e762a8e09bc8de7 -> 
  custom:scripting/monoscript/fileName/AxisStatePropertyDrawer.cs: 2d807695a513641e771c78e6c342ff04 -> 
  custom:scripting/monoscript/fileName/CinemachineScreenComposerGuides.cs: cdc7ea02ccc4c8d1561d98d16760d1ca -> 
  custom:scripting/monoscript/fileName/CinemachinePropertyAttribute.cs: e8158d9725ac3a9129a08e46a4ff7519 -> 
  custom:scripting/monoscript/fileName/CinemachineVirtualCameraEditor.cs: 2e051d0c474634e907fe4123d6e2656e -> 
  custom:scripting/monoscript/fileName/CinemachineSettings.cs: 197f6d5ad32e253546b5afa056a5bba4 -> 
  custom:scripting/monoscript/fileName/CinemachineNoiseSettingsEditor.cs: 9056e69d9c759ba2504535054fff31c9 -> 
  custom:scripting/monoscript/fileName/CinemachineTriggerAction.cs: cab9c5d02c28af05797c2c3743539bdb -> 
  custom:scripting/monoscript/fileName/InspectorUtility.cs: d2444697ecf5f370ee1ff9969e9d66f8 -> 1cf92e4af45cb9e9886ec49564b001a9
  custom:CustomObjectIndexerAttribute: 9a22284fe3817be447336de3de66b15e -> 
  custom:scripting/monoscript/fileName/CinemachineBlenderSettingsEditor.cs: c57aa7de12bc3e7367ca091f4902c67b -> 
  custom:scripting/precompiled-assembly-types:Cinemachine: 54c8b091bb91c32bfeada952c9c53e21 -> 
  custom:scripting/monoscript/fileName/CinemachineImpulseDefinition.cs: 3d434086a2bdaf715abf85e79e9f14b4 -> 
  custom:scripting/precompiled-assembly-types:com.unity.cinemachine.editor: e24bde9f61664824443e2ae04112f2bb -> 
  custom:scripting/monoscript/fileName/Cinemachine3rdPersonFollowEditor.cs: f79aa162534f81c680877e6274b5d6ec -> 
  custom:scripting/monoscript/fileName/EmbeddedAssetPropertyDrawer.cs: fd7ebc18093de04c88d0cfc86fb060f5 -> 
  custom:container-demuxer-webm: 4f35f7cbe854078d1ac9338744f61a02 -> 
  custom:scripting/monoscript/fileName/ConfinerOven.cs: ff23c03e90b61beb34474fc6e4ff668c -> 
  custom:scripting/monoscript/fileName/WaveformWindow.cs: 01bbc4fc017d41a2bab7fb57c988e8da -> 
  custom:scripting/monoscript/fileName/CinemachinePipeline.cs: 6ca7a5979a0a73ea1d450a8fc9b437ef -> 
  custom:scripting/monoscript/fileName/VcamStageEditor.cs: 84b0eaf932b448975a99972628e556d8 -> 
  custom:scripting/monoscript/fileName/CinemachineFramingTransposerEditor.cs: 1653e1c00b2ca68b1d40f01e5bfb8445 -> 
  custom:scripting/monoscript/fileName/CinemachineStateDrivenCameraEditor.cs: 77d9f0a97385f936d9b4ffaa686bce39 -> 
  custom:scripting/monoscript/fileName/OrbitalTransposerHeadingPropertyDrawer.cs: 22496b76ce84f35f630c90badc4babd8 -> 
  custom:scripting/monoscript/fileName/CinemachinePathEditor.cs: ce10985fbf0e018e2dea63fedae131ba -> 
  custom:scripting/monoscript/fileName/CinemachineCollider.cs: 8fa92f525b1c31cd81812685d7f8c288 -> 
  custom:scripting/monoscript/fileName/CinemachineCollisionImpulseSourceEditor.cs: 29f9a522ec6b23375849ba08fd597c8d -> 
  custom:scripting/monoscript/fileName/CinemachineInputProvider.cs: ecb845de690695f08b3b3bb647cc7006 -> 
  custom:scripting/monoscript/fileName/CinemachineColliderEditor.cs: 859d1abbd669ee84cb713f6d4d0e1c5f -> 
  custom:scripting/monoscript/fileName/CinemachineExtension.cs: 6968db4afcdc301f6acb1ef4fbadb2f4 -> 
  custom:scripting/monoscript/fileName/CinemachineTargetGroup.cs: 10a09aa736b3a25da6dd9fc3c4dd9d36 -> 
  custom:scripting/monoscript/fileName/EmbeddedAssetHelpers.cs: 90647cc400823b41df847a6cbfc29026 -> 
  custom:scripting/monoscript/fileName/CinemachineBlendListCamera.cs: 66104ac24fef171d9f5d5b93a8cb2f83 -> 
  custom:scripting/monoscript/fileName/CinemachineComponentBase.cs: 5293f153c13e9bd2fc262ec31ff69206 -> 
  custom:scripting/monoscript/fileName/BaseEditor.cs: 90647cc400823b41df847a6cbfc29026 -> 
  custom:container-muxer-webm: aa71ff27fc2769a1b78a27578f13a17b -> 
  custom:video-decoder-webm-vp8: 9c59270c3fd7afecdb556c50c9e8de78 -> 
  custom:scripting/monoscript/fileName/CinemachineHardLookAt.cs: 792580aec23d39bcecd7ceea4c27a0ce -> 
  custom:scripting/monoscript/fileName/CinemachineInputAxisDriver.cs: 7e424e54660fed310c58dc98ea41042e -> 
  custom:scripting/monoscript/fileName/CinemachineStoryboardEditor.cs: 2e7ec8bfb72013eaaff4873a27da019c -> 
  custom:scripting/monoscript/fileName/CinemachineBasicMultiChannelPerlin.cs: bd5416e75860cd63657371207eb79058 -> 
  custom:SearchIndexIgnoredProperties: e643bd26f0fe6173181afceb89e7c659 -> 
  custom:AudioImporter_EditorPlatform: d09bf68614088b80899f8185d706f6e7 -> 
  custom:scripting/monoscript/fileName/CinemachineMixingCamera.cs: 739c5ceb76c01023f431794ec46a0177 -> 
  custom:scripting/monoscript/fileName/CinemachinePath.cs: b443d3c8837a65ddc3c78741cd58ec71 -> 
  custom:scripting/monoscript/fileName/CinemachineImpulseListenerEditor.cs: d5d28e418f87c111bce1c1b98f1f70ba -> 
  custom:scripting/monoscript/fileName/Avoider.cs: ae32a89b624ae2a4ae1c49a2b33fb966 -> 
  custom:scripting/monoscript/fileName/CinemachineDollyCart.cs: bbe9d07f4a2f7ee5ab002e66cb05f922 -> 
  custom:scripting/monoscript/fileName/CinemachineStoryboard.cs: 59a2099f76be9b47af1e12ed7d40f553 -> 
  custom:scripting/monoscript/fileName/CinemachinePixelPerfect.cs: 2f42bea4517739481ed2553d1616050e -> 
  custom:scripting/monoscript/fileName/CinemachineTrackedDolly.cs: f6a9c21b27ad86d45f62f6b444ccbb49 -> 
  custom:scripting/monoscript/fileName/CinemachineHardLookAtEditor.cs: 15b8f2af6a6d786898ce5dd6b0db26dc -> 
  custom:scripting/monoscript/fileName/CinemachineComposer.cs: e399dfd36807c341da7cd182ce299d1e -> 
  custom:scripting/monoscript/fileName/CinemachineTrack.cs: 4b50d47d507c57dc81b82253ec075194 -> 
  custom:scripting/monoscript/fileName/CinemachineSmoothPathEditor.cs: 7555bcba4eb760e012dd21c6730ae562 -> 
  custom:scripting/monoscript/fileName/ScriptableObjectUtility.cs: c529d074f6f57a07e3f410d488963bbc -> 
  custom:scripting/monoscript/fileName/CinemachineOrbitalTransposer.cs: 71c52878ba6d43827473a480056a99da -> 
  custom:scripting/monoscript/fileName/CinemachinePathBase.cs: debb99764287c54cae06313e2d6a1fe1 -> 
  custom:scripting/monoscript/fileName/CinemachineImpulseSource.cs: ac073b8453e26c5dd422d5f1a90a7ff2 -> 
  custom:scripting/monoscript/fileName/CinemachineImpulseEnvelopePropertyDrawer.cs: 07e00c9c84964a5c7e4f3f19e4263ec1 -> 
  custom:scripting/monoscript/fileName/SplineHelpers.cs: 9e5bf4293b3828088291b7871e233a27 -> 
  custom:scripting/monoscript/fileName/CinemachineSameAsFollowTargetEditor.cs: 6def40fc1e39b3242347b6630fb5127e -> 
  custom:scripting/monoscript/fileName/CinemachineBlendListCameraEditor.cs: dbc12d2a9f3e2999a067290c411b2aca -> 
  custom:scripting/monoscript/fileName/CinemachineShot.cs: 3d4d9d05534db20e82d871d98ea52716 -> 
  custom:scripting/monoscript/fileName/UnityVectorExtensions.cs: 052777772edecdffe26d41a6a989641e -> 
  custom:scripting/monoscript/fileName/CinemachineBasicMultiChannelPerlinEditor.cs: d6749cd6c482efa27bdd41f60394f1b9 -> 
  custom:scripting/monoscript/fileName/CinemachineImpulseChannels.cs: a9a39cc5ecea1f083db0fce154eec19c -> 
  custom:scripting/monoscript/fileName/CinemachineHardLockToTarget.cs: d349308c5b4f600a345055c394206f52 -> 
  custom:scripting/monoscript/fileName/CinemachineConfiner2D.cs: beb10be0db8ff9d3a94bd0a150963b9b -> 
  custom:scripting/monoscript/fileName/LensSettings.cs: 4335e899502c57ee4480b8c9aa915366 -> 
  custom:scripting/monoscript/fileName/Cinemachine3rdPersonAim.cs: 4bd230d915f070bb3cae23bef6f7ab70 -> 
  custom:scripting/monoscript/fileName/CinemachineImpulseListener.cs: 6aac146243d38e7a67346170caa40ea1 -> 
  custom:video-encoder-webm-vp8: eb34c28f22e8b96e1ab97ce403110664 -> 
  custom:scripting/monoscript/fileName/CinemachineMenu.cs: 7b932811d9fa1e44d0d8b2b9ed75adf3 -> 
  custom:scripting/monoscript/fileName/RuntimeUtility.cs: 8c92a9f673836e5d2084dbeb0f10159f -> 
  custom:scripting/monoscript/fileName/CinemachineFreeLook.cs: bebc32b18bc4beddc113bad68624e557 -> 
  custom:audio-decoder-ogg-vorbis: bf7c407c2cedff20999df2af8eb42d56 -> 
  custom:scripting/monoscript/fileName/CinemachineGroupComposer.cs: 173a689a80ef321c302f9c045419668f -> 
  custom:scripting/monoscript/fileName/CinemachineVirtualCameraBase.cs: c7e60cccdcb14ee2a33da9fd46c1c54f -> 
  custom:scripting/monoscript/fileName/CinemachineFixedSignal.cs: aedcdca7a861da6e456e0ae105b24c41 -> 
  custom:scripting/monoscript/fileName/CinemachineShotClipEditor.cs: 123a48531bf1d1b4f3c8398556caec62 -> 
  custom:scripting/monoscript/fileName/CinemachineTouchInputMapper.cs: b9698729a07a7d31c864247e0582b566 -> 
  custom:scripting/monoscript/fileName/CinemachinePOV.cs: e4df06d1994174afa286b103eb06ee7f -> 
  custom:scripting/monoscript/fileName/CinemachineBlend.cs: f33659d50c4d86144d649aa7e8196529 -> 
  custom:scripting/monoscript/fileName/CinemachineFreeLookEditor.cs: 9641291977c1891a004ac4c4c259e1c8 -> 
  custom:scripting/monoscript/fileName/CinemachineTransposerEditor.cs: 85841a774ddea4fb7232a7a585f716b4 -> 
  custom:scripting/monoscript/fileName/clipper.cs: 2a50e35a835148907b3c1fa8e187ab2b -> 
  custom:scripting/monoscript/fileName/NoiseSettings.cs: 443d576e0c72ab62870476103c9384ec -> 
  custom:scripting/monoscript/fileName/GaussianFilter.cs: 0a3672ebe80edf7c5daca82445c15683 -> 
  custom:scripting/monoscript/fileName/CinemachineSceneTools.cs: d63880a6073ab3335301b115db235b5b -> 
  custom:scripting/monoscript/fileName/CinemachineTriggerActionEditor.cs: 2309a2ec6192ace4cae8bab5a535978e -> 
  custom:scripting/monoscript/fileName/VcamTargetPropertyDrawer.cs: 9208050b1312b118a226fef2d63e8fa1 -> 
  custom:scripting/monoscript/fileName/CinemachineCollisionImpulseSource.cs: 9aae5e368cb7786be199f98f2122f96d -> 
  custom:scripting/monoscript/fileName/CinemachineClearShotEditor.cs: ca8875b47e775cd361c78158d7923690 -> 
  custom:scripting/monoscript/fileName/CinemachineEditorAnalytics.cs: de76cc292d7ecedcf47af6616498c9f9 -> 
  custom:scripting/monoscript/fileName/NoiseSettingsPropertyDrawer.cs: 8d3f69ba7eeec63914970bd3136b6ace -> 
  custom:scripting/monoscript/fileName/CinemachineBrainEditor.cs: 49621d8b7679c0b5d128fef53d55becd -> 
  custom:scripting/monoscript/fileName/CinemachineShotEditor.cs: 2ba28b209a4ad7f0a791994d2360a9af -> 
  custom:scripting/monoscript/fileName/PlayerMovement.cs: 42480eed24e61f9d7e7e895933644f96 -> 
  custom:scripting/monoscript/fileName/CinemachineHardLockToTargetEditor.cs: c65eaafd47115974a2a9379aae467b0e -> 
  custom:audio-encoder-webm-vorbis: bf7c407c2cedff20999df2af8eb42d56 -> 
  custom:scripting/monoscript/fileName/CameraState.cs: 6ae7088fa20820e052d1e4d86059e90b -> 
  custom:scripting/monoscript/fileName/CinemachineToolbarOverlay.cs: 371b6fc494252d6fda34e207e170cb66 -> 
  custom:scripting/monoscript/fileName/CinemachineIndependentImpulseListener.cs: 91ae8748b9c36955c333e57505ff90fb -> 
  custom:scripting/monoscript/fileName/CinemachineMixingCameraEditor.cs: 1c122a21d710512fec62cdc7bd351681 -> 
  custom:scripting/monoscript/fileName/CinemachinePostProcessing.cs: bf9b100a1b61fd5383288bc96487c194 -> 
  custom:scripting/monoscript/fileName/CinemachineSameAsFollowTarget.cs: bcfa2d394e1e5460b4ef3dc039214a16 -> 
  custom:scripting/monoscript/fileName/CinemachineVirtualCameraBaseEditor.cs: 13ee4931cd85df4b22852d0547b5e690 -> 
  custom:scripting/monoscript/fileName/UpdateTracker.cs: 3dac8a24a32a32e4bbfeb38ed26ef250 -> 
  custom:scripting/monoscript/fileName/CinemachineComposerEditor.cs: dda533b9c6cb2b366292f584704bd904 -> 
  custom:scripting/monoscript/fileName/Cinemachine3rdPersonFollow.cs: 4600bac2bdf6b37d80e86f9aa5a413c3 -> 
  custom:scripting/precompiled-assembly-types:Assembly-CSharp: e66928de38364bb08ef9436b3612de99 -> 
  custom:scripting/monoscript/fileName/SaveDuringPlay.cs: de39f1962b337699845d3d8a2e8f5bde -> 
========================================================================
Received Prepare
Caller must complete domain reload
Begin MonoManager ReloadAssembly
- Loaded All Assemblies, in  0.247 seconds
Native extension for WindowsStandalone target not found
Mono: successfully reloaded assembly
- Finished resetting the current domain, in  0.548 seconds
Domain Reload Profiling: 794ms
	BeginReloadAssembly (85ms)
		ExecutionOrderSort (0ms)
		DisableScriptedObjects (3ms)
		BackupInstance (0ms)
		ReleaseScriptingObjects (0ms)
		CreateAndSetChildDomain (15ms)
	RebuildCommonClasses (18ms)
	RebuildNativeTypeToScriptingClass (6ms)
	initialDomainReloadingComplete (15ms)
	LoadAllAssembliesAndSetupDomain (122ms)
		LoadAssemblies (153ms)
		RebuildTransferFunctionScriptingTraits (0ms)
		AnalyzeDomain (15ms)
			TypeCache.Refresh (7ms)
				TypeCache.ScanAssembly (0ms)
			ScanForSourceGeneratedMonoScriptInfo (4ms)
			ResolveRequiredComponents (3ms)
	FinalizeReload (548ms)
		ReleaseScriptCaches (0ms)
		RebuildScriptCaches (0ms)
		SetupLoadedEditorAssemblies (220ms)
			LogAssemblyErrors (0ms)
			InitializePlatformSupportModulesInManaged (3ms)
			SetLoadedEditorAssemblies (2ms)
			RefreshPlugins (0ms)
			BeforeProcessingInitializeOnLoad (31ms)
			ProcessInitializeOnLoadAttributes (171ms)
			ProcessInitializeOnLoadMethodAttributes (11ms)
			AfterProcessingInitializeOnLoad (2ms)
			EditorAssembliesLoaded (0ms)
		ExecutionOrderSort2 (0ms)
		AwakeInstancesAfterBackupRestoration (4ms)
Refreshing native plugins compatible for Editor in 2.47 ms, found 3 plugins.
Preloading 0 native plugins for Editor in 0.00 ms.
Unloading 3391 Unused Serialized files (Serialized files now loaded: 0)
Unloading 16 unused Assets / (124.6 KB). Loaded Objects now: 4194.
Memory consumption went from 130.4 MB to 130.3 MB.
Total: 1.882900 ms (FindLiveObjects: 0.157400 ms CreateObjectMapping: 0.047300 ms MarkObjects: 1.615800 ms  DeleteObjects: 0.061400 ms)

Prepare: number of updated asset objects reloaded= 0
AssetImportParameters requested are different than current active one (requested -> active):
  custom:scripting/monoscript/fileName/CinemachineGroupComposerEditor.cs: 54a07f36704e77a685a5e7e8c8b2c216 -> 
  custom:scripting/monoscript/fileName/CinemachineConfinerEditor.cs: cc6c898a3390647ab91613c8a96de4b4 -> 
  custom:scripting/monoscript/fileName/CinemachineBlendDefinitionPropertyDrawer.cs: 7ae344d19d646b738f3c65294becf216 -> 
  custom:scripting/monoscript/fileName/CinemachineTrackedDollyEditor.cs: b4d6784c58752cea58aafd9a76ca4459 -> 
  custom:scripting/monoscript/fileName/CinemachineImpulseManager.cs: c34be3577a810e26fd0110c580799b88 -> 
  custom:scripting/monoscript/fileName/CinemachineSmoothPath.cs: c28db2688f35d70587b5f943431a010a -> 
  custom:scripting/monoscript/fileName/CinemachineStateDrivenCamera.cs: aea2468a7384be4ba6d1b043ccec135d -> 
  custom:container-demuxer-ogg: 62fdf1f143b41e24485cea50d1cbac27 -> 
  custom:scripting/monoscript/fileName/CinemachineBlenderSettings.cs: 9adcb80668a56be4cd8e31c1d3dc60ae -> 
  custom:scripting/monoscript/fileName/SignalSourceAsset.cs: f7ffd463dece56bad278f5a8d3ed7fc6 -> 
  custom:scripting/monoscript/fileName/CinemachineCore.cs: fe6c3be993819098833de1628bfd76b2 -> 
  custom:scripting/monoscript/fileName/CinemachineImpulseChannelPropertyDrawer.cs: 4b6390a17916751618e2a45cb8d47a80 -> 
  custom:scripting/monoscript/fileName/SerializedPropertyHelper.cs: b04ac165255e34bc2935ca9bf180e209 -> 
  custom:scripting/monoscript/fileName/CinemachineFramingTransposer.cs: 7943c9d436748359882d8f978cf86c91 -> 
  custom:scripting/monoscript/fileName/AxisState.cs: 1a494a66d8b9a58f4a6873f89bf5b094 -> 
  custom:scripting/monoscript/fileName/CinemachineClearShot.cs: 1da15f5c7903497ce3ae982ee4ee4779 -> 
  custom:scripting/monoscript/fileName/CinemachinePOVEditor.cs: 71db5a9242a182995b4ca15db516f628 -> 
  custom:scripting/monoscript/fileName/CinemachineMixer.cs: 2e36eb9e732dd7c8a32e8f83daebd6f4 -> 
  custom:scripting/monoscript/fileName/CinemachineConfiner.cs: 3813336c17662a5cb6b59ce5f1954254 -> 
  custom:video-codec-MediaFoundation-h265: 746d11721c4dcdbdad8f713fa42b33f4 -> 
  custom:scripting/monoscript/fileName/CinemachineBrain.cs: 365b4e0b6319f064062e97b8f8e32c8e -> 
  custom:scripting/monoscript/fileName/CinemachineImpulseDefinitionPropertyDrawer.cs: 1b2fc77b0a80a7e0e9045e0d44fb761c -> 
  custom:scripting/monoscript/fileName/CinemachineColliderPrefs.cs: 47106451d4685409820905badf49b71f -> 
  custom:scripting/monoscript/fileName/CinemachineFollowZoom.cs: eb74e2e98d3dc4647324e113f34710ca -> 
  custom:scripting/monoscript/fileName/CinemachineDebug.cs: 3077ed3b64725184c652d4c07ac732fd -> 
  custom:scripting/monoscript/fileName/CinemachineLensPresets.cs: 014747fb0ab87178c677520d0bf20bf7 -> 
  custom:video-decoder-ogg-theora: a1e56fd34408186e4bbccfd4996cb3dc -> 
  custom:scripting/monoscript/fileName/CinemachineCameraOffset.cs: a6887f67d3eb83cc6393b822d4e65121 -> 
  custom:scripting/monoscript/fileName/ICinemachineCamera.cs: 2faad4f04eaf5d98c2870adbfb06184e -> 
  custom:scripting/monoscript/fileName/CinemachineShotPlayable.cs: e346ad1ecb4af45da55274cb9abd9ec0 -> 
  custom:scripting/monoscript/fileName/CinemachineTagFieldPropertyDrawer.cs: e78491a12decd558a49d01cc583bfcfb -> 
  custom:framework-win-MediaFoundation: 216162199b28c13a410421893ffa2e32 -> 
  custom:scripting/monoscript/fileName/CinemachineVolumeSettings.cs: 22782cc3dbf8dfd1cb54e8486f29fe0d -> 
  custom:scripting/monoscript/fileName/CinemachineImpulseSourceEditor.cs: 0ef7804c69c18838aa65e6d5bae5b055 -> 
  custom:scripting/monoscript/fileName/CinemachineExternalCameraEditor.cs: d74df442250b898c9b40669a19100e9d -> 
  custom:scripting/monoscript/fileName/CinemachineTargetGroupEditor.cs: f70ac85df8c1c9bd0b83a35534bafd1f -> 
  custom:scripting/monoscript/fileName/CinemachineRecomposer.cs: 07354cca81f7d0775b027b5906330569 -> 
  custom:scripting/monoscript/fileName/CinemachineTransposer.cs: aa226dd144b3a977b86ea888b85df5fa -> 
  custom:scripting/monoscript/fileName/TargetPositionCache.cs: 49ce97e6930a536b43825141e0c2d3a4 -> 
  custom:scripting/monoscript/fileName/CinemachineExternalCamera.cs: d76122377115c288d881064c3f07a3f1 -> 
  custom:scripting/monoscript/fileName/ReflectionHelpers.cs: 60a5d38af3e775d0a421a7ff630d61cc -> 
  custom:scripting/monoscript/fileName/CinemachineVirtualCamera.cs: f16f2dc5bc1261579875c19605c45301 -> 
  custom:scripting/monoscript/fileName/Predictor.cs: d51584936cb5b31b30ee7b444e03385b -> 
  custom:scripting/monoscript/fileName/CinemachineOrbitalTransposerEditor.cs: 5ea2e4bec7ee6c24917bd86647f4bffa -> 
  custom:scripting/monoscript/fileName/CinemachineConfiner2DEditor.cs: 3f4b3d9b17ff5cd560135aa24f822994 -> 
  custom:scripting/monoscript/fileName/GroupWeightManipulator.cs: 588749cf3436a8199e762a8e09bc8de7 -> 
  custom:scripting/monoscript/fileName/AxisStatePropertyDrawer.cs: 2d807695a513641e771c78e6c342ff04 -> 
  custom:scripting/monoscript/fileName/CinemachineScreenComposerGuides.cs: cdc7ea02ccc4c8d1561d98d16760d1ca -> 
  custom:scripting/monoscript/fileName/CinemachinePropertyAttribute.cs: e8158d9725ac3a9129a08e46a4ff7519 -> 
  custom:scripting/monoscript/fileName/CinemachineVirtualCameraEditor.cs: 2e051d0c474634e907fe4123d6e2656e -> 
  custom:scripting/monoscript/fileName/CinemachineSettings.cs: 197f6d5ad32e253546b5afa056a5bba4 -> 
  custom:scripting/monoscript/fileName/CinemachineNoiseSettingsEditor.cs: 9056e69d9c759ba2504535054fff31c9 -> 
  custom:scripting/monoscript/fileName/CinemachineTriggerAction.cs: cab9c5d02c28af05797c2c3743539bdb -> 
  custom:scripting/monoscript/fileName/InspectorUtility.cs: d2444697ecf5f370ee1ff9969e9d66f8 -> 1cf92e4af45cb9e9886ec49564b001a9
  custom:CustomObjectIndexerAttribute: 9a22284fe3817be447336de3de66b15e -> 
  custom:scripting/monoscript/fileName/CinemachineBlenderSettingsEditor.cs: c57aa7de12bc3e7367ca091f4902c67b -> 
  custom:scripting/precompiled-assembly-types:Cinemachine: 54c8b091bb91c32bfeada952c9c53e21 -> 
  custom:scripting/monoscript/fileName/CinemachineImpulseDefinition.cs: 3d434086a2bdaf715abf85e79e9f14b4 -> 
  custom:scripting/precompiled-assembly-types:com.unity.cinemachine.editor: e24bde9f61664824443e2ae04112f2bb -> 
  custom:scripting/monoscript/fileName/Cinemachine3rdPersonFollowEditor.cs: f79aa162534f81c680877e6274b5d6ec -> 
  custom:scripting/monoscript/fileName/EmbeddedAssetPropertyDrawer.cs: fd7ebc18093de04c88d0cfc86fb060f5 -> 
  custom:container-demuxer-webm: 4f35f7cbe854078d1ac9338744f61a02 -> 
  custom:scripting/monoscript/fileName/ConfinerOven.cs: ff23c03e90b61beb34474fc6e4ff668c -> 
  custom:scripting/monoscript/fileName/WaveformWindow.cs: 01bbc4fc017d41a2bab7fb57c988e8da -> 
  custom:scripting/monoscript/fileName/CinemachinePipeline.cs: 6ca7a5979a0a73ea1d450a8fc9b437ef -> 
  custom:scripting/monoscript/fileName/VcamStageEditor.cs: 84b0eaf932b448975a99972628e556d8 -> 
  custom:scripting/monoscript/fileName/CinemachineFramingTransposerEditor.cs: 1653e1c00b2ca68b1d40f01e5bfb8445 -> 
  custom:scripting/monoscript/fileName/CinemachineStateDrivenCameraEditor.cs: 77d9f0a97385f936d9b4ffaa686bce39 -> 
  custom:scripting/monoscript/fileName/OrbitalTransposerHeadingPropertyDrawer.cs: 22496b76ce84f35f630c90badc4babd8 -> 
  custom:scripting/monoscript/fileName/CinemachinePathEditor.cs: ce10985fbf0e018e2dea63fedae131ba -> 
  custom:scripting/monoscript/fileName/CinemachineCollider.cs: 8fa92f525b1c31cd81812685d7f8c288 -> 
  custom:scripting/monoscript/fileName/CinemachineCollisionImpulseSourceEditor.cs: 29f9a522ec6b23375849ba08fd597c8d -> 
  custom:scripting/monoscript/fileName/CinemachineInputProvider.cs: ecb845de690695f08b3b3bb647cc7006 -> 
  custom:scripting/monoscript/fileName/CinemachineColliderEditor.cs: 859d1abbd669ee84cb713f6d4d0e1c5f -> 
  custom:scripting/monoscript/fileName/CinemachineExtension.cs: 6968db4afcdc301f6acb1ef4fbadb2f4 -> 
  custom:scripting/monoscript/fileName/CinemachineTargetGroup.cs: 10a09aa736b3a25da6dd9fc3c4dd9d36 -> 
  custom:scripting/monoscript/fileName/EmbeddedAssetHelpers.cs: 90647cc400823b41df847a6cbfc29026 -> 
  custom:scripting/monoscript/fileName/CinemachineBlendListCamera.cs: 66104ac24fef171d9f5d5b93a8cb2f83 -> 
  custom:scripting/monoscript/fileName/CinemachineComponentBase.cs: 5293f153c13e9bd2fc262ec31ff69206 -> 
  custom:scripting/monoscript/fileName/BaseEditor.cs: 90647cc400823b41df847a6cbfc29026 -> 
  custom:container-muxer-webm: aa71ff27fc2769a1b78a27578f13a17b -> 
  custom:video-decoder-webm-vp8: 9c59270c3fd7afecdb556c50c9e8de78 -> 
  custom:scripting/monoscript/fileName/CinemachineHardLookAt.cs: 792580aec23d39bcecd7ceea4c27a0ce -> 
  custom:scripting/monoscript/fileName/CinemachineInputAxisDriver.cs: 7e424e54660fed310c58dc98ea41042e -> 
  custom:scripting/monoscript/fileName/CinemachineStoryboardEditor.cs: 2e7ec8bfb72013eaaff4873a27da019c -> 
  custom:scripting/monoscript/fileName/CinemachineBasicMultiChannelPerlin.cs: bd5416e75860cd63657371207eb79058 -> 
  custom:SearchIndexIgnoredProperties: e643bd26f0fe6173181afceb89e7c659 -> 
  custom:AudioImporter_EditorPlatform: d09bf68614088b80899f8185d706f6e7 -> 
  custom:scripting/monoscript/fileName/CinemachineMixingCamera.cs: 739c5ceb76c01023f431794ec46a0177 -> 
  custom:scripting/monoscript/fileName/CinemachinePath.cs: b443d3c8837a65ddc3c78741cd58ec71 -> 
  custom:scripting/monoscript/fileName/CinemachineImpulseListenerEditor.cs: d5d28e418f87c111bce1c1b98f1f70ba -> 
  custom:scripting/monoscript/fileName/Avoider.cs: ae32a89b624ae2a4ae1c49a2b33fb966 -> 
  custom:scripting/monoscript/fileName/CinemachineDollyCart.cs: bbe9d07f4a2f7ee5ab002e66cb05f922 -> 
  custom:scripting/monoscript/fileName/CinemachineStoryboard.cs: 59a2099f76be9b47af1e12ed7d40f553 -> 
  custom:scripting/monoscript/fileName/CinemachinePixelPerfect.cs: 2f42bea4517739481ed2553d1616050e -> 
  custom:scripting/monoscript/fileName/CinemachineTrackedDolly.cs: f6a9c21b27ad86d45f62f6b444ccbb49 -> 
  custom:scripting/monoscript/fileName/CinemachineHardLookAtEditor.cs: 15b8f2af6a6d786898ce5dd6b0db26dc -> 
  custom:scripting/monoscript/fileName/CinemachineComposer.cs: e399dfd36807c341da7cd182ce299d1e -> 
  custom:scripting/monoscript/fileName/CinemachineTrack.cs: 4b50d47d507c57dc81b82253ec075194 -> 
  custom:scripting/monoscript/fileName/CinemachineSmoothPathEditor.cs: 7555bcba4eb760e012dd21c6730ae562 -> 
  custom:scripting/monoscript/fileName/ScriptableObjectUtility.cs: c529d074f6f57a07e3f410d488963bbc -> 
  custom:scripting/monoscript/fileName/CinemachineOrbitalTransposer.cs: 71c52878ba6d43827473a480056a99da -> 
  custom:scripting/monoscript/fileName/CinemachinePathBase.cs: debb99764287c54cae06313e2d6a1fe1 -> 
  custom:scripting/monoscript/fileName/CinemachineImpulseSource.cs: ac073b8453e26c5dd422d5f1a90a7ff2 -> 
  custom:scripting/monoscript/fileName/CinemachineImpulseEnvelopePropertyDrawer.cs: 07e00c9c84964a5c7e4f3f19e4263ec1 -> 
  custom:scripting/monoscript/fileName/SplineHelpers.cs: 9e5bf4293b3828088291b7871e233a27 -> 
  custom:scripting/monoscript/fileName/CinemachineSameAsFollowTargetEditor.cs: 6def40fc1e39b3242347b6630fb5127e -> 
  custom:scripting/monoscript/fileName/CinemachineBlendListCameraEditor.cs: dbc12d2a9f3e2999a067290c411b2aca -> 
  custom:scripting/monoscript/fileName/CinemachineShot.cs: 3d4d9d05534db20e82d871d98ea52716 -> 
  custom:scripting/monoscript/fileName/UnityVectorExtensions.cs: 052777772edecdffe26d41a6a989641e -> 
  custom:scripting/monoscript/fileName/CinemachineBasicMultiChannelPerlinEditor.cs: d6749cd6c482efa27bdd41f60394f1b9 -> 
  custom:scripting/monoscript/fileName/CinemachineImpulseChannels.cs: a9a39cc5ecea1f083db0fce154eec19c -> 
  custom:scripting/monoscript/fileName/CinemachineHardLockToTarget.cs: d349308c5b4f600a345055c394206f52 -> 
  custom:scripting/monoscript/fileName/CinemachineConfiner2D.cs: beb10be0db8ff9d3a94bd0a150963b9b -> 
  custom:scripting/monoscript/fileName/LensSettings.cs: 4335e899502c57ee4480b8c9aa915366 -> 
  custom:scripting/monoscript/fileName/Cinemachine3rdPersonAim.cs: 4bd230d915f070bb3cae23bef6f7ab70 -> 
  custom:scripting/monoscript/fileName/CinemachineImpulseListener.cs: 6aac146243d38e7a67346170caa40ea1 -> 
  custom:video-encoder-webm-vp8: eb34c28f22e8b96e1ab97ce403110664 -> 
  custom:scripting/monoscript/fileName/CinemachineMenu.cs: 7b932811d9fa1e44d0d8b2b9ed75adf3 -> 
  custom:scripting/monoscript/fileName/RuntimeUtility.cs: 8c92a9f673836e5d2084dbeb0f10159f -> 
  custom:scripting/monoscript/fileName/CinemachineFreeLook.cs: bebc32b18bc4beddc113bad68624e557 -> 
  custom:audio-decoder-ogg-vorbis: bf7c407c2cedff20999df2af8eb42d56 -> 
  custom:scripting/monoscript/fileName/CinemachineGroupComposer.cs: 173a689a80ef321c302f9c045419668f -> 
  custom:scripting/monoscript/fileName/CinemachineVirtualCameraBase.cs: c7e60cccdcb14ee2a33da9fd46c1c54f -> 
  custom:scripting/monoscript/fileName/CinemachineFixedSignal.cs: aedcdca7a861da6e456e0ae105b24c41 -> 
  custom:scripting/monoscript/fileName/CinemachineShotClipEditor.cs: 123a48531bf1d1b4f3c8398556caec62 -> 
  custom:scripting/monoscript/fileName/CinemachineTouchInputMapper.cs: b9698729a07a7d31c864247e0582b566 -> 
  custom:scripting/monoscript/fileName/CinemachinePOV.cs: e4df06d1994174afa286b103eb06ee7f -> 
  custom:scripting/monoscript/fileName/CinemachineBlend.cs: f33659d50c4d86144d649aa7e8196529 -> 
  custom:scripting/monoscript/fileName/CinemachineFreeLookEditor.cs: 9641291977c1891a004ac4c4c259e1c8 -> 
  custom:scripting/monoscript/fileName/CinemachineTransposerEditor.cs: 85841a774ddea4fb7232a7a585f716b4 -> 
  custom:scripting/monoscript/fileName/clipper.cs: 2a50e35a835148907b3c1fa8e187ab2b -> 
  custom:scripting/monoscript/fileName/NoiseSettings.cs: 443d576e0c72ab62870476103c9384ec -> 
  custom:scripting/monoscript/fileName/GaussianFilter.cs: 0a3672ebe80edf7c5daca82445c15683 -> 
  custom:scripting/monoscript/fileName/CinemachineSceneTools.cs: d63880a6073ab3335301b115db235b5b -> 
  custom:scripting/monoscript/fileName/CinemachineTriggerActionEditor.cs: 2309a2ec6192ace4cae8bab5a535978e -> 
  custom:scripting/monoscript/fileName/VcamTargetPropertyDrawer.cs: 9208050b1312b118a226fef2d63e8fa1 -> 
  custom:scripting/monoscript/fileName/CinemachineCollisionImpulseSource.cs: 9aae5e368cb7786be199f98f2122f96d -> 
  custom:scripting/monoscript/fileName/CinemachineClearShotEditor.cs: ca8875b47e775cd361c78158d7923690 -> 
  custom:scripting/monoscript/fileName/CinemachineEditorAnalytics.cs: de76cc292d7ecedcf47af6616498c9f9 -> 
  custom:scripting/monoscript/fileName/NoiseSettingsPropertyDrawer.cs: 8d3f69ba7eeec63914970bd3136b6ace -> 
  custom:scripting/monoscript/fileName/CinemachineBrainEditor.cs: 49621d8b7679c0b5d128fef53d55becd -> 
  custom:scripting/monoscript/fileName/CinemachineShotEditor.cs: 2ba28b209a4ad7f0a791994d2360a9af -> 
  custom:scripting/monoscript/fileName/PlayerMovement.cs: 42480eed24e61f9d7e7e895933644f96 -> 
  custom:scripting/monoscript/fileName/CinemachineHardLockToTargetEditor.cs: c65eaafd47115974a2a9379aae467b0e -> 
  custom:audio-encoder-webm-vorbis: bf7c407c2cedff20999df2af8eb42d56 -> 
  custom:scripting/monoscript/fileName/CameraState.cs: 6ae7088fa20820e052d1e4d86059e90b -> 
  custom:scripting/monoscript/fileName/CinemachineToolbarOverlay.cs: 371b6fc494252d6fda34e207e170cb66 -> 
  custom:scripting/monoscript/fileName/CinemachineIndependentImpulseListener.cs: 91ae8748b9c36955c333e57505ff90fb -> 
  custom:scripting/monoscript/fileName/CinemachineMixingCameraEditor.cs: 1c122a21d710512fec62cdc7bd351681 -> 
  custom:scripting/monoscript/fileName/CinemachinePostProcessing.cs: bf9b100a1b61fd5383288bc96487c194 -> 
  custom:scripting/monoscript/fileName/CinemachineSameAsFollowTarget.cs: bcfa2d394e1e5460b4ef3dc039214a16 -> 
  custom:scripting/monoscript/fileName/CinemachineVirtualCameraBaseEditor.cs: 13ee4931cd85df4b22852d0547b5e690 -> 
  custom:scripting/monoscript/fileName/UpdateTracker.cs: 3dac8a24a32a32e4bbfeb38ed26ef250 -> 
  custom:scripting/monoscript/fileName/CinemachineComposerEditor.cs: dda533b9c6cb2b366292f584704bd904 -> 
  custom:scripting/monoscript/fileName/Cinemachine3rdPersonFollow.cs: 4600bac2bdf6b37d80e86f9aa5a413c3 -> 
  custom:scripting/precompiled-assembly-types:Assembly-CSharp: e66928de38364bb08ef9436b3612de99 -> 
  custom:scripting/monoscript/fileName/SaveDuringPlay.cs: de39f1962b337699845d3d8a2e8f5bde -> 
========================================================================
Received Prepare
Caller must complete domain reload
Begin MonoManager ReloadAssembly
- Loaded All Assemblies, in  0.243 seconds
Native extension for WindowsStandalone target not found
Mono: successfully reloaded assembly
- Finished resetting the current domain, in  0.569 seconds
Domain Reload Profiling: 811ms
	BeginReloadAssembly (86ms)
		ExecutionOrderSort (0ms)
		DisableScriptedObjects (3ms)
		BackupInstance (0ms)
		ReleaseScriptingObjects (0ms)
		CreateAndSetChildDomain (15ms)
	RebuildCommonClasses (18ms)
	RebuildNativeTypeToScriptingClass (6ms)
	initialDomainReloadingComplete (14ms)
	LoadAllAssembliesAndSetupDomain (118ms)
		LoadAssemblies (156ms)
		RebuildTransferFunctionScriptingTraits (0ms)
		AnalyzeDomain (9ms)
			TypeCache.Refresh (4ms)
				TypeCache.ScanAssembly (0ms)
			ScanForSourceGeneratedMonoScriptInfo (0ms)
			ResolveRequiredComponents (3ms)
	FinalizeReload (570ms)
		ReleaseScriptCaches (0ms)
		RebuildScriptCaches (0ms)
		SetupLoadedEditorAssemblies (251ms)
			LogAssemblyErrors (0ms)
			InitializePlatformSupportModulesInManaged (3ms)
			SetLoadedEditorAssemblies (2ms)
			RefreshPlugins (0ms)
			BeforeProcessingInitializeOnLoad (36ms)
			ProcessInitializeOnLoadAttributes (196ms)
			ProcessInitializeOnLoadMethodAttributes (12ms)
			AfterProcessingInitializeOnLoad (2ms)
			EditorAssembliesLoaded (0ms)
		ExecutionOrderSort2 (0ms)
		AwakeInstancesAfterBackupRestoration (5ms)
Refreshing native plugins compatible for Editor in 3.36 ms, found 3 plugins.
Preloading 0 native plugins for Editor in 0.00 ms.
Unloading 3391 Unused Serialized files (Serialized files now loaded: 0)
Unloading 16 unused Assets / (124.5 KB). Loaded Objects now: 4209.
Memory consumption went from 130.4 MB to 130.3 MB.
Total: 2.028900 ms (FindLiveObjects: 0.191100 ms CreateObjectMapping: 0.057600 ms MarkObjects: 1.714500 ms  DeleteObjects: 0.065100 ms)

Prepare: number of updated asset objects reloaded= 0
AssetImportParameters requested are different than current active one (requested -> active):
  custom:scripting/monoscript/fileName/CinemachineGroupComposerEditor.cs: 54a07f36704e77a685a5e7e8c8b2c216 -> 
  custom:scripting/monoscript/fileName/CinemachineConfinerEditor.cs: cc6c898a3390647ab91613c8a96de4b4 -> 
  custom:scripting/monoscript/fileName/CinemachineBlendDefinitionPropertyDrawer.cs: 7ae344d19d646b738f3c65294becf216 -> 
  custom:scripting/monoscript/fileName/CinemachineTrackedDollyEditor.cs: b4d6784c58752cea58aafd9a76ca4459 -> 
  custom:scripting/monoscript/fileName/CinemachineImpulseManager.cs: c34be3577a810e26fd0110c580799b88 -> 
  custom:scripting/monoscript/fileName/CinemachineSmoothPath.cs: c28db2688f35d70587b5f943431a010a -> 
  custom:scripting/monoscript/fileName/CinemachineStateDrivenCamera.cs: aea2468a7384be4ba6d1b043ccec135d -> 
  custom:container-demuxer-ogg: 62fdf1f143b41e24485cea50d1cbac27 -> 
  custom:scripting/monoscript/fileName/CinemachineBlenderSettings.cs: 9adcb80668a56be4cd8e31c1d3dc60ae -> 
  custom:scripting/monoscript/fileName/SignalSourceAsset.cs: f7ffd463dece56bad278f5a8d3ed7fc6 -> 
  custom:scripting/monoscript/fileName/CinemachineCore.cs: fe6c3be993819098833de1628bfd76b2 -> 
  custom:scripting/monoscript/fileName/CinemachineImpulseChannelPropertyDrawer.cs: 4b6390a17916751618e2a45cb8d47a80 -> 
  custom:scripting/monoscript/fileName/SerializedPropertyHelper.cs: b04ac165255e34bc2935ca9bf180e209 -> 
  custom:scripting/monoscript/fileName/CinemachineFramingTransposer.cs: 7943c9d436748359882d8f978cf86c91 -> 
  custom:scripting/monoscript/fileName/AxisState.cs: 1a494a66d8b9a58f4a6873f89bf5b094 -> 
  custom:scripting/monoscript/fileName/CinemachineClearShot.cs: 1da15f5c7903497ce3ae982ee4ee4779 -> 
  custom:scripting/monoscript/fileName/CinemachinePOVEditor.cs: 71db5a9242a182995b4ca15db516f628 -> 
  custom:scripting/monoscript/fileName/CinemachineMixer.cs: 2e36eb9e732dd7c8a32e8f83daebd6f4 -> 
  custom:scripting/monoscript/fileName/CinemachineConfiner.cs: 3813336c17662a5cb6b59ce5f1954254 -> 
  custom:video-codec-MediaFoundation-h265: 746d11721c4dcdbdad8f713fa42b33f4 -> 
  custom:scripting/monoscript/fileName/CinemachineBrain.cs: 365b4e0b6319f064062e97b8f8e32c8e -> 
  custom:scripting/monoscript/fileName/CinemachineImpulseDefinitionPropertyDrawer.cs: 1b2fc77b0a80a7e0e9045e0d44fb761c -> 
  custom:scripting/monoscript/fileName/CinemachineColliderPrefs.cs: 47106451d4685409820905badf49b71f -> 
  custom:scripting/monoscript/fileName/CinemachineFollowZoom.cs: eb74e2e98d3dc4647324e113f34710ca -> 
  custom:scripting/monoscript/fileName/CinemachineDebug.cs: 3077ed3b64725184c652d4c07ac732fd -> 
  custom:scripting/monoscript/fileName/CinemachineLensPresets.cs: 014747fb0ab87178c677520d0bf20bf7 -> 
  custom:video-decoder-ogg-theora: a1e56fd34408186e4bbccfd4996cb3dc -> 
  custom:scripting/monoscript/fileName/CinemachineCameraOffset.cs: a6887f67d3eb83cc6393b822d4e65121 -> 
  custom:scripting/monoscript/fileName/ICinemachineCamera.cs: 2faad4f04eaf5d98c2870adbfb06184e -> 
  custom:scripting/monoscript/fileName/CinemachineShotPlayable.cs: e346ad1ecb4af45da55274cb9abd9ec0 -> 
  custom:scripting/monoscript/fileName/CinemachineTagFieldPropertyDrawer.cs: e78491a12decd558a49d01cc583bfcfb -> 
  custom:framework-win-MediaFoundation: 216162199b28c13a410421893ffa2e32 -> 
  custom:scripting/monoscript/fileName/CinemachineVolumeSettings.cs: 22782cc3dbf8dfd1cb54e8486f29fe0d -> 
  custom:scripting/monoscript/fileName/CinemachineImpulseSourceEditor.cs: 0ef7804c69c18838aa65e6d5bae5b055 -> 
  custom:scripting/monoscript/fileName/CinemachineExternalCameraEditor.cs: d74df442250b898c9b40669a19100e9d -> 
  custom:scripting/monoscript/fileName/CinemachineTargetGroupEditor.cs: f70ac85df8c1c9bd0b83a35534bafd1f -> 
  custom:scripting/monoscript/fileName/CinemachineRecomposer.cs: 07354cca81f7d0775b027b5906330569 -> 
  custom:scripting/monoscript/fileName/CinemachineTransposer.cs: aa226dd144b3a977b86ea888b85df5fa -> 
  custom:scripting/monoscript/fileName/TargetPositionCache.cs: 49ce97e6930a536b43825141e0c2d3a4 -> 
  custom:scripting/monoscript/fileName/CinemachineExternalCamera.cs: d76122377115c288d881064c3f07a3f1 -> 
  custom:scripting/monoscript/fileName/ReflectionHelpers.cs: 60a5d38af3e775d0a421a7ff630d61cc -> 
  custom:scripting/monoscript/fileName/CinemachineVirtualCamera.cs: f16f2dc5bc1261579875c19605c45301 -> 
  custom:scripting/monoscript/fileName/Predictor.cs: d51584936cb5b31b30ee7b444e03385b -> 
  custom:scripting/monoscript/fileName/CinemachineOrbitalTransposerEditor.cs: 5ea2e4bec7ee6c24917bd86647f4bffa -> 
  custom:scripting/monoscript/fileName/CinemachineConfiner2DEditor.cs: 3f4b3d9b17ff5cd560135aa24f822994 -> 
  custom:scripting/monoscript/fileName/GroupWeightManipulator.cs: 588749cf3436a8199e762a8e09bc8de7 -> 
  custom:scripting/monoscript/fileName/AxisStatePropertyDrawer.cs: 2d807695a513641e771c78e6c342ff04 -> 
  custom:scripting/monoscript/fileName/CinemachineScreenComposerGuides.cs: cdc7ea02ccc4c8d1561d98d16760d1ca -> 
  custom:scripting/monoscript/fileName/CinemachinePropertyAttribute.cs: e8158d9725ac3a9129a08e46a4ff7519 -> 
  custom:scripting/monoscript/fileName/CinemachineVirtualCameraEditor.cs: 2e051d0c474634e907fe4123d6e2656e -> 
  custom:scripting/monoscript/fileName/CinemachineSettings.cs: 197f6d5ad32e253546b5afa056a5bba4 -> 
  custom:scripting/monoscript/fileName/CinemachineNoiseSettingsEditor.cs: 9056e69d9c759ba2504535054fff31c9 -> 
  custom:scripting/monoscript/fileName/CinemachineTriggerAction.cs: cab9c5d02c28af05797c2c3743539bdb -> 
  custom:scripting/monoscript/fileName/InspectorUtility.cs: d2444697ecf5f370ee1ff9969e9d66f8 -> 1cf92e4af45cb9e9886ec49564b001a9
  custom:CustomObjectIndexerAttribute: 9a22284fe3817be447336de3de66b15e -> 
  custom:scripting/monoscript/fileName/CinemachineBlenderSettingsEditor.cs: c57aa7de12bc3e7367ca091f4902c67b -> 
  custom:scripting/precompiled-assembly-types:Cinemachine: 54c8b091bb91c32bfeada952c9c53e21 -> 
  custom:scripting/monoscript/fileName/CinemachineImpulseDefinition.cs: 3d434086a2bdaf715abf85e79e9f14b4 -> 
  custom:scripting/precompiled-assembly-types:com.unity.cinemachine.editor: e24bde9f61664824443e2ae04112f2bb -> 
  custom:scripting/monoscript/fileName/Cinemachine3rdPersonFollowEditor.cs: f79aa162534f81c680877e6274b5d6ec -> 
  custom:scripting/monoscript/fileName/EmbeddedAssetPropertyDrawer.cs: fd7ebc18093de04c88d0cfc86fb060f5 -> 
  custom:container-demuxer-webm: 4f35f7cbe854078d1ac9338744f61a02 -> 
  custom:scripting/monoscript/fileName/ConfinerOven.cs: ff23c03e90b61beb34474fc6e4ff668c -> 
  custom:scripting/monoscript/fileName/WaveformWindow.cs: 01bbc4fc017d41a2bab7fb57c988e8da -> 
  custom:scripting/monoscript/fileName/CinemachinePipeline.cs: 6ca7a5979a0a73ea1d450a8fc9b437ef -> 
  custom:scripting/monoscript/fileName/VcamStageEditor.cs: 84b0eaf932b448975a99972628e556d8 -> 
  custom:scripting/monoscript/fileName/CinemachineFramingTransposerEditor.cs: 1653e1c00b2ca68b1d40f01e5bfb8445 -> 
  custom:scripting/monoscript/fileName/CinemachineStateDrivenCameraEditor.cs: 77d9f0a97385f936d9b4ffaa686bce39 -> 
  custom:scripting/monoscript/fileName/OrbitalTransposerHeadingPropertyDrawer.cs: 22496b76ce84f35f630c90badc4babd8 -> 
  custom:scripting/monoscript/fileName/CinemachinePathEditor.cs: ce10985fbf0e018e2dea63fedae131ba -> 
  custom:scripting/monoscript/fileName/CinemachineCollider.cs: 8fa92f525b1c31cd81812685d7f8c288 -> 
  custom:scripting/monoscript/fileName/CinemachineCollisionImpulseSourceEditor.cs: 29f9a522ec6b23375849ba08fd597c8d -> 
  custom:scripting/monoscript/fileName/CinemachineInputProvider.cs: ecb845de690695f08b3b3bb647cc7006 -> 
  custom:scripting/monoscript/fileName/CinemachineColliderEditor.cs: 859d1abbd669ee84cb713f6d4d0e1c5f -> 
  custom:scripting/monoscript/fileName/CinemachineExtension.cs: 6968db4afcdc301f6acb1ef4fbadb2f4 -> 
  custom:scripting/monoscript/fileName/CinemachineTargetGroup.cs: 10a09aa736b3a25da6dd9fc3c4dd9d36 -> 
  custom:scripting/monoscript/fileName/EmbeddedAssetHelpers.cs: 90647cc400823b41df847a6cbfc29026 -> 
  custom:scripting/monoscript/fileName/CinemachineBlendListCamera.cs: 66104ac24fef171d9f5d5b93a8cb2f83 -> 
  custom:scripting/monoscript/fileName/CinemachineComponentBase.cs: 5293f153c13e9bd2fc262ec31ff69206 -> 
  custom:scripting/monoscript/fileName/BaseEditor.cs: 90647cc400823b41df847a6cbfc29026 -> 
  custom:container-muxer-webm: aa71ff27fc2769a1b78a27578f13a17b -> 
  custom:video-decoder-webm-vp8: 9c59270c3fd7afecdb556c50c9e8de78 -> 
  custom:scripting/monoscript/fileName/CinemachineHardLookAt.cs: 792580aec23d39bcecd7ceea4c27a0ce -> 
  custom:scripting/monoscript/fileName/CinemachineInputAxisDriver.cs: 7e424e54660fed310c58dc98ea41042e -> 
  custom:scripting/monoscript/fileName/CinemachineStoryboardEditor.cs: 2e7ec8bfb72013eaaff4873a27da019c -> 
  custom:scripting/monoscript/fileName/CinemachineBasicMultiChannelPerlin.cs: bd5416e75860cd63657371207eb79058 -> 
  custom:SearchIndexIgnoredProperties: e643bd26f0fe6173181afceb89e7c659 -> 
  custom:AudioImporter_EditorPlatform: d09bf68614088b80899f8185d706f6e7 -> 
  custom:scripting/monoscript/fileName/CinemachineMixingCamera.cs: 739c5ceb76c01023f431794ec46a0177 -> 
  custom:scripting/monoscript/fileName/CinemachinePath.cs: b443d3c8837a65ddc3c78741cd58ec71 -> 
  custom:scripting/monoscript/fileName/CinemachineImpulseListenerEditor.cs: d5d28e418f87c111bce1c1b98f1f70ba -> 
  custom:scripting/monoscript/fileName/Avoider.cs: ae32a89b624ae2a4ae1c49a2b33fb966 -> 
  custom:scripting/monoscript/fileName/CinemachineDollyCart.cs: bbe9d07f4a2f7ee5ab002e66cb05f922 -> 
  custom:scripting/monoscript/fileName/CinemachineStoryboard.cs: 59a2099f76be9b47af1e12ed7d40f553 -> 
  custom:scripting/monoscript/fileName/CinemachinePixelPerfect.cs: 2f42bea4517739481ed2553d1616050e -> 
  custom:scripting/monoscript/fileName/CinemachineTrackedDolly.cs: f6a9c21b27ad86d45f62f6b444ccbb49 -> 
  custom:scripting/monoscript/fileName/CinemachineHardLookAtEditor.cs: 15b8f2af6a6d786898ce5dd6b0db26dc -> 
  custom:scripting/monoscript/fileName/CinemachineComposer.cs: e399dfd36807c341da7cd182ce299d1e -> 
  custom:scripting/monoscript/fileName/CinemachineTrack.cs: 4b50d47d507c57dc81b82253ec075194 -> 
  custom:scripting/monoscript/fileName/CinemachineSmoothPathEditor.cs: 7555bcba4eb760e012dd21c6730ae562 -> 
  custom:scripting/monoscript/fileName/ScriptableObjectUtility.cs: c529d074f6f57a07e3f410d488963bbc -> 
  custom:scripting/monoscript/fileName/CinemachineOrbitalTransposer.cs: 71c52878ba6d43827473a480056a99da -> 
  custom:scripting/monoscript/fileName/CinemachinePathBase.cs: debb99764287c54cae06313e2d6a1fe1 -> 
  custom:scripting/monoscript/fileName/CinemachineImpulseSource.cs: ac073b8453e26c5dd422d5f1a90a7ff2 -> 
  custom:scripting/monoscript/fileName/CinemachineImpulseEnvelopePropertyDrawer.cs: 07e00c9c84964a5c7e4f3f19e4263ec1 -> 
  custom:scripting/monoscript/fileName/SplineHelpers.cs: 9e5bf4293b3828088291b7871e233a27 -> 
  custom:scripting/monoscript/fileName/CinemachineSameAsFollowTargetEditor.cs: 6def40fc1e39b3242347b6630fb5127e -> 
  custom:scripting/monoscript/fileName/CinemachineBlendListCameraEditor.cs: dbc12d2a9f3e2999a067290c411b2aca -> 
  custom:scripting/monoscript/fileName/CinemachineShot.cs: 3d4d9d05534db20e82d871d98ea52716 -> 
  custom:scripting/monoscript/fileName/UnityVectorExtensions.cs: 052777772edecdffe26d41a6a989641e -> 
  custom:scripting/monoscript/fileName/CinemachineBasicMultiChannelPerlinEditor.cs: d6749cd6c482efa27bdd41f60394f1b9 -> 
  custom:scripting/monoscript/fileName/CinemachineImpulseChannels.cs: a9a39cc5ecea1f083db0fce154eec19c -> 
  custom:scripting/monoscript/fileName/CinemachineHardLockToTarget.cs: d349308c5b4f600a345055c394206f52 -> 
  custom:scripting/monoscript/fileName/CinemachineConfiner2D.cs: beb10be0db8ff9d3a94bd0a150963b9b -> 
  custom:scripting/monoscript/fileName/LensSettings.cs: 4335e899502c57ee4480b8c9aa915366 -> 
  custom:scripting/monoscript/fileName/Cinemachine3rdPersonAim.cs: 4bd230d915f070bb3cae23bef6f7ab70 -> 
  custom:scripting/monoscript/fileName/CinemachineImpulseListener.cs: 6aac146243d38e7a67346170caa40ea1 -> 
  custom:video-encoder-webm-vp8: eb34c28f22e8b96e1ab97ce403110664 -> 
  custom:scripting/monoscript/fileName/CinemachineMenu.cs: 7b932811d9fa1e44d0d8b2b9ed75adf3 -> 
  custom:scripting/monoscript/fileName/RuntimeUtility.cs: 8c92a9f673836e5d2084dbeb0f10159f -> 
  custom:scripting/monoscript/fileName/CinemachineFreeLook.cs: bebc32b18bc4beddc113bad68624e557 -> 
  custom:audio-decoder-ogg-vorbis: bf7c407c2cedff20999df2af8eb42d56 -> 
  custom:scripting/monoscript/fileName/CinemachineGroupComposer.cs: 173a689a80ef321c302f9c045419668f -> 
  custom:scripting/monoscript/fileName/CinemachineVirtualCameraBase.cs: c7e60cccdcb14ee2a33da9fd46c1c54f -> 
  custom:scripting/monoscript/fileName/CinemachineFixedSignal.cs: aedcdca7a861da6e456e0ae105b24c41 -> 
  custom:scripting/monoscript/fileName/CinemachineShotClipEditor.cs: 123a48531bf1d1b4f3c8398556caec62 -> 
  custom:scripting/monoscript/fileName/CinemachineTouchInputMapper.cs: b9698729a07a7d31c864247e0582b566 -> 
  custom:scripting/monoscript/fileName/CinemachinePOV.cs: e4df06d1994174afa286b103eb06ee7f -> 
  custom:scripting/monoscript/fileName/CinemachineBlend.cs: f33659d50c4d86144d649aa7e8196529 -> 
  custom:scripting/monoscript/fileName/CinemachineFreeLookEditor.cs: 9641291977c1891a004ac4c4c259e1c8 -> 
  custom:scripting/monoscript/fileName/CinemachineTransposerEditor.cs: 85841a774ddea4fb7232a7a585f716b4 -> 
  custom:scripting/monoscript/fileName/clipper.cs: 2a50e35a835148907b3c1fa8e187ab2b -> 
  custom:scripting/monoscript/fileName/NoiseSettings.cs: 443d576e0c72ab62870476103c9384ec -> 
  custom:scripting/monoscript/fileName/GaussianFilter.cs: 0a3672ebe80edf7c5daca82445c15683 -> 
  custom:scripting/monoscript/fileName/CinemachineSceneTools.cs: d63880a6073ab3335301b115db235b5b -> 
  custom:scripting/monoscript/fileName/CinemachineTriggerActionEditor.cs: 2309a2ec6192ace4cae8bab5a535978e -> 
  custom:scripting/monoscript/fileName/VcamTargetPropertyDrawer.cs: 9208050b1312b118a226fef2d63e8fa1 -> 
  custom:scripting/monoscript/fileName/CinemachineCollisionImpulseSource.cs: 9aae5e368cb7786be199f98f2122f96d -> 
  custom:scripting/monoscript/fileName/CinemachineClearShotEditor.cs: ca8875b47e775cd361c78158d7923690 -> 
  custom:scripting/monoscript/fileName/CinemachineEditorAnalytics.cs: de76cc292d7ecedcf47af6616498c9f9 -> 
  custom:scripting/monoscript/fileName/NoiseSettingsPropertyDrawer.cs: 8d3f69ba7eeec63914970bd3136b6ace -> 
  custom:scripting/monoscript/fileName/CinemachineBrainEditor.cs: 49621d8b7679c0b5d128fef53d55becd -> 
  custom:scripting/monoscript/fileName/CinemachineShotEditor.cs: 2ba28b209a4ad7f0a791994d2360a9af -> 
  custom:scripting/monoscript/fileName/PlayerMovement.cs: 42480eed24e61f9d7e7e895933644f96 -> 
  custom:scripting/monoscript/fileName/CinemachineHardLockToTargetEditor.cs: c65eaafd47115974a2a9379aae467b0e -> 
  custom:audio-encoder-webm-vorbis: bf7c407c2cedff20999df2af8eb42d56 -> 
  custom:scripting/monoscript/fileName/CameraState.cs: 6ae7088fa20820e052d1e4d86059e90b -> 
  custom:scripting/monoscript/fileName/CinemachineToolbarOverlay.cs: 371b6fc494252d6fda34e207e170cb66 -> 
  custom:scripting/monoscript/fileName/CinemachineIndependentImpulseListener.cs: 91ae8748b9c36955c333e57505ff90fb -> 
  custom:scripting/monoscript/fileName/CinemachineMixingCameraEditor.cs: 1c122a21d710512fec62cdc7bd351681 -> 
  custom:scripting/monoscript/fileName/CinemachinePostProcessing.cs: bf9b100a1b61fd5383288bc96487c194 -> 
  custom:scripting/monoscript/fileName/CinemachineSameAsFollowTarget.cs: bcfa2d394e1e5460b4ef3dc039214a16 -> 
  custom:scripting/monoscript/fileName/CinemachineVirtualCameraBaseEditor.cs: 13ee4931cd85df4b22852d0547b5e690 -> 
  custom:scripting/monoscript/fileName/UpdateTracker.cs: 3dac8a24a32a32e4bbfeb38ed26ef250 -> 
  custom:scripting/monoscript/fileName/CinemachineComposerEditor.cs: dda533b9c6cb2b366292f584704bd904 -> 
  custom:scripting/monoscript/fileName/Cinemachine3rdPersonFollow.cs: 4600bac2bdf6b37d80e86f9aa5a413c3 -> 
  custom:scripting/precompiled-assembly-types:Assembly-CSharp: e66928de38364bb08ef9436b3612de99 -> 
  custom:scripting/monoscript/fileName/SaveDuringPlay.cs: de39f1962b337699845d3d8a2e8f5bde -> 
========================================================================
Received Prepare
Caller must complete domain reload
Begin MonoManager ReloadAssembly
- Loaded All Assemblies, in  0.250 seconds
Native extension for WindowsStandalone target not found
Mono: successfully reloaded assembly
- Finished resetting the current domain, in  0.548 seconds
Domain Reload Profiling: 798ms
	BeginReloadAssembly (88ms)
		ExecutionOrderSort (0ms)
		DisableScriptedObjects (3ms)
		BackupInstance (0ms)
		ReleaseScriptingObjects (0ms)
		CreateAndSetChildDomain (16ms)
	RebuildCommonClasses (18ms)
	RebuildNativeTypeToScriptingClass (6ms)
	initialDomainReloadingComplete (14ms)
	LoadAllAssembliesAndSetupDomain (123ms)
		LoadAssemblies (156ms)
		RebuildTransferFunctionScriptingTraits (0ms)
		AnalyzeDomain (14ms)
			TypeCache.Refresh (6ms)
				TypeCache.ScanAssembly (0ms)
			ScanForSourceGeneratedMonoScriptInfo (4ms)
			ResolveRequiredComponents (3ms)
	FinalizeReload (549ms)
		ReleaseScriptCaches (0ms)
		RebuildScriptCaches (0ms)
		SetupLoadedEditorAssemblies (230ms)
			LogAssemblyErrors (0ms)
			InitializePlatformSupportModulesInManaged (3ms)
			SetLoadedEditorAssemblies (2ms)
			RefreshPlugins (0ms)
			BeforeProcessingInitializeOnLoad (33ms)
			ProcessInitializeOnLoadAttributes (177ms)
			ProcessInitializeOnLoadMethodAttributes (12ms)
			AfterProcessingInitializeOnLoad (1ms)
			EditorAssembliesLoaded (0ms)
		ExecutionOrderSort2 (0ms)
		AwakeInstancesAfterBackupRestoration (4ms)
Refreshing native plugins compatible for Editor in 2.13 ms, found 3 plugins.
Preloading 0 native plugins for Editor in 0.00 ms.
Unloading 3391 Unused Serialized files (Serialized files now loaded: 0)
Unloading 16 unused Assets / (124.5 KB). Loaded Objects now: 4224.
Memory consumption went from 130.4 MB to 130.3 MB.
Total: 1.933100 ms (FindLiveObjects: 0.154300 ms CreateObjectMapping: 0.048600 ms MarkObjects: 1.663200 ms  DeleteObjects: 0.066300 ms)

Prepare: number of updated asset objects reloaded= 0
AssetImportParameters requested are different than current active one (requested -> active):
  custom:scripting/monoscript/fileName/CinemachineGroupComposerEditor.cs: 54a07f36704e77a685a5e7e8c8b2c216 -> 
  custom:scripting/monoscript/fileName/CinemachineConfinerEditor.cs: cc6c898a3390647ab91613c8a96de4b4 -> 
  custom:scripting/monoscript/fileName/CinemachineBlendDefinitionPropertyDrawer.cs: 7ae344d19d646b738f3c65294becf216 -> 
  custom:scripting/monoscript/fileName/CinemachineTrackedDollyEditor.cs: b4d6784c58752cea58aafd9a76ca4459 -> 
  custom:scripting/monoscript/fileName/CinemachineImpulseManager.cs: c34be3577a810e26fd0110c580799b88 -> 
  custom:scripting/monoscript/fileName/CinemachineSmoothPath.cs: c28db2688f35d70587b5f943431a010a -> 
  custom:scripting/monoscript/fileName/CinemachineStateDrivenCamera.cs: aea2468a7384be4ba6d1b043ccec135d -> 
  custom:container-demuxer-ogg: 62fdf1f143b41e24485cea50d1cbac27 -> 
  custom:scripting/monoscript/fileName/CinemachineBlenderSettings.cs: 9adcb80668a56be4cd8e31c1d3dc60ae -> 
  custom:scripting/monoscript/fileName/SignalSourceAsset.cs: f7ffd463dece56bad278f5a8d3ed7fc6 -> 
  custom:scripting/monoscript/fileName/CinemachineCore.cs: fe6c3be993819098833de1628bfd76b2 -> 
  custom:scripting/monoscript/fileName/CinemachineImpulseChannelPropertyDrawer.cs: 4b6390a17916751618e2a45cb8d47a80 -> 
  custom:scripting/monoscript/fileName/SerializedPropertyHelper.cs: b04ac165255e34bc2935ca9bf180e209 -> 
  custom:scripting/monoscript/fileName/CinemachineFramingTransposer.cs: 7943c9d436748359882d8f978cf86c91 -> 
  custom:scripting/monoscript/fileName/AxisState.cs: 1a494a66d8b9a58f4a6873f89bf5b094 -> 
  custom:scripting/monoscript/fileName/CinemachineClearShot.cs: 1da15f5c7903497ce3ae982ee4ee4779 -> 
  custom:scripting/monoscript/fileName/CinemachinePOVEditor.cs: 71db5a9242a182995b4ca15db516f628 -> 
  custom:scripting/monoscript/fileName/CinemachineMixer.cs: 2e36eb9e732dd7c8a32e8f83daebd6f4 -> 
  custom:scripting/monoscript/fileName/CinemachineConfiner.cs: 3813336c17662a5cb6b59ce5f1954254 -> 
  custom:video-codec-MediaFoundation-h265: 746d11721c4dcdbdad8f713fa42b33f4 -> 
  custom:scripting/monoscript/fileName/CinemachineBrain.cs: 365b4e0b6319f064062e97b8f8e32c8e -> 
  custom:scripting/monoscript/fileName/CinemachineImpulseDefinitionPropertyDrawer.cs: 1b2fc77b0a80a7e0e9045e0d44fb761c -> 
  custom:scripting/monoscript/fileName/CinemachineColliderPrefs.cs: 47106451d4685409820905badf49b71f -> 
  custom:scripting/monoscript/fileName/CinemachineFollowZoom.cs: eb74e2e98d3dc4647324e113f34710ca -> 
  custom:scripting/monoscript/fileName/CinemachineDebug.cs: 3077ed3b64725184c652d4c07ac732fd -> 
  custom:scripting/monoscript/fileName/CinemachineLensPresets.cs: 014747fb0ab87178c677520d0bf20bf7 -> 
  custom:video-decoder-ogg-theora: a1e56fd34408186e4bbccfd4996cb3dc -> 
  custom:scripting/monoscript/fileName/CinemachineCameraOffset.cs: a6887f67d3eb83cc6393b822d4e65121 -> 
  custom:scripting/monoscript/fileName/ICinemachineCamera.cs: 2faad4f04eaf5d98c2870adbfb06184e -> 
  custom:scripting/monoscript/fileName/CinemachineShotPlayable.cs: e346ad1ecb4af45da55274cb9abd9ec0 -> 
  custom:scripting/monoscript/fileName/CinemachineTagFieldPropertyDrawer.cs: e78491a12decd558a49d01cc583bfcfb -> 
  custom:framework-win-MediaFoundation: 216162199b28c13a410421893ffa2e32 -> 
  custom:scripting/monoscript/fileName/CinemachineVolumeSettings.cs: 22782cc3dbf8dfd1cb54e8486f29fe0d -> 
  custom:scripting/monoscript/fileName/CinemachineImpulseSourceEditor.cs: 0ef7804c69c18838aa65e6d5bae5b055 -> 
  custom:scripting/monoscript/fileName/CinemachineExternalCameraEditor.cs: d74df442250b898c9b40669a19100e9d -> 
  custom:scripting/monoscript/fileName/CinemachineTargetGroupEditor.cs: f70ac85df8c1c9bd0b83a35534bafd1f -> 
  custom:scripting/monoscript/fileName/CinemachineRecomposer.cs: 07354cca81f7d0775b027b5906330569 -> 
  custom:scripting/monoscript/fileName/CinemachineTransposer.cs: aa226dd144b3a977b86ea888b85df5fa -> 
  custom:scripting/monoscript/fileName/TargetPositionCache.cs: 49ce97e6930a536b43825141e0c2d3a4 -> 
  custom:scripting/monoscript/fileName/CinemachineExternalCamera.cs: d76122377115c288d881064c3f07a3f1 -> 
  custom:scripting/monoscript/fileName/ReflectionHelpers.cs: 60a5d38af3e775d0a421a7ff630d61cc -> 
  custom:scripting/monoscript/fileName/CinemachineVirtualCamera.cs: f16f2dc5bc1261579875c19605c45301 -> 
  custom:scripting/monoscript/fileName/Predictor.cs: d51584936cb5b31b30ee7b444e03385b -> 
  custom:scripting/monoscript/fileName/CinemachineOrbitalTransposerEditor.cs: 5ea2e4bec7ee6c24917bd86647f4bffa -> 
  custom:scripting/monoscript/fileName/CinemachineConfiner2DEditor.cs: 3f4b3d9b17ff5cd560135aa24f822994 -> 
  custom:scripting/monoscript/fileName/GroupWeightManipulator.cs: 588749cf3436a8199e762a8e09bc8de7 -> 
  custom:scripting/monoscript/fileName/AxisStatePropertyDrawer.cs: 2d807695a513641e771c78e6c342ff04 -> 
  custom:scripting/monoscript/fileName/CinemachineScreenComposerGuides.cs: cdc7ea02ccc4c8d1561d98d16760d1ca -> 
  custom:scripting/monoscript/fileName/CinemachinePropertyAttribute.cs: e8158d9725ac3a9129a08e46a4ff7519 -> 
  custom:scripting/monoscript/fileName/CinemachineVirtualCameraEditor.cs: 2e051d0c474634e907fe4123d6e2656e -> 
  custom:scripting/monoscript/fileName/CinemachineSettings.cs: 197f6d5ad32e253546b5afa056a5bba4 -> 
  custom:scripting/monoscript/fileName/CinemachineNoiseSettingsEditor.cs: 9056e69d9c759ba2504535054fff31c9 -> 
  custom:scripting/monoscript/fileName/CinemachineTriggerAction.cs: cab9c5d02c28af05797c2c3743539bdb -> 
  custom:scripting/monoscript/fileName/InspectorUtility.cs: d2444697ecf5f370ee1ff9969e9d66f8 -> 1cf92e4af45cb9e9886ec49564b001a9
  custom:CustomObjectIndexerAttribute: 9a22284fe3817be447336de3de66b15e -> 
  custom:scripting/monoscript/fileName/CinemachineBlenderSettingsEditor.cs: c57aa7de12bc3e7367ca091f4902c67b -> 
  custom:scripting/precompiled-assembly-types:Cinemachine: 54c8b091bb91c32bfeada952c9c53e21 -> 
  custom:scripting/monoscript/fileName/CinemachineImpulseDefinition.cs: 3d434086a2bdaf715abf85e79e9f14b4 -> 
  custom:scripting/precompiled-assembly-types:com.unity.cinemachine.editor: e24bde9f61664824443e2ae04112f2bb -> 
  custom:scripting/monoscript/fileName/Cinemachine3rdPersonFollowEditor.cs: f79aa162534f81c680877e6274b5d6ec -> 
  custom:scripting/monoscript/fileName/EmbeddedAssetPropertyDrawer.cs: fd7ebc18093de04c88d0cfc86fb060f5 -> 
  custom:container-demuxer-webm: 4f35f7cbe854078d1ac9338744f61a02 -> 
  custom:scripting/monoscript/fileName/ConfinerOven.cs: ff23c03e90b61beb34474fc6e4ff668c -> 
  custom:scripting/monoscript/fileName/WaveformWindow.cs: 01bbc4fc017d41a2bab7fb57c988e8da -> 
  custom:scripting/monoscript/fileName/CinemachinePipeline.cs: 6ca7a5979a0a73ea1d450a8fc9b437ef -> 
  custom:scripting/monoscript/fileName/VcamStageEditor.cs: 84b0eaf932b448975a99972628e556d8 -> 
  custom:scripting/monoscript/fileName/CinemachineFramingTransposerEditor.cs: 1653e1c00b2ca68b1d40f01e5bfb8445 -> 
  custom:scripting/monoscript/fileName/CinemachineStateDrivenCameraEditor.cs: 77d9f0a97385f936d9b4ffaa686bce39 -> 
  custom:scripting/monoscript/fileName/OrbitalTransposerHeadingPropertyDrawer.cs: 22496b76ce84f35f630c90badc4babd8 -> 
  custom:scripting/monoscript/fileName/CinemachinePathEditor.cs: ce10985fbf0e018e2dea63fedae131ba -> 
  custom:scripting/monoscript/fileName/CinemachineCollider.cs: 8fa92f525b1c31cd81812685d7f8c288 -> 
  custom:scripting/monoscript/fileName/CinemachineCollisionImpulseSourceEditor.cs: 29f9a522ec6b23375849ba08fd597c8d -> 
  custom:scripting/monoscript/fileName/CinemachineInputProvider.cs: ecb845de690695f08b3b3bb647cc7006 -> 
  custom:scripting/monoscript/fileName/CinemachineColliderEditor.cs: 859d1abbd669ee84cb713f6d4d0e1c5f -> 
  custom:scripting/monoscript/fileName/CinemachineExtension.cs: 6968db4afcdc301f6acb1ef4fbadb2f4 -> 
  custom:scripting/monoscript/fileName/CinemachineTargetGroup.cs: 10a09aa736b3a25da6dd9fc3c4dd9d36 -> 
  custom:scripting/monoscript/fileName/EmbeddedAssetHelpers.cs: 90647cc400823b41df847a6cbfc29026 -> 
  custom:scripting/monoscript/fileName/CinemachineBlendListCamera.cs: 66104ac24fef171d9f5d5b93a8cb2f83 -> 
  custom:scripting/monoscript/fileName/CinemachineComponentBase.cs: 5293f153c13e9bd2fc262ec31ff69206 -> 
  custom:scripting/monoscript/fileName/BaseEditor.cs: 90647cc400823b41df847a6cbfc29026 -> 
  custom:container-muxer-webm: aa71ff27fc2769a1b78a27578f13a17b -> 
  custom:video-decoder-webm-vp8: 9c59270c3fd7afecdb556c50c9e8de78 -> 
  custom:scripting/monoscript/fileName/CinemachineHardLookAt.cs: 792580aec23d39bcecd7ceea4c27a0ce -> 
  custom:scripting/monoscript/fileName/CinemachineInputAxisDriver.cs: 7e424e54660fed310c58dc98ea41042e -> 
  custom:scripting/monoscript/fileName/CinemachineStoryboardEditor.cs: 2e7ec8bfb72013eaaff4873a27da019c -> 
  custom:scripting/monoscript/fileName/CinemachineBasicMultiChannelPerlin.cs: bd5416e75860cd63657371207eb79058 -> 
  custom:SearchIndexIgnoredProperties: e643bd26f0fe6173181afceb89e7c659 -> 
  custom:AudioImporter_EditorPlatform: d09bf68614088b80899f8185d706f6e7 -> 
  custom:scripting/monoscript/fileName/CinemachineMixingCamera.cs: 739c5ceb76c01023f431794ec46a0177 -> 
  custom:scripting/monoscript/fileName/CinemachinePath.cs: b443d3c8837a65ddc3c78741cd58ec71 -> 
  custom:scripting/monoscript/fileName/CinemachineImpulseListenerEditor.cs: d5d28e418f87c111bce1c1b98f1f70ba -> 
  custom:scripting/monoscript/fileName/Avoider.cs: ae32a89b624ae2a4ae1c49a2b33fb966 -> 
  custom:scripting/monoscript/fileName/CinemachineDollyCart.cs: bbe9d07f4a2f7ee5ab002e66cb05f922 -> 
  custom:scripting/monoscript/fileName/CinemachineStoryboard.cs: 59a2099f76be9b47af1e12ed7d40f553 -> 
  custom:scripting/monoscript/fileName/CinemachinePixelPerfect.cs: 2f42bea4517739481ed2553d1616050e -> 
  custom:scripting/monoscript/fileName/CinemachineTrackedDolly.cs: f6a9c21b27ad86d45f62f6b444ccbb49 -> 
  custom:scripting/monoscript/fileName/CinemachineHardLookAtEditor.cs: 15b8f2af6a6d786898ce5dd6b0db26dc -> 
  custom:scripting/monoscript/fileName/CinemachineComposer.cs: e399dfd36807c341da7cd182ce299d1e -> 
  custom:scripting/monoscript/fileName/CinemachineTrack.cs: 4b50d47d507c57dc81b82253ec075194 -> 
  custom:scripting/monoscript/fileName/CinemachineSmoothPathEditor.cs: 7555bcba4eb760e012dd21c6730ae562 -> 
  custom:scripting/monoscript/fileName/ScriptableObjectUtility.cs: c529d074f6f57a07e3f410d488963bbc -> 
  custom:scripting/monoscript/fileName/CinemachineOrbitalTransposer.cs: 71c52878ba6d43827473a480056a99da -> 
  custom:scripting/monoscript/fileName/CinemachinePathBase.cs: debb99764287c54cae06313e2d6a1fe1 -> 
  custom:scripting/monoscript/fileName/CinemachineImpulseSource.cs: ac073b8453e26c5dd422d5f1a90a7ff2 -> 
  custom:scripting/monoscript/fileName/CinemachineImpulseEnvelopePropertyDrawer.cs: 07e00c9c84964a5c7e4f3f19e4263ec1 -> 
  custom:scripting/monoscript/fileName/SplineHelpers.cs: 9e5bf4293b3828088291b7871e233a27 -> 
  custom:scripting/monoscript/fileName/CinemachineSameAsFollowTargetEditor.cs: 6def40fc1e39b3242347b6630fb5127e -> 
  custom:scripting/monoscript/fileName/CinemachineBlendListCameraEditor.cs: dbc12d2a9f3e2999a067290c411b2aca -> 
  custom:scripting/monoscript/fileName/CinemachineShot.cs: 3d4d9d05534db20e82d871d98ea52716 -> 
  custom:scripting/monoscript/fileName/UnityVectorExtensions.cs: 052777772edecdffe26d41a6a989641e -> 
  custom:scripting/monoscript/fileName/CinemachineBasicMultiChannelPerlinEditor.cs: d6749cd6c482efa27bdd41f60394f1b9 -> 
  custom:scripting/monoscript/fileName/CinemachineImpulseChannels.cs: a9a39cc5ecea1f083db0fce154eec19c -> 
  custom:scripting/monoscript/fileName/CinemachineHardLockToTarget.cs: d349308c5b4f600a345055c394206f52 -> 
  custom:scripting/monoscript/fileName/CinemachineConfiner2D.cs: beb10be0db8ff9d3a94bd0a150963b9b -> 
  custom:scripting/monoscript/fileName/LensSettings.cs: 4335e899502c57ee4480b8c9aa915366 -> 
  custom:scripting/monoscript/fileName/Cinemachine3rdPersonAim.cs: 4bd230d915f070bb3cae23bef6f7ab70 -> 
  custom:scripting/monoscript/fileName/CinemachineImpulseListener.cs: 6aac146243d38e7a67346170caa40ea1 -> 
  custom:video-encoder-webm-vp8: eb34c28f22e8b96e1ab97ce403110664 -> 
  custom:scripting/monoscript/fileName/CinemachineMenu.cs: 7b932811d9fa1e44d0d8b2b9ed75adf3 -> 
  custom:scripting/monoscript/fileName/RuntimeUtility.cs: 8c92a9f673836e5d2084dbeb0f10159f -> 
  custom:scripting/monoscript/fileName/CinemachineFreeLook.cs: bebc32b18bc4beddc113bad68624e557 -> 
  custom:audio-decoder-ogg-vorbis: bf7c407c2cedff20999df2af8eb42d56 -> 
  custom:scripting/monoscript/fileName/CinemachineGroupComposer.cs: 173a689a80ef321c302f9c045419668f -> 
  custom:scripting/monoscript/fileName/CinemachineVirtualCameraBase.cs: c7e60cccdcb14ee2a33da9fd46c1c54f -> 
  custom:scripting/monoscript/fileName/CinemachineFixedSignal.cs: aedcdca7a861da6e456e0ae105b24c41 -> 
  custom:scripting/monoscript/fileName/CinemachineShotClipEditor.cs: 123a48531bf1d1b4f3c8398556caec62 -> 
  custom:scripting/monoscript/fileName/CinemachineTouchInputMapper.cs: b9698729a07a7d31c864247e0582b566 -> 
  custom:scripting/monoscript/fileName/CinemachinePOV.cs: e4df06d1994174afa286b103eb06ee7f -> 
  custom:scripting/monoscript/fileName/CinemachineBlend.cs: f33659d50c4d86144d649aa7e8196529 -> 
  custom:scripting/monoscript/fileName/CinemachineFreeLookEditor.cs: 9641291977c1891a004ac4c4c259e1c8 -> 
  custom:scripting/monoscript/fileName/CinemachineTransposerEditor.cs: 85841a774ddea4fb7232a7a585f716b4 -> 
  custom:scripting/monoscript/fileName/clipper.cs: 2a50e35a835148907b3c1fa8e187ab2b -> 
  custom:scripting/monoscript/fileName/NoiseSettings.cs: 443d576e0c72ab62870476103c9384ec -> 
  custom:scripting/monoscript/fileName/GaussianFilter.cs: 0a3672ebe80edf7c5daca82445c15683 -> 
  custom:scripting/monoscript/fileName/CinemachineSceneTools.cs: d63880a6073ab3335301b115db235b5b -> 
  custom:scripting/monoscript/fileName/CinemachineTriggerActionEditor.cs: 2309a2ec6192ace4cae8bab5a535978e -> 
  custom:scripting/monoscript/fileName/VcamTargetPropertyDrawer.cs: 9208050b1312b118a226fef2d63e8fa1 -> 
  custom:scripting/monoscript/fileName/CinemachineCollisionImpulseSource.cs: 9aae5e368cb7786be199f98f2122f96d -> 
  custom:scripting/monoscript/fileName/CinemachineClearShotEditor.cs: ca8875b47e775cd361c78158d7923690 -> 
  custom:scripting/monoscript/fileName/CinemachineEditorAnalytics.cs: de76cc292d7ecedcf47af6616498c9f9 -> 
  custom:scripting/monoscript/fileName/NoiseSettingsPropertyDrawer.cs: 8d3f69ba7eeec63914970bd3136b6ace -> 
  custom:scripting/monoscript/fileName/CinemachineBrainEditor.cs: 49621d8b7679c0b5d128fef53d55becd -> 
  custom:scripting/monoscript/fileName/CinemachineShotEditor.cs: 2ba28b209a4ad7f0a791994d2360a9af -> 
  custom:scripting/monoscript/fileName/PlayerMovement.cs: 42480eed24e61f9d7e7e895933644f96 -> 
  custom:scripting/monoscript/fileName/CinemachineHardLockToTargetEditor.cs: c65eaafd47115974a2a9379aae467b0e -> 
  custom:audio-encoder-webm-vorbis: bf7c407c2cedff20999df2af8eb42d56 -> 
  custom:scripting/monoscript/fileName/CameraState.cs: 6ae7088fa20820e052d1e4d86059e90b -> 
  custom:scripting/monoscript/fileName/CinemachineToolbarOverlay.cs: 371b6fc494252d6fda34e207e170cb66 -> 
  custom:scripting/monoscript/fileName/CinemachineIndependentImpulseListener.cs: 91ae8748b9c36955c333e57505ff90fb -> 
  custom:scripting/monoscript/fileName/CinemachineMixingCameraEditor.cs: 1c122a21d710512fec62cdc7bd351681 -> 
  custom:scripting/monoscript/fileName/CinemachinePostProcessing.cs: bf9b100a1b61fd5383288bc96487c194 -> 
  custom:scripting/monoscript/fileName/CinemachineSameAsFollowTarget.cs: bcfa2d394e1e5460b4ef3dc039214a16 -> 
  custom:scripting/monoscript/fileName/CinemachineVirtualCameraBaseEditor.cs: 13ee4931cd85df4b22852d0547b5e690 -> 
  custom:scripting/monoscript/fileName/UpdateTracker.cs: 3dac8a24a32a32e4bbfeb38ed26ef250 -> 
  custom:scripting/monoscript/fileName/CinemachineComposerEditor.cs: dda533b9c6cb2b366292f584704bd904 -> 
  custom:scripting/monoscript/fileName/Cinemachine3rdPersonFollow.cs: 4600bac2bdf6b37d80e86f9aa5a413c3 -> 
  custom:scripting/precompiled-assembly-types:Assembly-CSharp: e66928de38364bb08ef9436b3612de99 -> 
  custom:scripting/monoscript/fileName/SaveDuringPlay.cs: de39f1962b337699845d3d8a2e8f5bde -> 
========================================================================
Received Prepare
Caller must complete domain reload
Begin MonoManager ReloadAssembly
- Loaded All Assemblies, in  0.240 seconds
Native extension for WindowsStandalone target not found
Mono: successfully reloaded assembly
- Finished resetting the current domain, in  0.574 seconds
Domain Reload Profiling: 813ms
	BeginReloadAssembly (88ms)
		ExecutionOrderSort (0ms)
		DisableScriptedObjects (3ms)
		BackupInstance (0ms)
		ReleaseScriptingObjects (0ms)
		CreateAndSetChildDomain (17ms)
	RebuildCommonClasses (18ms)
	RebuildNativeTypeToScriptingClass (6ms)
	initialDomainReloadingComplete (14ms)
	LoadAllAssembliesAndSetupDomain (113ms)
		LoadAssemblies (152ms)
		RebuildTransferFunctionScriptingTraits (0ms)
		AnalyzeDomain (9ms)
			TypeCache.Refresh (4ms)
				TypeCache.ScanAssembly (0ms)
			ScanForSourceGeneratedMonoScriptInfo (0ms)
			ResolveRequiredComponents (3ms)
	FinalizeReload (574ms)
		ReleaseScriptCaches (0ms)
		RebuildScriptCaches (0ms)
		SetupLoadedEditorAssemblies (242ms)
			LogAssemblyErrors (0ms)
			InitializePlatformSupportModulesInManaged (3ms)
			SetLoadedEditorAssemblies (2ms)
			RefreshPlugins (0ms)
			BeforeProcessingInitializeOnLoad (35ms)
			ProcessInitializeOnLoadAttributes (188ms)
			ProcessInitializeOnLoadMethodAttributes (13ms)
			AfterProcessingInitializeOnLoad (1ms)
			EditorAssembliesLoaded (0ms)
		ExecutionOrderSort2 (0ms)
		AwakeInstancesAfterBackupRestoration (5ms)
Refreshing native plugins compatible for Editor in 2.13 ms, found 3 plugins.
Preloading 0 native plugins for Editor in 0.00 ms.
Unloading 3391 Unused Serialized files (Serialized files now loaded: 0)
Unloading 16 unused Assets / (124.5 KB). Loaded Objects now: 4239.
Memory consumption went from 130.5 MB to 130.3 MB.
Total: 1.785900 ms (FindLiveObjects: 0.163400 ms CreateObjectMapping: 0.046400 ms MarkObjects: 1.514700 ms  DeleteObjects: 0.060800 ms)

Prepare: number of updated asset objects reloaded= 0
AssetImportParameters requested are different than current active one (requested -> active):
  custom:scripting/monoscript/fileName/CinemachineGroupComposerEditor.cs: 54a07f36704e77a685a5e7e8c8b2c216 -> 
  custom:scripting/monoscript/fileName/CinemachineConfinerEditor.cs: cc6c898a3390647ab91613c8a96de4b4 -> 
  custom:scripting/monoscript/fileName/CinemachineBlendDefinitionPropertyDrawer.cs: 7ae344d19d646b738f3c65294becf216 -> 
  custom:scripting/monoscript/fileName/CinemachineTrackedDollyEditor.cs: b4d6784c58752cea58aafd9a76ca4459 -> 
  custom:scripting/monoscript/fileName/CinemachineImpulseManager.cs: c34be3577a810e26fd0110c580799b88 -> 
  custom:scripting/monoscript/fileName/CinemachineSmoothPath.cs: c28db2688f35d70587b5f943431a010a -> 
  custom:scripting/monoscript/fileName/CinemachineStateDrivenCamera.cs: aea2468a7384be4ba6d1b043ccec135d -> 
  custom:container-demuxer-ogg: 62fdf1f143b41e24485cea50d1cbac27 -> 
  custom:scripting/monoscript/fileName/CinemachineBlenderSettings.cs: 9adcb80668a56be4cd8e31c1d3dc60ae -> 
  custom:scripting/monoscript/fileName/SignalSourceAsset.cs: f7ffd463dece56bad278f5a8d3ed7fc6 -> 
  custom:scripting/monoscript/fileName/CinemachineCore.cs: fe6c3be993819098833de1628bfd76b2 -> 
  custom:scripting/monoscript/fileName/CinemachineImpulseChannelPropertyDrawer.cs: 4b6390a17916751618e2a45cb8d47a80 -> 
  custom:scripting/monoscript/fileName/SerializedPropertyHelper.cs: b04ac165255e34bc2935ca9bf180e209 -> 
  custom:scripting/monoscript/fileName/CinemachineFramingTransposer.cs: 7943c9d436748359882d8f978cf86c91 -> 
  custom:scripting/monoscript/fileName/AxisState.cs: 1a494a66d8b9a58f4a6873f89bf5b094 -> 
  custom:scripting/monoscript/fileName/CinemachineClearShot.cs: 1da15f5c7903497ce3ae982ee4ee4779 -> 
  custom:scripting/monoscript/fileName/CinemachinePOVEditor.cs: 71db5a9242a182995b4ca15db516f628 -> 
  custom:scripting/monoscript/fileName/CinemachineMixer.cs: 2e36eb9e732dd7c8a32e8f83daebd6f4 -> 
  custom:scripting/monoscript/fileName/CinemachineConfiner.cs: 3813336c17662a5cb6b59ce5f1954254 -> 
  custom:video-codec-MediaFoundation-h265: 746d11721c4dcdbdad8f713fa42b33f4 -> 
  custom:scripting/monoscript/fileName/CinemachineBrain.cs: 365b4e0b6319f064062e97b8f8e32c8e -> 
  custom:scripting/monoscript/fileName/CinemachineImpulseDefinitionPropertyDrawer.cs: 1b2fc77b0a80a7e0e9045e0d44fb761c -> 
  custom:scripting/monoscript/fileName/CinemachineColliderPrefs.cs: 47106451d4685409820905badf49b71f -> 
  custom:scripting/monoscript/fileName/CinemachineFollowZoom.cs: eb74e2e98d3dc4647324e113f34710ca -> 
  custom:scripting/monoscript/fileName/CinemachineDebug.cs: 3077ed3b64725184c652d4c07ac732fd -> 
  custom:scripting/monoscript/fileName/CinemachineLensPresets.cs: 014747fb0ab87178c677520d0bf20bf7 -> 
  custom:video-decoder-ogg-theora: a1e56fd34408186e4bbccfd4996cb3dc -> 
  custom:scripting/monoscript/fileName/CinemachineCameraOffset.cs: a6887f67d3eb83cc6393b822d4e65121 -> 
  custom:scripting/monoscript/fileName/ICinemachineCamera.cs: 2faad4f04eaf5d98c2870adbfb06184e -> 
  custom:scripting/monoscript/fileName/CinemachineShotPlayable.cs: e346ad1ecb4af45da55274cb9abd9ec0 -> 
  custom:scripting/monoscript/fileName/CinemachineTagFieldPropertyDrawer.cs: e78491a12decd558a49d01cc583bfcfb -> 
  custom:framework-win-MediaFoundation: 216162199b28c13a410421893ffa2e32 -> 
  custom:scripting/monoscript/fileName/CinemachineVolumeSettings.cs: 22782cc3dbf8dfd1cb54e8486f29fe0d -> 
  custom:scripting/monoscript/fileName/CinemachineImpulseSourceEditor.cs: 0ef7804c69c18838aa65e6d5bae5b055 -> 
  custom:scripting/monoscript/fileName/CinemachineExternalCameraEditor.cs: d74df442250b898c9b40669a19100e9d -> 
  custom:scripting/monoscript/fileName/CinemachineTargetGroupEditor.cs: f70ac85df8c1c9bd0b83a35534bafd1f -> 
  custom:scripting/monoscript/fileName/CinemachineRecomposer.cs: 07354cca81f7d0775b027b5906330569 -> 
  custom:scripting/monoscript/fileName/CinemachineTransposer.cs: aa226dd144b3a977b86ea888b85df5fa -> 
  custom:scripting/monoscript/fileName/TargetPositionCache.cs: 49ce97e6930a536b43825141e0c2d3a4 -> 
  custom:scripting/monoscript/fileName/CinemachineExternalCamera.cs: d76122377115c288d881064c3f07a3f1 -> 
  custom:scripting/monoscript/fileName/ReflectionHelpers.cs: 60a5d38af3e775d0a421a7ff630d61cc -> 
  custom:scripting/monoscript/fileName/CinemachineVirtualCamera.cs: f16f2dc5bc1261579875c19605c45301 -> 
  custom:scripting/monoscript/fileName/Predictor.cs: d51584936cb5b31b30ee7b444e03385b -> 
  custom:scripting/monoscript/fileName/CinemachineOrbitalTransposerEditor.cs: 5ea2e4bec7ee6c24917bd86647f4bffa -> 
  custom:scripting/monoscript/fileName/CinemachineConfiner2DEditor.cs: 3f4b3d9b17ff5cd560135aa24f822994 -> 
  custom:scripting/monoscript/fileName/GroupWeightManipulator.cs: 588749cf3436a8199e762a8e09bc8de7 -> 
  custom:scripting/monoscript/fileName/AxisStatePropertyDrawer.cs: 2d807695a513641e771c78e6c342ff04 -> 
  custom:scripting/monoscript/fileName/CinemachineScreenComposerGuides.cs: cdc7ea02ccc4c8d1561d98d16760d1ca -> 
  custom:scripting/monoscript/fileName/CinemachinePropertyAttribute.cs: e8158d9725ac3a9129a08e46a4ff7519 -> 
  custom:scripting/monoscript/fileName/CinemachineVirtualCameraEditor.cs: 2e051d0c474634e907fe4123d6e2656e -> 
  custom:scripting/monoscript/fileName/CinemachineSettings.cs: 197f6d5ad32e253546b5afa056a5bba4 -> 
  custom:scripting/monoscript/fileName/CinemachineNoiseSettingsEditor.cs: 9056e69d9c759ba2504535054fff31c9 -> 
  custom:scripting/monoscript/fileName/CinemachineTriggerAction.cs: cab9c5d02c28af05797c2c3743539bdb -> 
  custom:scripting/monoscript/fileName/InspectorUtility.cs: d2444697ecf5f370ee1ff9969e9d66f8 -> 1cf92e4af45cb9e9886ec49564b001a9
  custom:CustomObjectIndexerAttribute: 9a22284fe3817be447336de3de66b15e -> 
  custom:scripting/monoscript/fileName/CinemachineBlenderSettingsEditor.cs: c57aa7de12bc3e7367ca091f4902c67b -> 
  custom:scripting/precompiled-assembly-types:Cinemachine: 54c8b091bb91c32bfeada952c9c53e21 -> 
  custom:scripting/monoscript/fileName/CinemachineImpulseDefinition.cs: 3d434086a2bdaf715abf85e79e9f14b4 -> 
  custom:scripting/precompiled-assembly-types:com.unity.cinemachine.editor: e24bde9f61664824443e2ae04112f2bb -> 
  custom:scripting/monoscript/fileName/Cinemachine3rdPersonFollowEditor.cs: f79aa162534f81c680877e6274b5d6ec -> 
  custom:scripting/monoscript/fileName/EmbeddedAssetPropertyDrawer.cs: fd7ebc18093de04c88d0cfc86fb060f5 -> 
  custom:container-demuxer-webm: 4f35f7cbe854078d1ac9338744f61a02 -> 
  custom:scripting/monoscript/fileName/ConfinerOven.cs: ff23c03e90b61beb34474fc6e4ff668c -> 
  custom:scripting/monoscript/fileName/WaveformWindow.cs: 01bbc4fc017d41a2bab7fb57c988e8da -> 
  custom:scripting/monoscript/fileName/CinemachinePipeline.cs: 6ca7a5979a0a73ea1d450a8fc9b437ef -> 
  custom:scripting/monoscript/fileName/VcamStageEditor.cs: 84b0eaf932b448975a99972628e556d8 -> 
  custom:scripting/monoscript/fileName/CinemachineFramingTransposerEditor.cs: 1653e1c00b2ca68b1d40f01e5bfb8445 -> 
  custom:scripting/monoscript/fileName/CinemachineStateDrivenCameraEditor.cs: 77d9f0a97385f936d9b4ffaa686bce39 -> 
  custom:scripting/monoscript/fileName/OrbitalTransposerHeadingPropertyDrawer.cs: 22496b76ce84f35f630c90badc4babd8 -> 
  custom:scripting/monoscript/fileName/CinemachinePathEditor.cs: ce10985fbf0e018e2dea63fedae131ba -> 
  custom:scripting/monoscript/fileName/CinemachineCollider.cs: 8fa92f525b1c31cd81812685d7f8c288 -> 
  custom:scripting/monoscript/fileName/CinemachineCollisionImpulseSourceEditor.cs: 29f9a522ec6b23375849ba08fd597c8d -> 
  custom:scripting/monoscript/fileName/CinemachineInputProvider.cs: ecb845de690695f08b3b3bb647cc7006 -> 
  custom:scripting/monoscript/fileName/CinemachineColliderEditor.cs: 859d1abbd669ee84cb713f6d4d0e1c5f -> 
  custom:scripting/monoscript/fileName/CinemachineExtension.cs: 6968db4afcdc301f6acb1ef4fbadb2f4 -> 
  custom:scripting/monoscript/fileName/CinemachineTargetGroup.cs: 10a09aa736b3a25da6dd9fc3c4dd9d36 -> 
  custom:scripting/monoscript/fileName/EmbeddedAssetHelpers.cs: 90647cc400823b41df847a6cbfc29026 -> 
  custom:scripting/monoscript/fileName/CinemachineBlendListCamera.cs: 66104ac24fef171d9f5d5b93a8cb2f83 -> 
  custom:scripting/monoscript/fileName/CinemachineComponentBase.cs: 5293f153c13e9bd2fc262ec31ff69206 -> 
  custom:scripting/monoscript/fileName/BaseEditor.cs: 90647cc400823b41df847a6cbfc29026 -> 
  custom:container-muxer-webm: aa71ff27fc2769a1b78a27578f13a17b -> 
  custom:video-decoder-webm-vp8: 9c59270c3fd7afecdb556c50c9e8de78 -> 
  custom:scripting/monoscript/fileName/CinemachineHardLookAt.cs: 792580aec23d39bcecd7ceea4c27a0ce -> 
  custom:scripting/monoscript/fileName/CinemachineInputAxisDriver.cs: 7e424e54660fed310c58dc98ea41042e -> 
  custom:scripting/monoscript/fileName/CinemachineStoryboardEditor.cs: 2e7ec8bfb72013eaaff4873a27da019c -> 
  custom:scripting/monoscript/fileName/CinemachineBasicMultiChannelPerlin.cs: bd5416e75860cd63657371207eb79058 -> 
  custom:SearchIndexIgnoredProperties: e643bd26f0fe6173181afceb89e7c659 -> 
  custom:AudioImporter_EditorPlatform: d09bf68614088b80899f8185d706f6e7 -> 
  custom:scripting/monoscript/fileName/CinemachineMixingCamera.cs: 739c5ceb76c01023f431794ec46a0177 -> 
  custom:scripting/monoscript/fileName/CinemachinePath.cs: b443d3c8837a65ddc3c78741cd58ec71 -> 
  custom:scripting/monoscript/fileName/CinemachineImpulseListenerEditor.cs: d5d28e418f87c111bce1c1b98f1f70ba -> 
  custom:scripting/monoscript/fileName/Avoider.cs: ae32a89b624ae2a4ae1c49a2b33fb966 -> 
  custom:scripting/monoscript/fileName/CinemachineDollyCart.cs: bbe9d07f4a2f7ee5ab002e66cb05f922 -> 
  custom:scripting/monoscript/fileName/CinemachineStoryboard.cs: 59a2099f76be9b47af1e12ed7d40f553 -> 
  custom:scripting/monoscript/fileName/CinemachinePixelPerfect.cs: 2f42bea4517739481ed2553d1616050e -> 
  custom:scripting/monoscript/fileName/CinemachineTrackedDolly.cs: f6a9c21b27ad86d45f62f6b444ccbb49 -> 
  custom:scripting/monoscript/fileName/CinemachineHardLookAtEditor.cs: 15b8f2af6a6d786898ce5dd6b0db26dc -> 
  custom:scripting/monoscript/fileName/CinemachineComposer.cs: e399dfd36807c341da7cd182ce299d1e -> 
  custom:scripting/monoscript/fileName/CinemachineTrack.cs: 4b50d47d507c57dc81b82253ec075194 -> 
  custom:scripting/monoscript/fileName/CinemachineSmoothPathEditor.cs: 7555bcba4eb760e012dd21c6730ae562 -> 
  custom:scripting/monoscript/fileName/ScriptableObjectUtility.cs: c529d074f6f57a07e3f410d488963bbc -> 
  custom:scripting/monoscript/fileName/CinemachineOrbitalTransposer.cs: 71c52878ba6d43827473a480056a99da -> 
  custom:scripting/monoscript/fileName/CinemachinePathBase.cs: debb99764287c54cae06313e2d6a1fe1 -> 
  custom:scripting/monoscript/fileName/CinemachineImpulseSource.cs: ac073b8453e26c5dd422d5f1a90a7ff2 -> 
  custom:scripting/monoscript/fileName/CinemachineImpulseEnvelopePropertyDrawer.cs: 07e00c9c84964a5c7e4f3f19e4263ec1 -> 
  custom:scripting/monoscript/fileName/SplineHelpers.cs: 9e5bf4293b3828088291b7871e233a27 -> 
  custom:scripting/monoscript/fileName/CinemachineSameAsFollowTargetEditor.cs: 6def40fc1e39b3242347b6630fb5127e -> 
  custom:scripting/monoscript/fileName/CinemachineBlendListCameraEditor.cs: dbc12d2a9f3e2999a067290c411b2aca -> 
  custom:scripting/monoscript/fileName/CinemachineShot.cs: 3d4d9d05534db20e82d871d98ea52716 -> 
  custom:scripting/monoscript/fileName/UnityVectorExtensions.cs: 052777772edecdffe26d41a6a989641e -> 
  custom:scripting/monoscript/fileName/CinemachineBasicMultiChannelPerlinEditor.cs: d6749cd6c482efa27bdd41f60394f1b9 -> 
  custom:scripting/monoscript/fileName/CinemachineImpulseChannels.cs: a9a39cc5ecea1f083db0fce154eec19c -> 
  custom:scripting/monoscript/fileName/CinemachineHardLockToTarget.cs: d349308c5b4f600a345055c394206f52 -> 
  custom:scripting/monoscript/fileName/CinemachineConfiner2D.cs: beb10be0db8ff9d3a94bd0a150963b9b -> 
  custom:scripting/monoscript/fileName/LensSettings.cs: 4335e899502c57ee4480b8c9aa915366 -> 
  custom:scripting/monoscript/fileName/Cinemachine3rdPersonAim.cs: 4bd230d915f070bb3cae23bef6f7ab70 -> 
  custom:scripting/monoscript/fileName/CinemachineImpulseListener.cs: 6aac146243d38e7a67346170caa40ea1 -> 
  custom:video-encoder-webm-vp8: eb34c28f22e8b96e1ab97ce403110664 -> 
  custom:scripting/monoscript/fileName/CinemachineMenu.cs: 7b932811d9fa1e44d0d8b2b9ed75adf3 -> 
  custom:scripting/monoscript/fileName/RuntimeUtility.cs: 8c92a9f673836e5d2084dbeb0f10159f -> 
  custom:scripting/monoscript/fileName/CinemachineFreeLook.cs: bebc32b18bc4beddc113bad68624e557 -> 
  custom:audio-decoder-ogg-vorbis: bf7c407c2cedff20999df2af8eb42d56 -> 
  custom:scripting/monoscript/fileName/CinemachineGroupComposer.cs: 173a689a80ef321c302f9c045419668f -> 
  custom:scripting/monoscript/fileName/CinemachineVirtualCameraBase.cs: c7e60cccdcb14ee2a33da9fd46c1c54f -> 
  custom:scripting/monoscript/fileName/CinemachineFixedSignal.cs: aedcdca7a861da6e456e0ae105b24c41 -> 
  custom:scripting/monoscript/fileName/CinemachineShotClipEditor.cs: 123a48531bf1d1b4f3c8398556caec62 -> 
  custom:scripting/monoscript/fileName/CinemachineTouchInputMapper.cs: b9698729a07a7d31c864247e0582b566 -> 
  custom:scripting/monoscript/fileName/CinemachinePOV.cs: e4df06d1994174afa286b103eb06ee7f -> 
  custom:scripting/monoscript/fileName/CinemachineBlend.cs: f33659d50c4d86144d649aa7e8196529 -> 
  custom:scripting/monoscript/fileName/CinemachineFreeLookEditor.cs: 9641291977c1891a004ac4c4c259e1c8 -> 
  custom:scripting/monoscript/fileName/CinemachineTransposerEditor.cs: 85841a774ddea4fb7232a7a585f716b4 -> 
  custom:scripting/monoscript/fileName/clipper.cs: 2a50e35a835148907b3c1fa8e187ab2b -> 
  custom:scripting/monoscript/fileName/NoiseSettings.cs: 443d576e0c72ab62870476103c9384ec -> 
  custom:scripting/monoscript/fileName/GaussianFilter.cs: 0a3672ebe80edf7c5daca82445c15683 -> 
  custom:scripting/monoscript/fileName/CinemachineSceneTools.cs: d63880a6073ab3335301b115db235b5b -> 
  custom:scripting/monoscript/fileName/CinemachineTriggerActionEditor.cs: 2309a2ec6192ace4cae8bab5a535978e -> 
  custom:scripting/monoscript/fileName/VcamTargetPropertyDrawer.cs: 9208050b1312b118a226fef2d63e8fa1 -> 
  custom:scripting/monoscript/fileName/CinemachineCollisionImpulseSource.cs: 9aae5e368cb7786be199f98f2122f96d -> 
  custom:scripting/monoscript/fileName/CinemachineClearShotEditor.cs: ca8875b47e775cd361c78158d7923690 -> 
  custom:scripting/monoscript/fileName/CinemachineEditorAnalytics.cs: de76cc292d7ecedcf47af6616498c9f9 -> 
  custom:scripting/monoscript/fileName/NoiseSettingsPropertyDrawer.cs: 8d3f69ba7eeec63914970bd3136b6ace -> 
  custom:scripting/monoscript/fileName/CinemachineBrainEditor.cs: 49621d8b7679c0b5d128fef53d55becd -> 
  custom:scripting/monoscript/fileName/CinemachineShotEditor.cs: 2ba28b209a4ad7f0a791994d2360a9af -> 
  custom:scripting/monoscript/fileName/PlayerMovement.cs: 42480eed24e61f9d7e7e895933644f96 -> 
  custom:scripting/monoscript/fileName/CinemachineHardLockToTargetEditor.cs: c65eaafd47115974a2a9379aae467b0e -> 
  custom:audio-encoder-webm-vorbis: bf7c407c2cedff20999df2af8eb42d56 -> 
  custom:scripting/monoscript/fileName/CameraState.cs: 6ae7088fa20820e052d1e4d86059e90b -> 
  custom:scripting/monoscript/fileName/CinemachineToolbarOverlay.cs: 371b6fc494252d6fda34e207e170cb66 -> 
  custom:scripting/monoscript/fileName/CinemachineIndependentImpulseListener.cs: 91ae8748b9c36955c333e57505ff90fb -> 
  custom:scripting/monoscript/fileName/CinemachineMixingCameraEditor.cs: 1c122a21d710512fec62cdc7bd351681 -> 
  custom:scripting/monoscript/fileName/CinemachinePostProcessing.cs: bf9b100a1b61fd5383288bc96487c194 -> 
  custom:scripting/monoscript/fileName/CinemachineSameAsFollowTarget.cs: bcfa2d394e1e5460b4ef3dc039214a16 -> 
  custom:scripting/monoscript/fileName/CinemachineVirtualCameraBaseEditor.cs: 13ee4931cd85df4b22852d0547b5e690 -> 
  custom:scripting/monoscript/fileName/UpdateTracker.cs: 3dac8a24a32a32e4bbfeb38ed26ef250 -> 
  custom:scripting/monoscript/fileName/CinemachineComposerEditor.cs: dda533b9c6cb2b366292f584704bd904 -> 
  custom:scripting/monoscript/fileName/Cinemachine3rdPersonFollow.cs: 4600bac2bdf6b37d80e86f9aa5a413c3 -> 
  custom:scripting/precompiled-assembly-types:Assembly-CSharp: e66928de38364bb08ef9436b3612de99 -> 
  custom:scripting/monoscript/fileName/SaveDuringPlay.cs: de39f1962b337699845d3d8a2e8f5bde -> 
========================================================================
Received Import Request.
  Time since last request: 580.688841 seconds.
  path: Assets/New Material.mat
  artifactKey: Guid(c30092269ef1d364e85d71d328729dea) Importer(815301076,1909f56bfc062723c751e8b465ee728b)
Start importing Assets/New Material.mat using Guid(c30092269ef1d364e85d71d328729dea) Importer(815301076,1909f56bfc062723c751e8b465ee728b) [PhysX] Initialized MultithreadedTaskDispatcher with 32 workers.
[PhysX] Initialized MultithreadedTaskDispatcher with 32 workers.
 -> (artifact id: 'ebfb7eae8515a20fd95cdcde4d406d45') in 0.051398 seconds
Number of updated asset objects reloaded before import = 0
Number of asset objects unloaded after import = 1
========================================================================
Received Import Request.
  Time since last request: 0.000024 seconds.
  path: Assets/New Material 2.mat
  artifactKey: Guid(89085dfcea0ce384dbcddf211e6b486a) Importer(815301076,1909f56bfc062723c751e8b465ee728b)
Start importing Assets/New Material 2.mat using Guid(89085dfcea0ce384dbcddf211e6b486a) Importer(815301076,1909f56bfc062723c751e8b465ee728b) [PhysX] Initialized MultithreadedTaskDispatcher with 32 workers.
[PhysX] Initialized MultithreadedTaskDispatcher with 32 workers.
 -> (artifact id: '3acf8dbf0c35eeb456e4ea4994e70393') in 0.008573 seconds
Number of updated asset objects reloaded before import = 0
Number of asset objects unloaded after import = 1
