Using pre-set license
Built from '2022.3/staging' branch; Version is '2022.3.62f1 (4af31df58517) revision 4911901'; Using compiler version '192829333'; Build Type 'Release'
OS: 'Windows 11  (10.0.26100) 64bit Core' Language: 'en' Physical Memory: 65315 MB
BatchMode: 1, IsHumanControllingUs: 0, StartBugReporterOnCrash: 0, Is64bit: 1, IsPro: 1

COMMAND LINE ARGUMENTS:
D:\Program Files\Unity Hub\Editor\2022.3.62f1\Editor\Unity.exe
-adb2
-batchMode
-noUpm
-name
AssetImportWorker1
-projectPath
C:/Users/Donovan/Desktop/Lab-Submission-5--Week-6-/Lab Submission 5 (Week 6)
-logFile
Logs/AssetImportWorker1.log
-srvPort
60362
Successfully changed project path to: C:/Users/Donovan/Desktop/Lab-Submission-5--Week-6-/Lab Submission 5 (Week 6)
C:/Users/Donovan/Desktop/Lab-Submission-5--Week-6-/Lab Submission 5 (Week 6)
[UnityMemory] Configuration Parameters - Can be set up in boot.config
    "memorysetup-bucket-allocator-granularity=16"
    "memorysetup-bucket-allocator-bucket-count=8"
    "memorysetup-bucket-allocator-block-size=33554432"
    "memorysetup-bucket-allocator-block-count=8"
    "memorysetup-main-allocator-block-size=16777216"
    "memorysetup-thread-allocator-block-size=16777216"
    "memorysetup-gfx-main-allocator-block-size=16777216"
    "memorysetup-gfx-thread-allocator-block-size=16777216"
    "memorysetup-cache-allocator-block-size=4194304"
    "memorysetup-typetree-allocator-block-size=2097152"
    "memorysetup-profiler-bucket-allocator-granularity=16"
    "memorysetup-profiler-bucket-allocator-bucket-count=8"
    "memorysetup-profiler-bucket-allocator-block-size=33554432"
    "memorysetup-profiler-bucket-allocator-block-count=8"
    "memorysetup-profiler-allocator-block-size=16777216"
    "memorysetup-profiler-editor-allocator-block-size=1048576"
    "memorysetup-temp-allocator-size-main=16777216"
    "memorysetup-job-temp-allocator-block-size=2097152"
    "memorysetup-job-temp-allocator-block-size-background=1048576"
    "memorysetup-job-temp-allocator-reduction-small-platforms=262144"
    "memorysetup-allocator-temp-initial-block-size-main=262144"
    "memorysetup-allocator-temp-initial-block-size-worker=262144"
    "memorysetup-temp-allocator-size-background-worker=32768"
    "memorysetup-temp-allocator-size-job-worker=262144"
    "memorysetup-temp-allocator-size-preload-manager=33554432"
    "memorysetup-temp-allocator-size-nav-mesh-worker=65536"
    "memorysetup-temp-allocator-size-audio-worker=65536"
    "memorysetup-temp-allocator-size-cloud-worker=32768"
    "memorysetup-temp-allocator-size-gi-baking-worker=262144"
    "memorysetup-temp-allocator-size-gfx=262144"
Player connection [40952]  Target information:

Player connection [40952]  * "[IP] 192.168.0.97 [Port] 0 [Flags] 2 [Guid] 258602882 [EditorId] 258602882 [Version] 1048832 [Id] WindowsEditor(7,BeQuiet) [Debug] 1 [PackageName] WindowsEditor [ProjectName] Editor" 

Player connection [40952] Host joined multi-casting on [225.0.0.222:54997]...
Player connection [40952] Host joined alternative multi-casting on [225.0.0.222:34997]...
Input System module state changed to: Initialized.
[PhysX] Initialized MultithreadedTaskDispatcher with 32 workers.
Refreshing native plugins compatible for Editor in 6.63 ms, found 3 plugins.
Preloading 0 native plugins for Editor in 0.00 ms.
Initialize engine version: 2022.3.62f1 (4af31df58517)
[Subsystems] Discovering subsystems at path D:/Program Files/Unity Hub/Editor/2022.3.62f1/Editor/Data/Resources/UnitySubsystems
[Subsystems] Discovering subsystems at path C:/Users/Donovan/Desktop/Lab-Submission-5--Week-6-/Lab Submission 5 (Week 6)/Assets
GfxDevice: creating device client; threaded=0; jobified=0
Direct3D:
    Version:  Direct3D 11.0 [level 11.1]
    Renderer: NVIDIA GeForce RTX 4080 (ID=0x2704)
    Vendor:   NVIDIA
    VRAM:     16050 MB
    Driver:   32.0.15.8129
Initialize mono
Mono path[0] = 'D:/Program Files/Unity Hub/Editor/2022.3.62f1/Editor/Data/Managed'
Mono path[1] = 'D:/Program Files/Unity Hub/Editor/2022.3.62f1/Editor/Data/MonoBleedingEdge/lib/mono/unityjit-win32'
Mono config path = 'D:/Program Files/Unity Hub/Editor/2022.3.62f1/Editor/Data/MonoBleedingEdge/etc'
Using monoOptions --debugger-agent=transport=dt_socket,embedding=1,server=y,suspend=n,address=127.0.0.1:56780
Begin MonoManager ReloadAssembly
Registering precompiled unity dll's ...
Register platform support module: D:/Program Files/Unity Hub/Editor/2022.3.62f1/Editor/Data/PlaybackEngines/WindowsStandaloneSupport/UnityEditor.WindowsStandalone.Extensions.dll
Registered in 0.002026 seconds.
- Loaded All Assemblies, in  0.184 seconds
Native extension for WindowsStandalone target not found
Mono: successfully reloaded assembly
- Finished resetting the current domain, in  0.139 seconds
Domain Reload Profiling: 323ms
	BeginReloadAssembly (56ms)
		ExecutionOrderSort (0ms)
		DisableScriptedObjects (0ms)
		BackupInstance (0ms)
		ReleaseScriptingObjects (0ms)
		CreateAndSetChildDomain (0ms)
	RebuildCommonClasses (18ms)
	RebuildNativeTypeToScriptingClass (5ms)
	initialDomainReloadingComplete (27ms)
	LoadAllAssembliesAndSetupDomain (78ms)
		LoadAssemblies (56ms)
		RebuildTransferFunctionScriptingTraits (0ms)
		AnalyzeDomain (77ms)
			TypeCache.Refresh (76ms)
				TypeCache.ScanAssembly (68ms)
			ScanForSourceGeneratedMonoScriptInfo (0ms)
			ResolveRequiredComponents (0ms)
	FinalizeReload (139ms)
		ReleaseScriptCaches (0ms)
		RebuildScriptCaches (0ms)
		SetupLoadedEditorAssemblies (114ms)
			LogAssemblyErrors (0ms)
			InitializePlatformSupportModulesInManaged (5ms)
			SetLoadedEditorAssemblies (4ms)
			RefreshPlugins (0ms)
			BeforeProcessingInitializeOnLoad (1ms)
			ProcessInitializeOnLoadAttributes (78ms)
			ProcessInitializeOnLoadMethodAttributes (26ms)
			AfterProcessingInitializeOnLoad (0ms)
			EditorAssembliesLoaded (0ms)
		ExecutionOrderSort2 (0ms)
		AwakeInstancesAfterBackupRestoration (0ms)
========================================================================
Worker process is ready to serve import requests
Caller must complete domain reload
Begin MonoManager ReloadAssembly
- Loaded All Assemblies, in  0.368 seconds
Native extension for WindowsStandalone target not found
Mono: successfully reloaded assembly
- Finished resetting the current domain, in  0.313 seconds
Domain Reload Profiling: 681ms
	BeginReloadAssembly (98ms)
		ExecutionOrderSort (0ms)
		DisableScriptedObjects (5ms)
		BackupInstance (0ms)
		ReleaseScriptingObjects (0ms)
		CreateAndSetChildDomain (21ms)
	RebuildCommonClasses (19ms)
	RebuildNativeTypeToScriptingClass (6ms)
	initialDomainReloadingComplete (23ms)
	LoadAllAssembliesAndSetupDomain (220ms)
		LoadAssemblies (162ms)
		RebuildTransferFunctionScriptingTraits (0ms)
		AnalyzeDomain (104ms)
			TypeCache.Refresh (91ms)
				TypeCache.ScanAssembly (83ms)
			ScanForSourceGeneratedMonoScriptInfo (8ms)
			ResolveRequiredComponents (3ms)
	FinalizeReload (313ms)
		ReleaseScriptCaches (0ms)
		RebuildScriptCaches (0ms)
		SetupLoadedEditorAssemblies (239ms)
			LogAssemblyErrors (0ms)
			InitializePlatformSupportModulesInManaged (3ms)
			SetLoadedEditorAssemblies (2ms)
			RefreshPlugins (0ms)
			BeforeProcessingInitializeOnLoad (31ms)
			ProcessInitializeOnLoadAttributes (191ms)
			ProcessInitializeOnLoadMethodAttributes (11ms)
			AfterProcessingInitializeOnLoad (1ms)
			EditorAssembliesLoaded (0ms)
		ExecutionOrderSort2 (0ms)
		AwakeInstancesAfterBackupRestoration (4ms)
Launched and connected shader compiler UnityShaderCompiler.exe after 0.02 seconds
Refreshing native plugins compatible for Editor in 2.25 ms, found 3 plugins.
Preloading 0 native plugins for Editor in 0.00 ms.
Unloading 3398 Unused Serialized files (Serialized files now loaded: 0)
Unloading 32 unused Assets / (128.0 KB). Loaded Objects now: 3863.
Memory consumption went from 126.3 MB to 126.1 MB.
Total: 1.984000 ms (FindLiveObjects: 0.140900 ms CreateObjectMapping: 0.041000 ms MarkObjects: 1.718300 ms  DeleteObjects: 0.083000 ms)

AssetImportParameters requested are different than current active one (requested -> active):
  custom:container-demuxer-ogg: 62fdf1f143b41e24485cea50d1cbac27 -> 
  custom:video-codec-MediaFoundation-h265: 746d11721c4dcdbdad8f713fa42b33f4 -> 
  custom:video-decoder-ogg-theora: a1e56fd34408186e4bbccfd4996cb3dc -> 
  custom:framework-win-MediaFoundation: 216162199b28c13a410421893ffa2e32 -> 
  custom:CustomObjectIndexerAttribute: 9a22284fe3817be447336de3de66b15e -> 
  custom:container-demuxer-webm: 4f35f7cbe854078d1ac9338744f61a02 -> 
  custom:container-muxer-webm: aa71ff27fc2769a1b78a27578f13a17b -> 
  custom:video-decoder-webm-vp8: 9c59270c3fd7afecdb556c50c9e8de78 -> 
  custom:SearchIndexIgnoredProperties: e643bd26f0fe6173181afceb89e7c659 -> 
  custom:AudioImporter_EditorPlatform: d09bf68614088b80899f8185d706f6e7 -> 
  custom:video-encoder-webm-vp8: eb34c28f22e8b96e1ab97ce403110664 -> 
  custom:audio-decoder-ogg-vorbis: bf7c407c2cedff20999df2af8eb42d56 -> 
  custom:audio-encoder-webm-vorbis: bf7c407c2cedff20999df2af8eb42d56 -> 
========================================================================
Received Prepare
Caller must complete domain reload
Begin MonoManager ReloadAssembly
- Loaded All Assemblies, in  0.242 seconds
Native extension for WindowsStandalone target not found
Mono: successfully reloaded assembly
- Finished resetting the current domain, in  0.531 seconds
Domain Reload Profiling: 772ms
	BeginReloadAssembly (87ms)
		ExecutionOrderSort (0ms)
		DisableScriptedObjects (3ms)
		BackupInstance (0ms)
		ReleaseScriptingObjects (0ms)
		CreateAndSetChildDomain (18ms)
	RebuildCommonClasses (18ms)
	RebuildNativeTypeToScriptingClass (5ms)
	initialDomainReloadingComplete (14ms)
	LoadAllAssembliesAndSetupDomain (117ms)
		LoadAssemblies (148ms)
		RebuildTransferFunctionScriptingTraits (0ms)
		AnalyzeDomain (14ms)
			TypeCache.Refresh (5ms)
				TypeCache.ScanAssembly (0ms)
			ScanForSourceGeneratedMonoScriptInfo (4ms)
			ResolveRequiredComponents (3ms)
	FinalizeReload (532ms)
		ReleaseScriptCaches (0ms)
		RebuildScriptCaches (0ms)
		SetupLoadedEditorAssemblies (222ms)
			LogAssemblyErrors (0ms)
			InitializePlatformSupportModulesInManaged (3ms)
			SetLoadedEditorAssemblies (2ms)
			RefreshPlugins (0ms)
			BeforeProcessingInitializeOnLoad (31ms)
			ProcessInitializeOnLoadAttributes (173ms)
			ProcessInitializeOnLoadMethodAttributes (12ms)
			AfterProcessingInitializeOnLoad (1ms)
			EditorAssembliesLoaded (0ms)
		ExecutionOrderSort2 (0ms)
		AwakeInstancesAfterBackupRestoration (4ms)
Refreshing native plugins compatible for Editor in 2.42 ms, found 3 plugins.
Preloading 0 native plugins for Editor in 0.00 ms.
Unloading 3390 Unused Serialized files (Serialized files now loaded: 0)
Unloading 15 unused Assets / (99.7 KB). Loaded Objects now: 3878.
Memory consumption went from 125.2 MB to 125.1 MB.
Total: 2.300800 ms (FindLiveObjects: 0.152700 ms CreateObjectMapping: 0.050600 ms MarkObjects: 2.062200 ms  DeleteObjects: 0.035000 ms)

Prepare: number of updated asset objects reloaded= 0
AssetImportParameters requested are different than current active one (requested -> active):
  custom:container-demuxer-ogg: 62fdf1f143b41e24485cea50d1cbac27 -> 
  custom:video-codec-MediaFoundation-h265: 746d11721c4dcdbdad8f713fa42b33f4 -> 
  custom:video-decoder-ogg-theora: a1e56fd34408186e4bbccfd4996cb3dc -> 
  custom:framework-win-MediaFoundation: 216162199b28c13a410421893ffa2e32 -> 
  custom:CustomObjectIndexerAttribute: 9a22284fe3817be447336de3de66b15e -> 
  custom:container-demuxer-webm: 4f35f7cbe854078d1ac9338744f61a02 -> 
  custom:container-muxer-webm: aa71ff27fc2769a1b78a27578f13a17b -> 
  custom:video-decoder-webm-vp8: 9c59270c3fd7afecdb556c50c9e8de78 -> 
  custom:SearchIndexIgnoredProperties: e643bd26f0fe6173181afceb89e7c659 -> 
  custom:AudioImporter_EditorPlatform: d09bf68614088b80899f8185d706f6e7 -> 
  custom:scripting/monoscript/fileName/Avoider.cs: 1b4cbe598b709eb840930543170189bb -> ae32a89b624ae2a4ae1c49a2b33fb966
  custom:video-encoder-webm-vp8: eb34c28f22e8b96e1ab97ce403110664 -> 
  custom:audio-decoder-ogg-vorbis: bf7c407c2cedff20999df2af8eb42d56 -> 
  custom:audio-encoder-webm-vorbis: bf7c407c2cedff20999df2af8eb42d56 -> 
  custom:scripting/precompiled-assembly-types:Assembly-CSharp: 8c4ec901662a99d6a9d2a0b654596067 -> e66928de38364bb08ef9436b3612de99
========================================================================
Received Import Request.
  Time since last request: 4829.800372 seconds.
  path: Assets/Avoider.cs
  artifactKey: Guid(89e48af53936d6a47ac1af31d13bac6b) Importer(815301076,1909f56bfc062723c751e8b465ee728b)
Start importing Assets/Avoider.cs using Guid(89e48af53936d6a47ac1af31d13bac6b) Importer(815301076,1909f56bfc062723c751e8b465ee728b) [PhysX] Initialized MultithreadedTaskDispatcher with 32 workers.
 -> (artifact id: 'b655bb1d98dc4e90a9a5aa9dab44ac9c') in 0.001874 seconds
Number of updated asset objects reloaded before import = 0
Number of asset objects unloaded after import = 0
========================================================================
Received Prepare
Caller must complete domain reload
Begin MonoManager ReloadAssembly
- Loaded All Assemblies, in  0.248 seconds
Native extension for WindowsStandalone target not found
Mono: successfully reloaded assembly
- Finished resetting the current domain, in  0.541 seconds
Domain Reload Profiling: 788ms
	BeginReloadAssembly (92ms)
		ExecutionOrderSort (0ms)
		DisableScriptedObjects (3ms)
		BackupInstance (0ms)
		ReleaseScriptingObjects (0ms)
		CreateAndSetChildDomain (16ms)
	RebuildCommonClasses (19ms)
	RebuildNativeTypeToScriptingClass (6ms)
	initialDomainReloadingComplete (14ms)
	LoadAllAssembliesAndSetupDomain (116ms)
		LoadAssemblies (160ms)
		RebuildTransferFunctionScriptingTraits (0ms)
		AnalyzeDomain (9ms)
			TypeCache.Refresh (4ms)
				TypeCache.ScanAssembly (0ms)
			ScanForSourceGeneratedMonoScriptInfo (0ms)
			ResolveRequiredComponents (3ms)
	FinalizeReload (541ms)
		ReleaseScriptCaches (0ms)
		RebuildScriptCaches (0ms)
		SetupLoadedEditorAssemblies (226ms)
			LogAssemblyErrors (0ms)
			InitializePlatformSupportModulesInManaged (3ms)
			SetLoadedEditorAssemblies (2ms)
			RefreshPlugins (0ms)
			BeforeProcessingInitializeOnLoad (31ms)
			ProcessInitializeOnLoadAttributes (176ms)
			ProcessInitializeOnLoadMethodAttributes (12ms)
			AfterProcessingInitializeOnLoad (2ms)
			EditorAssembliesLoaded (0ms)
		ExecutionOrderSort2 (0ms)
		AwakeInstancesAfterBackupRestoration (5ms)
Refreshing native plugins compatible for Editor in 2.48 ms, found 3 plugins.
Preloading 0 native plugins for Editor in 0.00 ms.
Unloading 3389 Unused Serialized files (Serialized files now loaded: 0)
Unloading 15 unused Assets / (99.7 KB). Loaded Objects now: 3893.
Memory consumption went from 124.9 MB to 124.9 MB.
Total: 1.837200 ms (FindLiveObjects: 0.134700 ms CreateObjectMapping: 0.038800 ms MarkObjects: 1.601400 ms  DeleteObjects: 0.061600 ms)

Prepare: number of updated asset objects reloaded= 0
AssetImportParameters requested are different than current active one (requested -> active):
  custom:container-demuxer-ogg: 62fdf1f143b41e24485cea50d1cbac27 -> 
  custom:video-codec-MediaFoundation-h265: 746d11721c4dcdbdad8f713fa42b33f4 -> 
  custom:video-decoder-ogg-theora: a1e56fd34408186e4bbccfd4996cb3dc -> 
  custom:framework-win-MediaFoundation: 216162199b28c13a410421893ffa2e32 -> 
  custom:CustomObjectIndexerAttribute: 9a22284fe3817be447336de3de66b15e -> 
  custom:container-demuxer-webm: 4f35f7cbe854078d1ac9338744f61a02 -> 
  custom:container-muxer-webm: aa71ff27fc2769a1b78a27578f13a17b -> 
  custom:video-decoder-webm-vp8: 9c59270c3fd7afecdb556c50c9e8de78 -> 
  custom:SearchIndexIgnoredProperties: e643bd26f0fe6173181afceb89e7c659 -> 
  custom:AudioImporter_EditorPlatform: d09bf68614088b80899f8185d706f6e7 -> 
  custom:scripting/monoscript/fileName/Avoider.cs: 1b4cbe598b709eb840930543170189bb -> ae32a89b624ae2a4ae1c49a2b33fb966
  custom:video-encoder-webm-vp8: eb34c28f22e8b96e1ab97ce403110664 -> 
  custom:audio-decoder-ogg-vorbis: bf7c407c2cedff20999df2af8eb42d56 -> 
  custom:audio-encoder-webm-vorbis: bf7c407c2cedff20999df2af8eb42d56 -> 
  custom:scripting/precompiled-assembly-types:Assembly-CSharp: 8c4ec901662a99d6a9d2a0b654596067 -> e66928de38364bb08ef9436b3612de99
========================================================================
Received Prepare
Caller must complete domain reload
Begin MonoManager ReloadAssembly
- Loaded All Assemblies, in  0.457 seconds
Native extension for WindowsStandalone target not found
Mono: successfully reloaded assembly
- Finished resetting the current domain, in  1.043 seconds
Domain Reload Profiling: 1498ms
	BeginReloadAssembly (140ms)
		ExecutionOrderSort (0ms)
		DisableScriptedObjects (3ms)
		BackupInstance (0ms)
		ReleaseScriptingObjects (0ms)
		CreateAndSetChildDomain (27ms)
	RebuildCommonClasses (30ms)
	RebuildNativeTypeToScriptingClass (10ms)
	initialDomainReloadingComplete (28ms)
	LoadAllAssembliesAndSetupDomain (245ms)
		LoadAssemblies (307ms)
		RebuildTransferFunctionScriptingTraits (0ms)
		AnalyzeDomain (21ms)
			TypeCache.Refresh (8ms)
				TypeCache.ScanAssembly (0ms)
			ScanForSourceGeneratedMonoScriptInfo (6ms)
			ResolveRequiredComponents (5ms)
	FinalizeReload (1044ms)
		ReleaseScriptCaches (0ms)
		RebuildScriptCaches (0ms)
		SetupLoadedEditorAssemblies (373ms)
			LogAssemblyErrors (0ms)
			InitializePlatformSupportModulesInManaged (5ms)
			SetLoadedEditorAssemblies (4ms)
			RefreshPlugins (0ms)
			BeforeProcessingInitializeOnLoad (54ms)
			ProcessInitializeOnLoadAttributes (288ms)
			ProcessInitializeOnLoadMethodAttributes (18ms)
			AfterProcessingInitializeOnLoad (3ms)
			EditorAssembliesLoaded (0ms)
		ExecutionOrderSort2 (0ms)
		AwakeInstancesAfterBackupRestoration (8ms)
Refreshing native plugins compatible for Editor in 5.10 ms, found 3 plugins.
Preloading 0 native plugins for Editor in 0.00 ms.
Unloading 3390 Unused Serialized files (Serialized files now loaded: 0)
Unloading 15 unused Assets / (99.7 KB). Loaded Objects now: 3908.
Memory consumption went from 125.2 MB to 125.1 MB.
Total: 3.401500 ms (FindLiveObjects: 0.227200 ms CreateObjectMapping: 0.077700 ms MarkObjects: 3.053700 ms  DeleteObjects: 0.042100 ms)

Prepare: number of updated asset objects reloaded= 0
AssetImportParameters requested are different than current active one (requested -> active):
  custom:container-demuxer-ogg: 62fdf1f143b41e24485cea50d1cbac27 -> 
  custom:video-codec-MediaFoundation-h265: 746d11721c4dcdbdad8f713fa42b33f4 -> 
  custom:video-decoder-ogg-theora: a1e56fd34408186e4bbccfd4996cb3dc -> 
  custom:framework-win-MediaFoundation: 216162199b28c13a410421893ffa2e32 -> 
  custom:CustomObjectIndexerAttribute: 9a22284fe3817be447336de3de66b15e -> 
  custom:container-demuxer-webm: 4f35f7cbe854078d1ac9338744f61a02 -> 
  custom:container-muxer-webm: aa71ff27fc2769a1b78a27578f13a17b -> 
  custom:video-decoder-webm-vp8: 9c59270c3fd7afecdb556c50c9e8de78 -> 
  custom:SearchIndexIgnoredProperties: e643bd26f0fe6173181afceb89e7c659 -> 
  custom:AudioImporter_EditorPlatform: d09bf68614088b80899f8185d706f6e7 -> 
  custom:video-encoder-webm-vp8: eb34c28f22e8b96e1ab97ce403110664 -> 
  custom:audio-decoder-ogg-vorbis: bf7c407c2cedff20999df2af8eb42d56 -> 
  custom:audio-encoder-webm-vorbis: bf7c407c2cedff20999df2af8eb42d56 -> 
========================================================================
Received Prepare
Caller must complete domain reload
Begin MonoManager ReloadAssembly
- Loaded All Assemblies, in  0.444 seconds
Native extension for WindowsStandalone target not found
Mono: successfully reloaded assembly
- Finished resetting the current domain, in  0.979 seconds
Domain Reload Profiling: 1420ms
	BeginReloadAssembly (148ms)
		ExecutionOrderSort (0ms)
		DisableScriptedObjects (5ms)
		BackupInstance (0ms)
		ReleaseScriptingObjects (0ms)
		CreateAndSetChildDomain (28ms)
	RebuildCommonClasses (33ms)
	RebuildNativeTypeToScriptingClass (11ms)
	initialDomainReloadingComplete (24ms)
	LoadAllAssembliesAndSetupDomain (225ms)
		LoadAssemblies (294ms)
		RebuildTransferFunctionScriptingTraits (0ms)
		AnalyzeDomain (14ms)
			TypeCache.Refresh (6ms)
				TypeCache.ScanAssembly (0ms)
			ScanForSourceGeneratedMonoScriptInfo (4ms)
			ResolveRequiredComponents (4ms)
	FinalizeReload (980ms)
		ReleaseScriptCaches (0ms)
		RebuildScriptCaches (0ms)
		SetupLoadedEditorAssemblies (399ms)
			LogAssemblyErrors (0ms)
			InitializePlatformSupportModulesInManaged (5ms)
			SetLoadedEditorAssemblies (4ms)
			RefreshPlugins (0ms)
			BeforeProcessingInitializeOnLoad (57ms)
			ProcessInitializeOnLoadAttributes (312ms)
			ProcessInitializeOnLoadMethodAttributes (18ms)
			AfterProcessingInitializeOnLoad (2ms)
			EditorAssembliesLoaded (0ms)
		ExecutionOrderSort2 (0ms)
		AwakeInstancesAfterBackupRestoration (8ms)
Refreshing native plugins compatible for Editor in 6.29 ms, found 3 plugins.
Preloading 0 native plugins for Editor in 0.00 ms.
Unloading 3390 Unused Serialized files (Serialized files now loaded: 0)
Unloading 15 unused Assets / (99.7 KB). Loaded Objects now: 3923.
Memory consumption went from 125.2 MB to 125.1 MB.
Total: 3.402000 ms (FindLiveObjects: 0.202000 ms CreateObjectMapping: 0.077100 ms MarkObjects: 3.036000 ms  DeleteObjects: 0.086100 ms)

Prepare: number of updated asset objects reloaded= 0
AssetImportParameters requested are different than current active one (requested -> active):
  custom:container-demuxer-ogg: 62fdf1f143b41e24485cea50d1cbac27 -> 
  custom:video-codec-MediaFoundation-h265: 746d11721c4dcdbdad8f713fa42b33f4 -> 
  custom:video-decoder-ogg-theora: a1e56fd34408186e4bbccfd4996cb3dc -> 
  custom:framework-win-MediaFoundation: 216162199b28c13a410421893ffa2e32 -> 
  custom:CustomObjectIndexerAttribute: 9a22284fe3817be447336de3de66b15e -> 
  custom:container-demuxer-webm: 4f35f7cbe854078d1ac9338744f61a02 -> 
  custom:container-muxer-webm: aa71ff27fc2769a1b78a27578f13a17b -> 
  custom:video-decoder-webm-vp8: 9c59270c3fd7afecdb556c50c9e8de78 -> 
  custom:SearchIndexIgnoredProperties: e643bd26f0fe6173181afceb89e7c659 -> 
  custom:AudioImporter_EditorPlatform: d09bf68614088b80899f8185d706f6e7 -> 
  custom:video-encoder-webm-vp8: eb34c28f22e8b96e1ab97ce403110664 -> 
  custom:audio-decoder-ogg-vorbis: bf7c407c2cedff20999df2af8eb42d56 -> 
  custom:audio-encoder-webm-vorbis: bf7c407c2cedff20999df2af8eb42d56 -> 
========================================================================
Received Prepare
Caller must complete domain reload
Begin MonoManager ReloadAssembly
- Loaded All Assemblies, in  0.440 seconds
Native extension for WindowsStandalone target not found
Mono: successfully reloaded assembly
- Finished resetting the current domain, in  1.047 seconds
Domain Reload Profiling: 1483ms
	BeginReloadAssembly (136ms)
		ExecutionOrderSort (0ms)
		DisableScriptedObjects (6ms)
		BackupInstance (0ms)
		ReleaseScriptingObjects (0ms)
		CreateAndSetChildDomain (29ms)
	RebuildCommonClasses (32ms)
	RebuildNativeTypeToScriptingClass (11ms)
	initialDomainReloadingComplete (26ms)
	LoadAllAssembliesAndSetupDomain (232ms)
		LoadAssemblies (291ms)
		RebuildTransferFunctionScriptingTraits (0ms)
		AnalyzeDomain (23ms)
			TypeCache.Refresh (9ms)
				TypeCache.ScanAssembly (0ms)
			ScanForSourceGeneratedMonoScriptInfo (6ms)
			ResolveRequiredComponents (6ms)
	FinalizeReload (1047ms)
		ReleaseScriptCaches (0ms)
		RebuildScriptCaches (0ms)
		SetupLoadedEditorAssemblies (410ms)
			LogAssemblyErrors (0ms)
			InitializePlatformSupportModulesInManaged (5ms)
			SetLoadedEditorAssemblies (4ms)
			RefreshPlugins (0ms)
			BeforeProcessingInitializeOnLoad (56ms)
			ProcessInitializeOnLoadAttributes (324ms)
			ProcessInitializeOnLoadMethodAttributes (19ms)
			AfterProcessingInitializeOnLoad (2ms)
			EditorAssembliesLoaded (0ms)
		ExecutionOrderSort2 (0ms)
		AwakeInstancesAfterBackupRestoration (7ms)
Refreshing native plugins compatible for Editor in 4.96 ms, found 3 plugins.
Preloading 0 native plugins for Editor in 0.00 ms.
Unloading 3390 Unused Serialized files (Serialized files now loaded: 0)
Unloading 15 unused Assets / (99.7 KB). Loaded Objects now: 3938.
Memory consumption went from 125.2 MB to 125.1 MB.
Total: 2.918700 ms (FindLiveObjects: 0.214900 ms CreateObjectMapping: 0.080300 ms MarkObjects: 2.574600 ms  DeleteObjects: 0.047900 ms)

Prepare: number of updated asset objects reloaded= 0
AssetImportParameters requested are different than current active one (requested -> active):
  custom:container-demuxer-ogg: 62fdf1f143b41e24485cea50d1cbac27 -> 
  custom:video-codec-MediaFoundation-h265: 746d11721c4dcdbdad8f713fa42b33f4 -> 
  custom:video-decoder-ogg-theora: a1e56fd34408186e4bbccfd4996cb3dc -> 
  custom:framework-win-MediaFoundation: 216162199b28c13a410421893ffa2e32 -> 
  custom:CustomObjectIndexerAttribute: 9a22284fe3817be447336de3de66b15e -> 
  custom:container-demuxer-webm: 4f35f7cbe854078d1ac9338744f61a02 -> 
  custom:container-muxer-webm: aa71ff27fc2769a1b78a27578f13a17b -> 
  custom:video-decoder-webm-vp8: 9c59270c3fd7afecdb556c50c9e8de78 -> 
  custom:SearchIndexIgnoredProperties: e643bd26f0fe6173181afceb89e7c659 -> 
  custom:AudioImporter_EditorPlatform: d09bf68614088b80899f8185d706f6e7 -> 
  custom:video-encoder-webm-vp8: eb34c28f22e8b96e1ab97ce403110664 -> 
  custom:audio-decoder-ogg-vorbis: bf7c407c2cedff20999df2af8eb42d56 -> 
  custom:audio-encoder-webm-vorbis: bf7c407c2cedff20999df2af8eb42d56 -> 
========================================================================
Received Prepare
Caller must complete domain reload
Begin MonoManager ReloadAssembly
- Loaded All Assemblies, in  0.249 seconds
Native extension for WindowsStandalone target not found
Mono: successfully reloaded assembly
- Finished resetting the current domain, in  0.603 seconds
Domain Reload Profiling: 852ms
	BeginReloadAssembly (87ms)
		ExecutionOrderSort (0ms)
		DisableScriptedObjects (3ms)
		BackupInstance (0ms)
		ReleaseScriptingObjects (0ms)
		CreateAndSetChildDomain (17ms)
	RebuildCommonClasses (17ms)
	RebuildNativeTypeToScriptingClass (5ms)
	initialDomainReloadingComplete (14ms)
	LoadAllAssembliesAndSetupDomain (125ms)
		LoadAssemblies (156ms)
		RebuildTransferFunctionScriptingTraits (0ms)
		AnalyzeDomain (14ms)
			TypeCache.Refresh (6ms)
				TypeCache.ScanAssembly (1ms)
			ScanForSourceGeneratedMonoScriptInfo (4ms)
			ResolveRequiredComponents (3ms)
	FinalizeReload (604ms)
		ReleaseScriptCaches (0ms)
		RebuildScriptCaches (0ms)
		SetupLoadedEditorAssemblies (216ms)
			LogAssemblyErrors (0ms)
			InitializePlatformSupportModulesInManaged (3ms)
			SetLoadedEditorAssemblies (2ms)
			RefreshPlugins (0ms)
			BeforeProcessingInitializeOnLoad (32ms)
			ProcessInitializeOnLoadAttributes (167ms)
			ProcessInitializeOnLoadMethodAttributes (11ms)
			AfterProcessingInitializeOnLoad (1ms)
			EditorAssembliesLoaded (0ms)
		ExecutionOrderSort2 (0ms)
		AwakeInstancesAfterBackupRestoration (4ms)
Refreshing native plugins compatible for Editor in 2.08 ms, found 3 plugins.
Preloading 0 native plugins for Editor in 0.00 ms.
Unloading 3435 Unused Serialized files (Serialized files now loaded: 0)
Unloading 15 unused Assets / (99.7 KB). Loaded Objects now: 3998.
Memory consumption went from 126.2 MB to 126.1 MB.
Total: 1.716500 ms (FindLiveObjects: 0.141100 ms CreateObjectMapping: 0.041000 ms MarkObjects: 1.502600 ms  DeleteObjects: 0.031500 ms)

Prepare: number of updated asset objects reloaded= 0
AssetImportParameters requested are different than current active one (requested -> active):
  custom:scripting/monoscript/fileName/NavMeshSurface.cs: 34aebd278d8d3d5db6b23265b9c700f9 -> 
  custom:scripting/precompiled-assembly-types:Unity.AI.Navigation: 5d8fa505e3253b9a2a456e2c28a1afb3 -> 
  custom:container-demuxer-ogg: 62fdf1f143b41e24485cea50d1cbac27 -> 
  custom:scripting/monoscript/fileName/NavMeshModifierVolumeEditor.cs: 262a50135a116189426aa01c964a744c -> 
  custom:scripting/monoscript/fileName/NavigationOverlay.cs: 2744f4e7946ebbb71339c9b1ce538d00 -> 
  custom:scripting/monoscript/fileName/ConverterItemDescriptor.cs: 8182050d34c5cb602eb7913435a7abee -> 
  custom:video-codec-MediaFoundation-h265: 746d11721c4dcdbdad8f713fa42b33f4 -> 
  custom:scripting/monoscript/fileName/BuiltInToNavMeshSurfaceConverterContainer.cs: c40a906f9f99ea8a6c5aaa215767017f -> 
  custom:video-decoder-ogg-theora: a1e56fd34408186e4bbccfd4996cb3dc -> 
  custom:framework-win-MediaFoundation: 216162199b28c13a410421893ffa2e32 -> 
  custom:scripting/monoscript/fileName/NavigationWindow.cs: 7884404b71178f59d8819c380b951d7c -> 
  custom:scripting/monoscript/fileName/NavMeshComponentsGUIUtility.cs: 08c52049b94db52661003d42fda4ecff -> 
  custom:scripting/monoscript/fileName/ConverterItemInfo.cs: 9fb131dfa28a9ed6b6d00fd9cf83ece4 -> 
  custom:CustomObjectIndexerAttribute: 9a22284fe3817be447336de3de66b15e -> 
  custom:scripting/monoscript/fileName/NavMeshAssetManager.cs: 79eb4858c2054289cd611249ab36b0a5 -> 
  custom:scripting/monoscript/fileName/NavMeshSurfaceEditor.cs: adb1294e971eab992abc2e3e7e051565 -> 
  custom:container-demuxer-webm: 4f35f7cbe854078d1ac9338744f61a02 -> 
  custom:scripting/monoscript/fileName/NavMeshModifierVolume.cs: 8dc531216c72b86c60b86e16ff3da10b -> 
  custom:scripting/monoscript/fileName/NavMeshUpdaterUtility.cs: 5eb03802e6dba19b3e13aaf384805cac -> 
  custom:scripting/monoscript/fileName/NavigationPreferences.cs: ada9399a4f085d4c824cc06527e7fcae -> 
  custom:scripting/monoscript/fileName/NavMeshUpdaterEditor.cs: 169704080eda430978bba61ddedeb304 -> 
  custom:scripting/precompiled-assembly-types:Unity.AI.Navigation.Editor.ConversionSystem: 27c718e5de2659aeeb663e092dc21158 -> 
  custom:scripting/monoscript/fileName/NavMeshModifierEditor.cs: b8675d28116f43f78881455a7301fe8c -> 
  custom:container-muxer-webm: aa71ff27fc2769a1b78a27578f13a17b -> 
  custom:video-decoder-webm-vp8: 9c59270c3fd7afecdb556c50c9e8de78 -> 
  custom:scripting/precompiled-assembly-types:Unity.AI.Navigation.Editor: 7eaf38f66973fde07200cf372b24130e -> 
  custom:scripting/monoscript/fileName/HelpUrls.cs: c1a90585e3e9c9d25f58f9141655f24f -> 
  custom:scripting/monoscript/fileName/EditorStyles.cs: 86b9f4d8fe570a8d8295bfc466c975cf -> 
  custom:SearchIndexIgnoredProperties: e643bd26f0fe6173181afceb89e7c659 -> 
  custom:scripting/precompiled-assembly-types:Unity.AI.Navigation.Updater: d2095ddf03fd615830d6dacf5841450d -> 
  custom:scripting/monoscript/fileName/NavMeshLinkEditor.cs: aed8ae070d922149bb2ba3de06889ff6 -> 
  custom:AudioImporter_EditorPlatform: d09bf68614088b80899f8185d706f6e7 -> 
  custom:scripting/monoscript/fileName/NavMeshModifier.cs: 99ae5ed91bb784edc4f8312d7de046da -> 
  custom:scripting/monoscript/fileName/NavMeshSceneConverter.cs: baf486a1c1cdf03a3111dd113d13c2f4 -> 
  custom:scripting/monoscript/fileName/SystemConverterContainer.cs: eb4026ea01a117ce0888f693e9eed2cd -> 
  custom:scripting/monoscript/fileName/NavMeshLink.cs: 0b3d0eeb07ab57d259e8f9365538df09 -> 
  custom:scripting/monoscript/fileName/ObsoleteNavigationWindowMenuEntry.cs: c7f73386e6473f401a8e4151cac4e1e5 -> 
  custom:scripting/monoscript/fileName/InitializeConverterContext.cs: a97e19589a5774cdc2a34a28caea355f -> 
  custom:scripting/monoscript/fileName/SystemConverter.cs: c748d1769fc66e95256254a1cc1497f3 -> 
  custom:video-encoder-webm-vp8: eb34c28f22e8b96e1ab97ce403110664 -> 
  custom:audio-decoder-ogg-vorbis: bf7c407c2cedff20999df2af8eb42d56 -> 
  custom:scripting/monoscript/fileName/RunItemContext.cs: 338b2243183036c2b60f94c1b5e817c5 -> 
  custom:audio-encoder-webm-vorbis: bf7c407c2cedff20999df2af8eb42d56 -> 
  custom:scripting/monoscript/fileName/SystemConvertersEditor.cs: c127c1335f24b77ca70195bf2136c6a2 -> 
========================================================================
Received Prepare
Caller must complete domain reload
Begin MonoManager ReloadAssembly
- Loaded All Assemblies, in  0.240 seconds
Native extension for WindowsStandalone target not found
Mono: successfully reloaded assembly
- Finished resetting the current domain, in  0.594 seconds
Domain Reload Profiling: 833ms
	BeginReloadAssembly (86ms)
		ExecutionOrderSort (0ms)
		DisableScriptedObjects (3ms)
		BackupInstance (0ms)
		ReleaseScriptingObjects (0ms)
		CreateAndSetChildDomain (16ms)
	RebuildCommonClasses (18ms)
	RebuildNativeTypeToScriptingClass (6ms)
	initialDomainReloadingComplete (14ms)
	LoadAllAssembliesAndSetupDomain (115ms)
		LoadAssemblies (152ms)
		RebuildTransferFunctionScriptingTraits (0ms)
		AnalyzeDomain (9ms)
			TypeCache.Refresh (4ms)
				TypeCache.ScanAssembly (0ms)
			ScanForSourceGeneratedMonoScriptInfo (0ms)
			ResolveRequiredComponents (3ms)
	FinalizeReload (595ms)
		ReleaseScriptCaches (0ms)
		RebuildScriptCaches (0ms)
		SetupLoadedEditorAssemblies (248ms)
			LogAssemblyErrors (0ms)
			InitializePlatformSupportModulesInManaged (3ms)
			SetLoadedEditorAssemblies (2ms)
			RefreshPlugins (0ms)
			BeforeProcessingInitializeOnLoad (37ms)
			ProcessInitializeOnLoadAttributes (192ms)
			ProcessInitializeOnLoadMethodAttributes (12ms)
			AfterProcessingInitializeOnLoad (2ms)
			EditorAssembliesLoaded (0ms)
		ExecutionOrderSort2 (0ms)
		AwakeInstancesAfterBackupRestoration (5ms)
Refreshing native plugins compatible for Editor in 2.69 ms, found 3 plugins.
Preloading 0 native plugins for Editor in 0.00 ms.
Unloading 3435 Unused Serialized files (Serialized files now loaded: 0)
Unloading 15 unused Assets / (99.7 KB). Loaded Objects now: 4013.
Memory consumption went from 126.2 MB to 126.1 MB.
Total: 2.096900 ms (FindLiveObjects: 0.139400 ms CreateObjectMapping: 0.087600 ms MarkObjects: 1.835600 ms  DeleteObjects: 0.033800 ms)

Prepare: number of updated asset objects reloaded= 0
AssetImportParameters requested are different than current active one (requested -> active):
  custom:scripting/monoscript/fileName/NavMeshSurface.cs: 34aebd278d8d3d5db6b23265b9c700f9 -> 
  custom:scripting/precompiled-assembly-types:Unity.AI.Navigation: 5d8fa505e3253b9a2a456e2c28a1afb3 -> 
  custom:container-demuxer-ogg: 62fdf1f143b41e24485cea50d1cbac27 -> 
  custom:scripting/monoscript/fileName/NavMeshModifierVolumeEditor.cs: 262a50135a116189426aa01c964a744c -> 
  custom:scripting/monoscript/fileName/NavigationOverlay.cs: 2744f4e7946ebbb71339c9b1ce538d00 -> 
  custom:scripting/monoscript/fileName/ConverterItemDescriptor.cs: 8182050d34c5cb602eb7913435a7abee -> 
  custom:video-codec-MediaFoundation-h265: 746d11721c4dcdbdad8f713fa42b33f4 -> 
  custom:scripting/monoscript/fileName/BuiltInToNavMeshSurfaceConverterContainer.cs: c40a906f9f99ea8a6c5aaa215767017f -> 
  custom:video-decoder-ogg-theora: a1e56fd34408186e4bbccfd4996cb3dc -> 
  custom:framework-win-MediaFoundation: 216162199b28c13a410421893ffa2e32 -> 
  custom:scripting/monoscript/fileName/NavigationWindow.cs: 7884404b71178f59d8819c380b951d7c -> 
  custom:scripting/monoscript/fileName/NavMeshComponentsGUIUtility.cs: 08c52049b94db52661003d42fda4ecff -> 
  custom:scripting/monoscript/fileName/ConverterItemInfo.cs: 9fb131dfa28a9ed6b6d00fd9cf83ece4 -> 
  custom:CustomObjectIndexerAttribute: 9a22284fe3817be447336de3de66b15e -> 
  custom:scripting/monoscript/fileName/NavMeshAssetManager.cs: 79eb4858c2054289cd611249ab36b0a5 -> 
  custom:scripting/monoscript/fileName/NavMeshSurfaceEditor.cs: adb1294e971eab992abc2e3e7e051565 -> 
  custom:container-demuxer-webm: 4f35f7cbe854078d1ac9338744f61a02 -> 
  custom:scripting/monoscript/fileName/NavMeshModifierVolume.cs: 8dc531216c72b86c60b86e16ff3da10b -> 
  custom:scripting/monoscript/fileName/NavMeshUpdaterUtility.cs: 5eb03802e6dba19b3e13aaf384805cac -> 
  custom:scripting/monoscript/fileName/NavigationPreferences.cs: ada9399a4f085d4c824cc06527e7fcae -> 
  custom:scripting/monoscript/fileName/NavMeshUpdaterEditor.cs: 169704080eda430978bba61ddedeb304 -> 
  custom:scripting/precompiled-assembly-types:Unity.AI.Navigation.Editor.ConversionSystem: 27c718e5de2659aeeb663e092dc21158 -> 
  custom:scripting/monoscript/fileName/NavMeshModifierEditor.cs: b8675d28116f43f78881455a7301fe8c -> 
  custom:container-muxer-webm: aa71ff27fc2769a1b78a27578f13a17b -> 
  custom:video-decoder-webm-vp8: 9c59270c3fd7afecdb556c50c9e8de78 -> 
  custom:scripting/precompiled-assembly-types:Unity.AI.Navigation.Editor: 7eaf38f66973fde07200cf372b24130e -> 
  custom:scripting/monoscript/fileName/HelpUrls.cs: c1a90585e3e9c9d25f58f9141655f24f -> 
  custom:scripting/monoscript/fileName/EditorStyles.cs: 86b9f4d8fe570a8d8295bfc466c975cf -> 
  custom:SearchIndexIgnoredProperties: e643bd26f0fe6173181afceb89e7c659 -> 
  custom:scripting/precompiled-assembly-types:Unity.AI.Navigation.Updater: d2095ddf03fd615830d6dacf5841450d -> 
  custom:scripting/monoscript/fileName/NavMeshLinkEditor.cs: aed8ae070d922149bb2ba3de06889ff6 -> 
  custom:AudioImporter_EditorPlatform: d09bf68614088b80899f8185d706f6e7 -> 
  custom:scripting/monoscript/fileName/NavMeshModifier.cs: 99ae5ed91bb784edc4f8312d7de046da -> 
  custom:scripting/monoscript/fileName/NavMeshSceneConverter.cs: baf486a1c1cdf03a3111dd113d13c2f4 -> 
  custom:scripting/monoscript/fileName/SystemConverterContainer.cs: eb4026ea01a117ce0888f693e9eed2cd -> 
  custom:scripting/monoscript/fileName/NavMeshLink.cs: 0b3d0eeb07ab57d259e8f9365538df09 -> 
  custom:scripting/monoscript/fileName/ObsoleteNavigationWindowMenuEntry.cs: c7f73386e6473f401a8e4151cac4e1e5 -> 
  custom:scripting/monoscript/fileName/InitializeConverterContext.cs: a97e19589a5774cdc2a34a28caea355f -> 
  custom:scripting/monoscript/fileName/SystemConverter.cs: c748d1769fc66e95256254a1cc1497f3 -> 
  custom:video-encoder-webm-vp8: eb34c28f22e8b96e1ab97ce403110664 -> 
  custom:audio-decoder-ogg-vorbis: bf7c407c2cedff20999df2af8eb42d56 -> 
  custom:scripting/monoscript/fileName/RunItemContext.cs: 338b2243183036c2b60f94c1b5e817c5 -> 
  custom:audio-encoder-webm-vorbis: bf7c407c2cedff20999df2af8eb42d56 -> 
  custom:scripting/monoscript/fileName/SystemConvertersEditor.cs: c127c1335f24b77ca70195bf2136c6a2 -> 
========================================================================
Received Prepare
Caller must complete domain reload
Begin MonoManager ReloadAssembly
- Loaded All Assemblies, in  0.245 seconds
Native extension for WindowsStandalone target not found
Mono: successfully reloaded assembly
- Finished resetting the current domain, in  0.572 seconds
Domain Reload Profiling: 817ms
	BeginReloadAssembly (83ms)
		ExecutionOrderSort (0ms)
		DisableScriptedObjects (4ms)
		BackupInstance (0ms)
		ReleaseScriptingObjects (0ms)
		CreateAndSetChildDomain (14ms)
	RebuildCommonClasses (18ms)
	RebuildNativeTypeToScriptingClass (6ms)
	initialDomainReloadingComplete (14ms)
	LoadAllAssembliesAndSetupDomain (124ms)
		LoadAssemblies (159ms)
		RebuildTransferFunctionScriptingTraits (0ms)
		AnalyzeDomain (9ms)
			TypeCache.Refresh (4ms)
				TypeCache.ScanAssembly (0ms)
			ScanForSourceGeneratedMonoScriptInfo (0ms)
			ResolveRequiredComponents (3ms)
	FinalizeReload (573ms)
		ReleaseScriptCaches (0ms)
		RebuildScriptCaches (0ms)
		SetupLoadedEditorAssemblies (239ms)
			LogAssemblyErrors (0ms)
			InitializePlatformSupportModulesInManaged (3ms)
			SetLoadedEditorAssemblies (2ms)
			RefreshPlugins (0ms)
			BeforeProcessingInitializeOnLoad (33ms)
			ProcessInitializeOnLoadAttributes (187ms)
			ProcessInitializeOnLoadMethodAttributes (13ms)
			AfterProcessingInitializeOnLoad (2ms)
			EditorAssembliesLoaded (0ms)
		ExecutionOrderSort2 (0ms)
		AwakeInstancesAfterBackupRestoration (5ms)
Refreshing native plugins compatible for Editor in 2.50 ms, found 3 plugins.
Preloading 0 native plugins for Editor in 0.00 ms.
Unloading 3435 Unused Serialized files (Serialized files now loaded: 0)
Unloading 15 unused Assets / (99.7 KB). Loaded Objects now: 4028.
Memory consumption went from 126.2 MB to 126.1 MB.
Total: 1.824100 ms (FindLiveObjects: 0.146500 ms CreateObjectMapping: 0.059700 ms MarkObjects: 1.583500 ms  DeleteObjects: 0.033900 ms)

Prepare: number of updated asset objects reloaded= 0
AssetImportParameters requested are different than current active one (requested -> active):
  custom:scripting/monoscript/fileName/NavMeshSurface.cs: 34aebd278d8d3d5db6b23265b9c700f9 -> 
  custom:scripting/precompiled-assembly-types:Unity.AI.Navigation: 5d8fa505e3253b9a2a456e2c28a1afb3 -> 
  custom:container-demuxer-ogg: 62fdf1f143b41e24485cea50d1cbac27 -> 
  custom:scripting/monoscript/fileName/NavMeshModifierVolumeEditor.cs: 262a50135a116189426aa01c964a744c -> 
  custom:scripting/monoscript/fileName/NavigationOverlay.cs: 2744f4e7946ebbb71339c9b1ce538d00 -> 
  custom:scripting/monoscript/fileName/ConverterItemDescriptor.cs: 8182050d34c5cb602eb7913435a7abee -> 
  custom:video-codec-MediaFoundation-h265: 746d11721c4dcdbdad8f713fa42b33f4 -> 
  custom:scripting/monoscript/fileName/BuiltInToNavMeshSurfaceConverterContainer.cs: c40a906f9f99ea8a6c5aaa215767017f -> 
  custom:video-decoder-ogg-theora: a1e56fd34408186e4bbccfd4996cb3dc -> 
  custom:framework-win-MediaFoundation: 216162199b28c13a410421893ffa2e32 -> 
  custom:scripting/monoscript/fileName/NavigationWindow.cs: 7884404b71178f59d8819c380b951d7c -> 
  custom:scripting/monoscript/fileName/NavMeshComponentsGUIUtility.cs: 08c52049b94db52661003d42fda4ecff -> 
  custom:scripting/monoscript/fileName/ConverterItemInfo.cs: 9fb131dfa28a9ed6b6d00fd9cf83ece4 -> 
  custom:CustomObjectIndexerAttribute: 9a22284fe3817be447336de3de66b15e -> 
  custom:scripting/monoscript/fileName/NavMeshAssetManager.cs: 79eb4858c2054289cd611249ab36b0a5 -> 
  custom:scripting/monoscript/fileName/NavMeshSurfaceEditor.cs: adb1294e971eab992abc2e3e7e051565 -> 
  custom:container-demuxer-webm: 4f35f7cbe854078d1ac9338744f61a02 -> 
  custom:scripting/monoscript/fileName/NavMeshModifierVolume.cs: 8dc531216c72b86c60b86e16ff3da10b -> 
  custom:scripting/monoscript/fileName/NavMeshUpdaterUtility.cs: 5eb03802e6dba19b3e13aaf384805cac -> 
  custom:scripting/monoscript/fileName/NavigationPreferences.cs: ada9399a4f085d4c824cc06527e7fcae -> 
  custom:scripting/monoscript/fileName/NavMeshUpdaterEditor.cs: 169704080eda430978bba61ddedeb304 -> 
  custom:scripting/precompiled-assembly-types:Unity.AI.Navigation.Editor.ConversionSystem: 27c718e5de2659aeeb663e092dc21158 -> 
  custom:scripting/monoscript/fileName/NavMeshModifierEditor.cs: b8675d28116f43f78881455a7301fe8c -> 
  custom:container-muxer-webm: aa71ff27fc2769a1b78a27578f13a17b -> 
  custom:video-decoder-webm-vp8: 9c59270c3fd7afecdb556c50c9e8de78 -> 
  custom:scripting/precompiled-assembly-types:Unity.AI.Navigation.Editor: 7eaf38f66973fde07200cf372b24130e -> 
  custom:scripting/monoscript/fileName/HelpUrls.cs: c1a90585e3e9c9d25f58f9141655f24f -> 
  custom:scripting/monoscript/fileName/EditorStyles.cs: 86b9f4d8fe570a8d8295bfc466c975cf -> 
  custom:SearchIndexIgnoredProperties: e643bd26f0fe6173181afceb89e7c659 -> 
  custom:scripting/precompiled-assembly-types:Unity.AI.Navigation.Updater: d2095ddf03fd615830d6dacf5841450d -> 
  custom:scripting/monoscript/fileName/NavMeshLinkEditor.cs: aed8ae070d922149bb2ba3de06889ff6 -> 
  custom:AudioImporter_EditorPlatform: d09bf68614088b80899f8185d706f6e7 -> 
  custom:scripting/monoscript/fileName/NavMeshModifier.cs: 99ae5ed91bb784edc4f8312d7de046da -> 
  custom:scripting/monoscript/fileName/NavMeshSceneConverter.cs: baf486a1c1cdf03a3111dd113d13c2f4 -> 
  custom:scripting/monoscript/fileName/SystemConverterContainer.cs: eb4026ea01a117ce0888f693e9eed2cd -> 
  custom:scripting/monoscript/fileName/NavMeshLink.cs: 0b3d0eeb07ab57d259e8f9365538df09 -> 
  custom:scripting/monoscript/fileName/ObsoleteNavigationWindowMenuEntry.cs: c7f73386e6473f401a8e4151cac4e1e5 -> 
  custom:scripting/monoscript/fileName/InitializeConverterContext.cs: a97e19589a5774cdc2a34a28caea355f -> 
  custom:scripting/monoscript/fileName/SystemConverter.cs: c748d1769fc66e95256254a1cc1497f3 -> 
  custom:video-encoder-webm-vp8: eb34c28f22e8b96e1ab97ce403110664 -> 
  custom:audio-decoder-ogg-vorbis: bf7c407c2cedff20999df2af8eb42d56 -> 
  custom:scripting/monoscript/fileName/RunItemContext.cs: 338b2243183036c2b60f94c1b5e817c5 -> 
  custom:audio-encoder-webm-vorbis: bf7c407c2cedff20999df2af8eb42d56 -> 
  custom:scripting/monoscript/fileName/SystemConvertersEditor.cs: c127c1335f24b77ca70195bf2136c6a2 -> 
========================================================================
Received Prepare
Caller must complete domain reload
Begin MonoManager ReloadAssembly
- Loaded All Assemblies, in  0.243 seconds
Native extension for WindowsStandalone target not found
Mono: successfully reloaded assembly
- Finished resetting the current domain, in  0.601 seconds
Domain Reload Profiling: 843ms
	BeginReloadAssembly (84ms)
		ExecutionOrderSort (0ms)
		DisableScriptedObjects (3ms)
		BackupInstance (0ms)
		ReleaseScriptingObjects (0ms)
		CreateAndSetChildDomain (14ms)
	RebuildCommonClasses (17ms)
	RebuildNativeTypeToScriptingClass (6ms)
	initialDomainReloadingComplete (14ms)
	LoadAllAssembliesAndSetupDomain (121ms)
		LoadAssemblies (157ms)
		RebuildTransferFunctionScriptingTraits (0ms)
		AnalyzeDomain (9ms)
			TypeCache.Refresh (4ms)
				TypeCache.ScanAssembly (0ms)
			ScanForSourceGeneratedMonoScriptInfo (0ms)
			ResolveRequiredComponents (3ms)
	FinalizeReload (602ms)
		ReleaseScriptCaches (0ms)
		RebuildScriptCaches (0ms)
		SetupLoadedEditorAssemblies (246ms)
			LogAssemblyErrors (0ms)
			InitializePlatformSupportModulesInManaged (3ms)
			SetLoadedEditorAssemblies (2ms)
			RefreshPlugins (0ms)
			BeforeProcessingInitializeOnLoad (35ms)
			ProcessInitializeOnLoadAttributes (191ms)
			ProcessInitializeOnLoadMethodAttributes (12ms)
			AfterProcessingInitializeOnLoad (2ms)
			EditorAssembliesLoaded (0ms)
		ExecutionOrderSort2 (0ms)
		AwakeInstancesAfterBackupRestoration (5ms)
Refreshing native plugins compatible for Editor in 2.44 ms, found 3 plugins.
Preloading 0 native plugins for Editor in 0.00 ms.
Unloading 3435 Unused Serialized files (Serialized files now loaded: 0)
Unloading 15 unused Assets / (99.7 KB). Loaded Objects now: 4043.
Memory consumption went from 126.2 MB to 126.1 MB.
Total: 1.897800 ms (FindLiveObjects: 0.146000 ms CreateObjectMapping: 0.041500 ms MarkObjects: 1.676600 ms  DeleteObjects: 0.033400 ms)

Prepare: number of updated asset objects reloaded= 0
AssetImportParameters requested are different than current active one (requested -> active):
  custom:scripting/monoscript/fileName/NavMeshSurface.cs: 34aebd278d8d3d5db6b23265b9c700f9 -> 
  custom:scripting/precompiled-assembly-types:Unity.AI.Navigation: 5d8fa505e3253b9a2a456e2c28a1afb3 -> 
  custom:container-demuxer-ogg: 62fdf1f143b41e24485cea50d1cbac27 -> 
  custom:scripting/monoscript/fileName/NavMeshModifierVolumeEditor.cs: 262a50135a116189426aa01c964a744c -> 
  custom:scripting/monoscript/fileName/NavigationOverlay.cs: 2744f4e7946ebbb71339c9b1ce538d00 -> 
  custom:scripting/monoscript/fileName/ConverterItemDescriptor.cs: 8182050d34c5cb602eb7913435a7abee -> 
  custom:video-codec-MediaFoundation-h265: 746d11721c4dcdbdad8f713fa42b33f4 -> 
  custom:scripting/monoscript/fileName/BuiltInToNavMeshSurfaceConverterContainer.cs: c40a906f9f99ea8a6c5aaa215767017f -> 
  custom:video-decoder-ogg-theora: a1e56fd34408186e4bbccfd4996cb3dc -> 
  custom:framework-win-MediaFoundation: 216162199b28c13a410421893ffa2e32 -> 
  custom:scripting/monoscript/fileName/NavigationWindow.cs: 7884404b71178f59d8819c380b951d7c -> 
  custom:scripting/monoscript/fileName/NavMeshComponentsGUIUtility.cs: 08c52049b94db52661003d42fda4ecff -> 
  custom:scripting/monoscript/fileName/ConverterItemInfo.cs: 9fb131dfa28a9ed6b6d00fd9cf83ece4 -> 
  custom:CustomObjectIndexerAttribute: 9a22284fe3817be447336de3de66b15e -> 
  custom:scripting/monoscript/fileName/NavMeshAssetManager.cs: 79eb4858c2054289cd611249ab36b0a5 -> 
  custom:scripting/monoscript/fileName/NavMeshSurfaceEditor.cs: adb1294e971eab992abc2e3e7e051565 -> 
  custom:container-demuxer-webm: 4f35f7cbe854078d1ac9338744f61a02 -> 
  custom:scripting/monoscript/fileName/NavMeshModifierVolume.cs: 8dc531216c72b86c60b86e16ff3da10b -> 
  custom:scripting/monoscript/fileName/NavMeshUpdaterUtility.cs: 5eb03802e6dba19b3e13aaf384805cac -> 
  custom:scripting/monoscript/fileName/NavigationPreferences.cs: ada9399a4f085d4c824cc06527e7fcae -> 
  custom:scripting/monoscript/fileName/NavMeshUpdaterEditor.cs: 169704080eda430978bba61ddedeb304 -> 
  custom:scripting/precompiled-assembly-types:Unity.AI.Navigation.Editor.ConversionSystem: 27c718e5de2659aeeb663e092dc21158 -> 
  custom:scripting/monoscript/fileName/NavMeshModifierEditor.cs: b8675d28116f43f78881455a7301fe8c -> 
  custom:container-muxer-webm: aa71ff27fc2769a1b78a27578f13a17b -> 
  custom:video-decoder-webm-vp8: 9c59270c3fd7afecdb556c50c9e8de78 -> 
  custom:scripting/precompiled-assembly-types:Unity.AI.Navigation.Editor: 7eaf38f66973fde07200cf372b24130e -> 
  custom:scripting/monoscript/fileName/HelpUrls.cs: c1a90585e3e9c9d25f58f9141655f24f -> 
  custom:scripting/monoscript/fileName/EditorStyles.cs: 86b9f4d8fe570a8d8295bfc466c975cf -> 
  custom:SearchIndexIgnoredProperties: e643bd26f0fe6173181afceb89e7c659 -> 
  custom:scripting/precompiled-assembly-types:Unity.AI.Navigation.Updater: d2095ddf03fd615830d6dacf5841450d -> 
  custom:scripting/monoscript/fileName/NavMeshLinkEditor.cs: aed8ae070d922149bb2ba3de06889ff6 -> 
  custom:AudioImporter_EditorPlatform: d09bf68614088b80899f8185d706f6e7 -> 
  custom:scripting/monoscript/fileName/NavMeshModifier.cs: 99ae5ed91bb784edc4f8312d7de046da -> 
  custom:scripting/monoscript/fileName/NavMeshSceneConverter.cs: baf486a1c1cdf03a3111dd113d13c2f4 -> 
  custom:scripting/monoscript/fileName/SystemConverterContainer.cs: eb4026ea01a117ce0888f693e9eed2cd -> 
  custom:scripting/monoscript/fileName/NavMeshLink.cs: 0b3d0eeb07ab57d259e8f9365538df09 -> 
  custom:scripting/monoscript/fileName/ObsoleteNavigationWindowMenuEntry.cs: c7f73386e6473f401a8e4151cac4e1e5 -> 
  custom:scripting/monoscript/fileName/InitializeConverterContext.cs: a97e19589a5774cdc2a34a28caea355f -> 
  custom:scripting/monoscript/fileName/SystemConverter.cs: c748d1769fc66e95256254a1cc1497f3 -> 
  custom:video-encoder-webm-vp8: eb34c28f22e8b96e1ab97ce403110664 -> 
  custom:audio-decoder-ogg-vorbis: bf7c407c2cedff20999df2af8eb42d56 -> 
  custom:scripting/monoscript/fileName/RunItemContext.cs: 338b2243183036c2b60f94c1b5e817c5 -> 
  custom:audio-encoder-webm-vorbis: bf7c407c2cedff20999df2af8eb42d56 -> 
  custom:scripting/monoscript/fileName/SystemConvertersEditor.cs: c127c1335f24b77ca70195bf2136c6a2 -> 
========================================================================
Received Prepare
Caller must complete domain reload
Begin MonoManager ReloadAssembly
- Loaded All Assemblies, in  0.252 seconds
Native extension for WindowsStandalone target not found
Mono: successfully reloaded assembly
- Finished resetting the current domain, in  0.561 seconds
Domain Reload Profiling: 812ms
	BeginReloadAssembly (86ms)
		ExecutionOrderSort (0ms)
		DisableScriptedObjects (3ms)
		BackupInstance (0ms)
		ReleaseScriptingObjects (0ms)
		CreateAndSetChildDomain (16ms)
	RebuildCommonClasses (18ms)
	RebuildNativeTypeToScriptingClass (6ms)
	initialDomainReloadingComplete (15ms)
	LoadAllAssembliesAndSetupDomain (126ms)
		LoadAssemblies (158ms)
		RebuildTransferFunctionScriptingTraits (0ms)
		AnalyzeDomain (14ms)
			TypeCache.Refresh (5ms)
				TypeCache.ScanAssembly (0ms)
			ScanForSourceGeneratedMonoScriptInfo (4ms)
			ResolveRequiredComponents (4ms)
	FinalizeReload (561ms)
		ReleaseScriptCaches (0ms)
		RebuildScriptCaches (0ms)
		SetupLoadedEditorAssemblies (230ms)
			LogAssemblyErrors (0ms)
			InitializePlatformSupportModulesInManaged (3ms)
			SetLoadedEditorAssemblies (2ms)
			RefreshPlugins (0ms)
			BeforeProcessingInitializeOnLoad (33ms)
			ProcessInitializeOnLoadAttributes (179ms)
			ProcessInitializeOnLoadMethodAttributes (12ms)
			AfterProcessingInitializeOnLoad (1ms)
			EditorAssembliesLoaded (0ms)
		ExecutionOrderSort2 (0ms)
		AwakeInstancesAfterBackupRestoration (4ms)
Refreshing native plugins compatible for Editor in 2.21 ms, found 3 plugins.
Preloading 0 native plugins for Editor in 0.00 ms.
Unloading 3436 Unused Serialized files (Serialized files now loaded: 0)
Unloading 15 unused Assets / (99.8 KB). Loaded Objects now: 4059.
Memory consumption went from 126.2 MB to 126.1 MB.
Total: 2.034700 ms (FindLiveObjects: 0.173100 ms CreateObjectMapping: 0.092700 ms MarkObjects: 1.732700 ms  DeleteObjects: 0.035500 ms)

Prepare: number of updated asset objects reloaded= 0
AssetImportParameters requested are different than current active one (requested -> active):
  custom:scripting/monoscript/fileName/NavMeshSurface.cs: 34aebd278d8d3d5db6b23265b9c700f9 -> 
  custom:scripting/precompiled-assembly-types:Unity.AI.Navigation: 5d8fa505e3253b9a2a456e2c28a1afb3 -> 
  custom:container-demuxer-ogg: 62fdf1f143b41e24485cea50d1cbac27 -> 
  custom:scripting/monoscript/fileName/NavMeshModifierVolumeEditor.cs: 262a50135a116189426aa01c964a744c -> 
  custom:scripting/monoscript/fileName/NavigationOverlay.cs: 2744f4e7946ebbb71339c9b1ce538d00 -> 
  custom:scripting/monoscript/fileName/ConverterItemDescriptor.cs: 8182050d34c5cb602eb7913435a7abee -> 
  custom:video-codec-MediaFoundation-h265: 746d11721c4dcdbdad8f713fa42b33f4 -> 
  custom:scripting/monoscript/fileName/BuiltInToNavMeshSurfaceConverterContainer.cs: c40a906f9f99ea8a6c5aaa215767017f -> 
  custom:video-decoder-ogg-theora: a1e56fd34408186e4bbccfd4996cb3dc -> 
  custom:framework-win-MediaFoundation: 216162199b28c13a410421893ffa2e32 -> 
  custom:scripting/monoscript/fileName/NavigationWindow.cs: 7884404b71178f59d8819c380b951d7c -> 
  custom:scripting/monoscript/fileName/NavMeshComponentsGUIUtility.cs: 08c52049b94db52661003d42fda4ecff -> 
  custom:scripting/monoscript/fileName/ConverterItemInfo.cs: 9fb131dfa28a9ed6b6d00fd9cf83ece4 -> 
  custom:CustomObjectIndexerAttribute: 9a22284fe3817be447336de3de66b15e -> 
  custom:scripting/monoscript/fileName/NavMeshAssetManager.cs: 79eb4858c2054289cd611249ab36b0a5 -> 
  custom:scripting/monoscript/fileName/NavMeshSurfaceEditor.cs: adb1294e971eab992abc2e3e7e051565 -> 
  custom:container-demuxer-webm: 4f35f7cbe854078d1ac9338744f61a02 -> 
  custom:scripting/monoscript/fileName/NavMeshModifierVolume.cs: 8dc531216c72b86c60b86e16ff3da10b -> 
  custom:scripting/monoscript/fileName/NavMeshUpdaterUtility.cs: 5eb03802e6dba19b3e13aaf384805cac -> 
  custom:scripting/monoscript/fileName/NavigationPreferences.cs: ada9399a4f085d4c824cc06527e7fcae -> 
  custom:scripting/monoscript/fileName/NavMeshUpdaterEditor.cs: 169704080eda430978bba61ddedeb304 -> 
  custom:scripting/precompiled-assembly-types:Unity.AI.Navigation.Editor.ConversionSystem: 27c718e5de2659aeeb663e092dc21158 -> 
  custom:scripting/monoscript/fileName/NavMeshModifierEditor.cs: b8675d28116f43f78881455a7301fe8c -> 
  custom:container-muxer-webm: aa71ff27fc2769a1b78a27578f13a17b -> 
  custom:video-decoder-webm-vp8: 9c59270c3fd7afecdb556c50c9e8de78 -> 
  custom:scripting/precompiled-assembly-types:Unity.AI.Navigation.Editor: 7eaf38f66973fde07200cf372b24130e -> 
  custom:scripting/monoscript/fileName/HelpUrls.cs: c1a90585e3e9c9d25f58f9141655f24f -> 
  custom:scripting/monoscript/fileName/EditorStyles.cs: 86b9f4d8fe570a8d8295bfc466c975cf -> 
  custom:SearchIndexIgnoredProperties: e643bd26f0fe6173181afceb89e7c659 -> 
  custom:scripting/precompiled-assembly-types:Unity.AI.Navigation.Updater: d2095ddf03fd615830d6dacf5841450d -> 
  custom:scripting/monoscript/fileName/NavMeshLinkEditor.cs: aed8ae070d922149bb2ba3de06889ff6 -> 
  custom:AudioImporter_EditorPlatform: d09bf68614088b80899f8185d706f6e7 -> 
  custom:scripting/monoscript/fileName/NavMeshModifier.cs: 99ae5ed91bb784edc4f8312d7de046da -> 
  custom:scripting/monoscript/fileName/NavMashAvoider.cs: 599595d5a460521efccc45d4c2a8d20f -> 
  custom:scripting/monoscript/fileName/NavMeshSceneConverter.cs: baf486a1c1cdf03a3111dd113d13c2f4 -> 
  custom:scripting/monoscript/fileName/SystemConverterContainer.cs: eb4026ea01a117ce0888f693e9eed2cd -> 
  custom:scripting/monoscript/fileName/NavMeshLink.cs: 0b3d0eeb07ab57d259e8f9365538df09 -> 
  custom:scripting/monoscript/fileName/ObsoleteNavigationWindowMenuEntry.cs: c7f73386e6473f401a8e4151cac4e1e5 -> 
  custom:scripting/monoscript/fileName/InitializeConverterContext.cs: a97e19589a5774cdc2a34a28caea355f -> 
  custom:scripting/monoscript/fileName/SystemConverter.cs: c748d1769fc66e95256254a1cc1497f3 -> 
  custom:video-encoder-webm-vp8: eb34c28f22e8b96e1ab97ce403110664 -> 
  custom:audio-decoder-ogg-vorbis: bf7c407c2cedff20999df2af8eb42d56 -> 
  custom:scripting/monoscript/fileName/RunItemContext.cs: 338b2243183036c2b60f94c1b5e817c5 -> 
  custom:audio-encoder-webm-vorbis: bf7c407c2cedff20999df2af8eb42d56 -> 
  custom:scripting/precompiled-assembly-types:Assembly-CSharp: 3c4b8b32cece824a9f61102148b546ab -> e66928de38364bb08ef9436b3612de99
  custom:scripting/monoscript/fileName/SystemConvertersEditor.cs: c127c1335f24b77ca70195bf2136c6a2 -> 
========================================================================
Received Import Request.
  Time since last request: 643.803214 seconds.
  path: Assets/NavMashAvoider.cs
  artifactKey: Guid(ba3307c8d10539e42b4f8c1b1eebbed4) Importer(815301076,1909f56bfc062723c751e8b465ee728b)
Start importing Assets/NavMashAvoider.cs using Guid(ba3307c8d10539e42b4f8c1b1eebbed4) Importer(815301076,1909f56bfc062723c751e8b465ee728b) [PhysX] Initialized MultithreadedTaskDispatcher with 32 workers.
 -> (artifact id: '9718b709b1f524d35d8ee1eb4d726678') in 0.004421 seconds
Number of updated asset objects reloaded before import = 0
Number of asset objects unloaded after import = 0
========================================================================
Received Prepare
Caller must complete domain reload
Begin MonoManager ReloadAssembly
- Loaded All Assemblies, in  0.245 seconds
Native extension for WindowsStandalone target not found
Mono: successfully reloaded assembly
- Finished resetting the current domain, in  0.537 seconds
Domain Reload Profiling: 781ms
	BeginReloadAssembly (85ms)
		ExecutionOrderSort (0ms)
		DisableScriptedObjects (3ms)
		BackupInstance (0ms)
		ReleaseScriptingObjects (0ms)
		CreateAndSetChildDomain (16ms)
	RebuildCommonClasses (18ms)
	RebuildNativeTypeToScriptingClass (6ms)
	initialDomainReloadingComplete (14ms)
	LoadAllAssembliesAndSetupDomain (122ms)
		LoadAssemblies (153ms)
		RebuildTransferFunctionScriptingTraits (0ms)
		AnalyzeDomain (14ms)
			TypeCache.Refresh (5ms)
				TypeCache.ScanAssembly (0ms)
			ScanForSourceGeneratedMonoScriptInfo (4ms)
			ResolveRequiredComponents (3ms)
	FinalizeReload (537ms)
		ReleaseScriptCaches (0ms)
		RebuildScriptCaches (0ms)
		SetupLoadedEditorAssemblies (215ms)
			LogAssemblyErrors (0ms)
			InitializePlatformSupportModulesInManaged (3ms)
			SetLoadedEditorAssemblies (2ms)
			RefreshPlugins (0ms)
			BeforeProcessingInitializeOnLoad (33ms)
			ProcessInitializeOnLoadAttributes (166ms)
			ProcessInitializeOnLoadMethodAttributes (11ms)
			AfterProcessingInitializeOnLoad (1ms)
			EditorAssembliesLoaded (0ms)
		ExecutionOrderSort2 (0ms)
		AwakeInstancesAfterBackupRestoration (4ms)
Refreshing native plugins compatible for Editor in 2.48 ms, found 3 plugins.
Preloading 0 native plugins for Editor in 0.00 ms.
Unloading 3435 Unused Serialized files (Serialized files now loaded: 0)
Unloading 15 unused Assets / (99.8 KB). Loaded Objects now: 4074.
Memory consumption went from 126.0 MB to 125.9 MB.
Total: 1.721700 ms (FindLiveObjects: 0.141200 ms CreateObjectMapping: 0.040500 ms MarkObjects: 1.504600 ms  DeleteObjects: 0.034600 ms)

Prepare: number of updated asset objects reloaded= 0
AssetImportParameters requested are different than current active one (requested -> active):
  custom:scripting/monoscript/fileName/NavMeshSurface.cs: 34aebd278d8d3d5db6b23265b9c700f9 -> 
  custom:scripting/precompiled-assembly-types:Unity.AI.Navigation: 5d8fa505e3253b9a2a456e2c28a1afb3 -> 
  custom:container-demuxer-ogg: 62fdf1f143b41e24485cea50d1cbac27 -> 
  custom:scripting/monoscript/fileName/NavMeshModifierVolumeEditor.cs: 262a50135a116189426aa01c964a744c -> 
  custom:scripting/monoscript/fileName/NavigationOverlay.cs: 2744f4e7946ebbb71339c9b1ce538d00 -> 
  custom:scripting/monoscript/fileName/ConverterItemDescriptor.cs: 8182050d34c5cb602eb7913435a7abee -> 
  custom:video-codec-MediaFoundation-h265: 746d11721c4dcdbdad8f713fa42b33f4 -> 
  custom:scripting/monoscript/fileName/BuiltInToNavMeshSurfaceConverterContainer.cs: c40a906f9f99ea8a6c5aaa215767017f -> 
  custom:video-decoder-ogg-theora: a1e56fd34408186e4bbccfd4996cb3dc -> 
  custom:framework-win-MediaFoundation: 216162199b28c13a410421893ffa2e32 -> 
  custom:scripting/monoscript/fileName/NavigationWindow.cs: 7884404b71178f59d8819c380b951d7c -> 
  custom:scripting/monoscript/fileName/NavMeshComponentsGUIUtility.cs: 08c52049b94db52661003d42fda4ecff -> 
  custom:scripting/monoscript/fileName/ConverterItemInfo.cs: 9fb131dfa28a9ed6b6d00fd9cf83ece4 -> 
  custom:CustomObjectIndexerAttribute: 9a22284fe3817be447336de3de66b15e -> 
  custom:scripting/monoscript/fileName/NavMeshAssetManager.cs: 79eb4858c2054289cd611249ab36b0a5 -> 
  custom:scripting/monoscript/fileName/NavMeshSurfaceEditor.cs: adb1294e971eab992abc2e3e7e051565 -> 
  custom:container-demuxer-webm: 4f35f7cbe854078d1ac9338744f61a02 -> 
  custom:scripting/monoscript/fileName/NavMeshModifierVolume.cs: 8dc531216c72b86c60b86e16ff3da10b -> 
  custom:scripting/monoscript/fileName/NavMeshUpdaterUtility.cs: 5eb03802e6dba19b3e13aaf384805cac -> 
  custom:scripting/monoscript/fileName/NavigationPreferences.cs: ada9399a4f085d4c824cc06527e7fcae -> 
  custom:scripting/monoscript/fileName/NavMeshUpdaterEditor.cs: 169704080eda430978bba61ddedeb304 -> 
  custom:scripting/precompiled-assembly-types:Unity.AI.Navigation.Editor.ConversionSystem: 27c718e5de2659aeeb663e092dc21158 -> 
  custom:scripting/monoscript/fileName/NavMeshModifierEditor.cs: b8675d28116f43f78881455a7301fe8c -> 
  custom:container-muxer-webm: aa71ff27fc2769a1b78a27578f13a17b -> 
  custom:video-decoder-webm-vp8: 9c59270c3fd7afecdb556c50c9e8de78 -> 
  custom:scripting/precompiled-assembly-types:Unity.AI.Navigation.Editor: 7eaf38f66973fde07200cf372b24130e -> 
  custom:scripting/monoscript/fileName/HelpUrls.cs: c1a90585e3e9c9d25f58f9141655f24f -> 
  custom:scripting/monoscript/fileName/EditorStyles.cs: 86b9f4d8fe570a8d8295bfc466c975cf -> 
  custom:SearchIndexIgnoredProperties: e643bd26f0fe6173181afceb89e7c659 -> 
  custom:scripting/precompiled-assembly-types:Unity.AI.Navigation.Updater: d2095ddf03fd615830d6dacf5841450d -> 
  custom:scripting/monoscript/fileName/NavMeshLinkEditor.cs: aed8ae070d922149bb2ba3de06889ff6 -> 
  custom:AudioImporter_EditorPlatform: d09bf68614088b80899f8185d706f6e7 -> 
  custom:scripting/monoscript/fileName/NavMeshModifier.cs: 99ae5ed91bb784edc4f8312d7de046da -> 
  custom:scripting/monoscript/fileName/NavMashAvoider.cs: 599595d5a460521efccc45d4c2a8d20f -> 
  custom:scripting/monoscript/fileName/NavMeshSceneConverter.cs: baf486a1c1cdf03a3111dd113d13c2f4 -> 
  custom:scripting/monoscript/fileName/SystemConverterContainer.cs: eb4026ea01a117ce0888f693e9eed2cd -> 
  custom:scripting/monoscript/fileName/NavMeshLink.cs: 0b3d0eeb07ab57d259e8f9365538df09 -> 
  custom:scripting/monoscript/fileName/ObsoleteNavigationWindowMenuEntry.cs: c7f73386e6473f401a8e4151cac4e1e5 -> 
  custom:scripting/monoscript/fileName/InitializeConverterContext.cs: a97e19589a5774cdc2a34a28caea355f -> 
  custom:scripting/monoscript/fileName/SystemConverter.cs: c748d1769fc66e95256254a1cc1497f3 -> 
  custom:video-encoder-webm-vp8: eb34c28f22e8b96e1ab97ce403110664 -> 
  custom:audio-decoder-ogg-vorbis: bf7c407c2cedff20999df2af8eb42d56 -> 
  custom:scripting/monoscript/fileName/RunItemContext.cs: 338b2243183036c2b60f94c1b5e817c5 -> 
  custom:audio-encoder-webm-vorbis: bf7c407c2cedff20999df2af8eb42d56 -> 
  custom:scripting/precompiled-assembly-types:Assembly-CSharp: 3c4b8b32cece824a9f61102148b546ab -> e66928de38364bb08ef9436b3612de99
  custom:scripting/monoscript/fileName/SystemConvertersEditor.cs: c127c1335f24b77ca70195bf2136c6a2 -> 
========================================================================
Received Prepare
Caller must complete domain reload
Begin MonoManager ReloadAssembly
- Loaded All Assemblies, in  0.260 seconds
Native extension for WindowsStandalone target not found
Mono: successfully reloaded assembly
- Finished resetting the current domain, in  0.563 seconds
Domain Reload Profiling: 823ms
	BeginReloadAssembly (85ms)
		ExecutionOrderSort (0ms)
		DisableScriptedObjects (3ms)
		BackupInstance (0ms)
		ReleaseScriptingObjects (0ms)
		CreateAndSetChildDomain (15ms)
	RebuildCommonClasses (17ms)
	RebuildNativeTypeToScriptingClass (6ms)
	initialDomainReloadingComplete (14ms)
	LoadAllAssembliesAndSetupDomain (137ms)
		LoadAssemblies (172ms)
		RebuildTransferFunctionScriptingTraits (0ms)
		AnalyzeDomain (10ms)
			TypeCache.Refresh (5ms)
				TypeCache.ScanAssembly (0ms)
			ScanForSourceGeneratedMonoScriptInfo (0ms)
			ResolveRequiredComponents (4ms)
	FinalizeReload (564ms)
		ReleaseScriptCaches (0ms)
		RebuildScriptCaches (0ms)
		SetupLoadedEditorAssemblies (231ms)
			LogAssemblyErrors (0ms)
			InitializePlatformSupportModulesInManaged (3ms)
			SetLoadedEditorAssemblies (2ms)
			RefreshPlugins (0ms)
			BeforeProcessingInitializeOnLoad (32ms)
			ProcessInitializeOnLoadAttributes (180ms)
			ProcessInitializeOnLoadMethodAttributes (12ms)
			AfterProcessingInitializeOnLoad (2ms)
			EditorAssembliesLoaded (0ms)
		ExecutionOrderSort2 (0ms)
		AwakeInstancesAfterBackupRestoration (5ms)
Refreshing native plugins compatible for Editor in 2.90 ms, found 3 plugins.
Preloading 0 native plugins for Editor in 0.00 ms.
Unloading 3436 Unused Serialized files (Serialized files now loaded: 0)
Unloading 15 unused Assets / (99.8 KB). Loaded Objects now: 4089.
Memory consumption went from 126.3 MB to 126.2 MB.
Total: 1.904200 ms (FindLiveObjects: 0.162700 ms CreateObjectMapping: 0.054100 ms MarkObjects: 1.639700 ms  DeleteObjects: 0.046900 ms)

Prepare: number of updated asset objects reloaded= 0
AssetImportParameters requested are different than current active one (requested -> active):
  custom:scripting/monoscript/fileName/NavMeshSurface.cs: 34aebd278d8d3d5db6b23265b9c700f9 -> 
  custom:scripting/precompiled-assembly-types:Unity.AI.Navigation: 5d8fa505e3253b9a2a456e2c28a1afb3 -> 
  custom:container-demuxer-ogg: 62fdf1f143b41e24485cea50d1cbac27 -> 
  custom:scripting/monoscript/fileName/NavMeshModifierVolumeEditor.cs: 262a50135a116189426aa01c964a744c -> 
  custom:scripting/monoscript/fileName/NavigationOverlay.cs: 2744f4e7946ebbb71339c9b1ce538d00 -> 
  custom:scripting/monoscript/fileName/ConverterItemDescriptor.cs: 8182050d34c5cb602eb7913435a7abee -> 
  custom:video-codec-MediaFoundation-h265: 746d11721c4dcdbdad8f713fa42b33f4 -> 
  custom:scripting/monoscript/fileName/BuiltInToNavMeshSurfaceConverterContainer.cs: c40a906f9f99ea8a6c5aaa215767017f -> 
  custom:video-decoder-ogg-theora: a1e56fd34408186e4bbccfd4996cb3dc -> 
  custom:framework-win-MediaFoundation: 216162199b28c13a410421893ffa2e32 -> 
  custom:scripting/monoscript/fileName/NavigationWindow.cs: 7884404b71178f59d8819c380b951d7c -> 
  custom:scripting/monoscript/fileName/NavMeshComponentsGUIUtility.cs: 08c52049b94db52661003d42fda4ecff -> 
  custom:scripting/monoscript/fileName/ConverterItemInfo.cs: 9fb131dfa28a9ed6b6d00fd9cf83ece4 -> 
  custom:CustomObjectIndexerAttribute: 9a22284fe3817be447336de3de66b15e -> 
  custom:scripting/monoscript/fileName/NavMeshAssetManager.cs: 79eb4858c2054289cd611249ab36b0a5 -> 
  custom:scripting/monoscript/fileName/NavMeshSurfaceEditor.cs: adb1294e971eab992abc2e3e7e051565 -> 
  custom:container-demuxer-webm: 4f35f7cbe854078d1ac9338744f61a02 -> 
  custom:scripting/monoscript/fileName/NavMeshModifierVolume.cs: 8dc531216c72b86c60b86e16ff3da10b -> 
  custom:scripting/monoscript/fileName/NavMeshUpdaterUtility.cs: 5eb03802e6dba19b3e13aaf384805cac -> 
  custom:scripting/monoscript/fileName/NavigationPreferences.cs: ada9399a4f085d4c824cc06527e7fcae -> 
  custom:scripting/monoscript/fileName/NavMeshUpdaterEditor.cs: 169704080eda430978bba61ddedeb304 -> 
  custom:scripting/precompiled-assembly-types:Unity.AI.Navigation.Editor.ConversionSystem: 27c718e5de2659aeeb663e092dc21158 -> 
  custom:scripting/monoscript/fileName/NavMeshModifierEditor.cs: b8675d28116f43f78881455a7301fe8c -> 
  custom:container-muxer-webm: aa71ff27fc2769a1b78a27578f13a17b -> 
  custom:video-decoder-webm-vp8: 9c59270c3fd7afecdb556c50c9e8de78 -> 
  custom:scripting/precompiled-assembly-types:Unity.AI.Navigation.Editor: 7eaf38f66973fde07200cf372b24130e -> 
  custom:scripting/monoscript/fileName/HelpUrls.cs: c1a90585e3e9c9d25f58f9141655f24f -> 
  custom:scripting/monoscript/fileName/EditorStyles.cs: 86b9f4d8fe570a8d8295bfc466c975cf -> 
  custom:SearchIndexIgnoredProperties: e643bd26f0fe6173181afceb89e7c659 -> 
  custom:scripting/precompiled-assembly-types:Unity.AI.Navigation.Updater: d2095ddf03fd615830d6dacf5841450d -> 
  custom:scripting/monoscript/fileName/NavMeshLinkEditor.cs: aed8ae070d922149bb2ba3de06889ff6 -> 
  custom:AudioImporter_EditorPlatform: d09bf68614088b80899f8185d706f6e7 -> 
  custom:scripting/monoscript/fileName/NavMeshModifier.cs: 99ae5ed91bb784edc4f8312d7de046da -> 
  custom:scripting/monoscript/fileName/NavMashAvoider.cs: 599595d5a460521efccc45d4c2a8d20f -> 
  custom:scripting/monoscript/fileName/NavMeshSceneConverter.cs: baf486a1c1cdf03a3111dd113d13c2f4 -> 
  custom:scripting/monoscript/fileName/SystemConverterContainer.cs: eb4026ea01a117ce0888f693e9eed2cd -> 
  custom:scripting/monoscript/fileName/NavMeshLink.cs: 0b3d0eeb07ab57d259e8f9365538df09 -> 
  custom:scripting/monoscript/fileName/ObsoleteNavigationWindowMenuEntry.cs: c7f73386e6473f401a8e4151cac4e1e5 -> 
  custom:scripting/monoscript/fileName/InitializeConverterContext.cs: a97e19589a5774cdc2a34a28caea355f -> 
  custom:scripting/monoscript/fileName/SystemConverter.cs: c748d1769fc66e95256254a1cc1497f3 -> 
  custom:video-encoder-webm-vp8: eb34c28f22e8b96e1ab97ce403110664 -> 
  custom:audio-decoder-ogg-vorbis: bf7c407c2cedff20999df2af8eb42d56 -> 
  custom:scripting/monoscript/fileName/RunItemContext.cs: 338b2243183036c2b60f94c1b5e817c5 -> 
  custom:audio-encoder-webm-vorbis: bf7c407c2cedff20999df2af8eb42d56 -> 
  custom:scripting/precompiled-assembly-types:Assembly-CSharp: 3c4b8b32cece824a9f61102148b546ab -> e66928de38364bb08ef9436b3612de99
  custom:scripting/monoscript/fileName/SystemConvertersEditor.cs: c127c1335f24b77ca70195bf2136c6a2 -> 
========================================================================
Received Prepare
Caller must complete domain reload
Begin MonoManager ReloadAssembly
- Loaded All Assemblies, in  0.232 seconds
Native extension for WindowsStandalone target not found
Mono: successfully reloaded assembly
- Finished resetting the current domain, in  0.560 seconds
Domain Reload Profiling: 791ms
	BeginReloadAssembly (83ms)
		ExecutionOrderSort (0ms)
		DisableScriptedObjects (3ms)
		BackupInstance (0ms)
		ReleaseScriptingObjects (0ms)
		CreateAndSetChildDomain (15ms)
	RebuildCommonClasses (17ms)
	RebuildNativeTypeToScriptingClass (6ms)
	initialDomainReloadingComplete (14ms)
	LoadAllAssembliesAndSetupDomain (112ms)
		LoadAssemblies (147ms)
		RebuildTransferFunctionScriptingTraits (0ms)
		AnalyzeDomain (9ms)
			TypeCache.Refresh (4ms)
				TypeCache.ScanAssembly (0ms)
			ScanForSourceGeneratedMonoScriptInfo (0ms)
			ResolveRequiredComponents (3ms)
	FinalizeReload (560ms)
		ReleaseScriptCaches (0ms)
		RebuildScriptCaches (0ms)
		SetupLoadedEditorAssemblies (236ms)
			LogAssemblyErrors (0ms)
			InitializePlatformSupportModulesInManaged (3ms)
			SetLoadedEditorAssemblies (2ms)
			RefreshPlugins (0ms)
			BeforeProcessingInitializeOnLoad (33ms)
			ProcessInitializeOnLoadAttributes (185ms)
			ProcessInitializeOnLoadMethodAttributes (13ms)
			AfterProcessingInitializeOnLoad (2ms)
			EditorAssembliesLoaded (0ms)
		ExecutionOrderSort2 (0ms)
		AwakeInstancesAfterBackupRestoration (5ms)
Refreshing native plugins compatible for Editor in 2.64 ms, found 3 plugins.
Preloading 0 native plugins for Editor in 0.00 ms.
Unloading 3436 Unused Serialized files (Serialized files now loaded: 0)
Unloading 15 unused Assets / (99.8 KB). Loaded Objects now: 4104.
Memory consumption went from 126.3 MB to 126.2 MB.
Total: 1.929600 ms (FindLiveObjects: 0.145100 ms CreateObjectMapping: 0.039200 ms MarkObjects: 1.708100 ms  DeleteObjects: 0.036500 ms)

Prepare: number of updated asset objects reloaded= 0
AssetImportParameters requested are different than current active one (requested -> active):
  custom:scripting/monoscript/fileName/NavMeshSurface.cs: 34aebd278d8d3d5db6b23265b9c700f9 -> 
  custom:scripting/precompiled-assembly-types:Unity.AI.Navigation: 5d8fa505e3253b9a2a456e2c28a1afb3 -> 
  custom:container-demuxer-ogg: 62fdf1f143b41e24485cea50d1cbac27 -> 
  custom:scripting/monoscript/fileName/NavMeshModifierVolumeEditor.cs: 262a50135a116189426aa01c964a744c -> 
  custom:scripting/monoscript/fileName/NavigationOverlay.cs: 2744f4e7946ebbb71339c9b1ce538d00 -> 
  custom:scripting/monoscript/fileName/ConverterItemDescriptor.cs: 8182050d34c5cb602eb7913435a7abee -> 
  custom:video-codec-MediaFoundation-h265: 746d11721c4dcdbdad8f713fa42b33f4 -> 
  custom:scripting/monoscript/fileName/BuiltInToNavMeshSurfaceConverterContainer.cs: c40a906f9f99ea8a6c5aaa215767017f -> 
  custom:video-decoder-ogg-theora: a1e56fd34408186e4bbccfd4996cb3dc -> 
  custom:framework-win-MediaFoundation: 216162199b28c13a410421893ffa2e32 -> 
  custom:scripting/monoscript/fileName/NavigationWindow.cs: 7884404b71178f59d8819c380b951d7c -> 
  custom:scripting/monoscript/fileName/NavMeshComponentsGUIUtility.cs: 08c52049b94db52661003d42fda4ecff -> 
  custom:scripting/monoscript/fileName/ConverterItemInfo.cs: 9fb131dfa28a9ed6b6d00fd9cf83ece4 -> 
  custom:CustomObjectIndexerAttribute: 9a22284fe3817be447336de3de66b15e -> 
  custom:scripting/monoscript/fileName/NavMeshAssetManager.cs: 79eb4858c2054289cd611249ab36b0a5 -> 
  custom:scripting/monoscript/fileName/NavMeshSurfaceEditor.cs: adb1294e971eab992abc2e3e7e051565 -> 
  custom:container-demuxer-webm: 4f35f7cbe854078d1ac9338744f61a02 -> 
  custom:scripting/monoscript/fileName/NavMeshModifierVolume.cs: 8dc531216c72b86c60b86e16ff3da10b -> 
  custom:scripting/monoscript/fileName/NavMeshUpdaterUtility.cs: 5eb03802e6dba19b3e13aaf384805cac -> 
  custom:scripting/monoscript/fileName/NavigationPreferences.cs: ada9399a4f085d4c824cc06527e7fcae -> 
  custom:scripting/monoscript/fileName/NavMeshUpdaterEditor.cs: 169704080eda430978bba61ddedeb304 -> 
  custom:scripting/precompiled-assembly-types:Unity.AI.Navigation.Editor.ConversionSystem: 27c718e5de2659aeeb663e092dc21158 -> 
  custom:scripting/monoscript/fileName/NavMeshModifierEditor.cs: b8675d28116f43f78881455a7301fe8c -> 
  custom:container-muxer-webm: aa71ff27fc2769a1b78a27578f13a17b -> 
  custom:video-decoder-webm-vp8: 9c59270c3fd7afecdb556c50c9e8de78 -> 
  custom:scripting/precompiled-assembly-types:Unity.AI.Navigation.Editor: 7eaf38f66973fde07200cf372b24130e -> 
  custom:scripting/monoscript/fileName/HelpUrls.cs: c1a90585e3e9c9d25f58f9141655f24f -> 
  custom:scripting/monoscript/fileName/EditorStyles.cs: 86b9f4d8fe570a8d8295bfc466c975cf -> 
  custom:SearchIndexIgnoredProperties: e643bd26f0fe6173181afceb89e7c659 -> 
  custom:scripting/precompiled-assembly-types:Unity.AI.Navigation.Updater: d2095ddf03fd615830d6dacf5841450d -> 
  custom:scripting/monoscript/fileName/NavMeshLinkEditor.cs: aed8ae070d922149bb2ba3de06889ff6 -> 
  custom:AudioImporter_EditorPlatform: d09bf68614088b80899f8185d706f6e7 -> 
  custom:scripting/monoscript/fileName/NavMeshModifier.cs: 99ae5ed91bb784edc4f8312d7de046da -> 
  custom:scripting/monoscript/fileName/NavMashAvoider.cs: 599595d5a460521efccc45d4c2a8d20f -> 
  custom:scripting/monoscript/fileName/NavMeshSceneConverter.cs: baf486a1c1cdf03a3111dd113d13c2f4 -> 
  custom:scripting/monoscript/fileName/SystemConverterContainer.cs: eb4026ea01a117ce0888f693e9eed2cd -> 
  custom:scripting/monoscript/fileName/NavMeshLink.cs: 0b3d0eeb07ab57d259e8f9365538df09 -> 
  custom:scripting/monoscript/fileName/ObsoleteNavigationWindowMenuEntry.cs: c7f73386e6473f401a8e4151cac4e1e5 -> 
  custom:scripting/monoscript/fileName/InitializeConverterContext.cs: a97e19589a5774cdc2a34a28caea355f -> 
  custom:scripting/monoscript/fileName/SystemConverter.cs: c748d1769fc66e95256254a1cc1497f3 -> 
  custom:video-encoder-webm-vp8: eb34c28f22e8b96e1ab97ce403110664 -> 
  custom:audio-decoder-ogg-vorbis: bf7c407c2cedff20999df2af8eb42d56 -> 
  custom:scripting/monoscript/fileName/RunItemContext.cs: 338b2243183036c2b60f94c1b5e817c5 -> 
  custom:audio-encoder-webm-vorbis: bf7c407c2cedff20999df2af8eb42d56 -> 
  custom:scripting/precompiled-assembly-types:Assembly-CSharp: 3c4b8b32cece824a9f61102148b546ab -> e66928de38364bb08ef9436b3612de99
  custom:scripting/monoscript/fileName/SystemConvertersEditor.cs: c127c1335f24b77ca70195bf2136c6a2 -> 
========================================================================
Received Prepare
Caller must complete domain reload
Begin MonoManager ReloadAssembly
- Loaded All Assemblies, in  0.245 seconds
Native extension for WindowsStandalone target not found
Mono: successfully reloaded assembly
- Finished resetting the current domain, in  0.594 seconds
Domain Reload Profiling: 838ms
	BeginReloadAssembly (85ms)
		ExecutionOrderSort (0ms)
		DisableScriptedObjects (3ms)
		BackupInstance (0ms)
		ReleaseScriptingObjects (0ms)
		CreateAndSetChildDomain (16ms)
	RebuildCommonClasses (18ms)
	RebuildNativeTypeToScriptingClass (6ms)
	initialDomainReloadingComplete (15ms)
	LoadAllAssembliesAndSetupDomain (120ms)
		LoadAssemblies (150ms)
		RebuildTransferFunctionScriptingTraits (0ms)
		AnalyzeDomain (15ms)
			TypeCache.Refresh (6ms)
				TypeCache.ScanAssembly (0ms)
			ScanForSourceGeneratedMonoScriptInfo (4ms)
			ResolveRequiredComponents (3ms)
	FinalizeReload (594ms)
		ReleaseScriptCaches (0ms)
		RebuildScriptCaches (0ms)
		SetupLoadedEditorAssemblies (220ms)
			LogAssemblyErrors (0ms)
			InitializePlatformSupportModulesInManaged (2ms)
			SetLoadedEditorAssemblies (2ms)
			RefreshPlugins (0ms)
			BeforeProcessingInitializeOnLoad (33ms)
			ProcessInitializeOnLoadAttributes (169ms)
			ProcessInitializeOnLoadMethodAttributes (12ms)
			AfterProcessingInitializeOnLoad (2ms)
			EditorAssembliesLoaded (0ms)
		ExecutionOrderSort2 (0ms)
		AwakeInstancesAfterBackupRestoration (5ms)
Refreshing native plugins compatible for Editor in 2.00 ms, found 3 plugins.
Preloading 0 native plugins for Editor in 0.00 ms.
Unloading 3436 Unused Serialized files (Serialized files now loaded: 0)
Unloading 15 unused Assets / (99.8 KB). Loaded Objects now: 4119.
Memory consumption went from 126.3 MB to 126.2 MB.
Total: 1.740100 ms (FindLiveObjects: 0.149200 ms CreateObjectMapping: 0.044200 ms MarkObjects: 1.510000 ms  DeleteObjects: 0.035800 ms)

Prepare: number of updated asset objects reloaded= 0
AssetImportParameters requested are different than current active one (requested -> active):
  custom:scripting/monoscript/fileName/NavMeshSurface.cs: 34aebd278d8d3d5db6b23265b9c700f9 -> 
  custom:scripting/precompiled-assembly-types:Unity.AI.Navigation: 5d8fa505e3253b9a2a456e2c28a1afb3 -> 
  custom:container-demuxer-ogg: 62fdf1f143b41e24485cea50d1cbac27 -> 
  custom:scripting/monoscript/fileName/NavMeshModifierVolumeEditor.cs: 262a50135a116189426aa01c964a744c -> 
  custom:scripting/monoscript/fileName/NavigationOverlay.cs: 2744f4e7946ebbb71339c9b1ce538d00 -> 
  custom:scripting/monoscript/fileName/ConverterItemDescriptor.cs: 8182050d34c5cb602eb7913435a7abee -> 
  custom:video-codec-MediaFoundation-h265: 746d11721c4dcdbdad8f713fa42b33f4 -> 
  custom:scripting/monoscript/fileName/BuiltInToNavMeshSurfaceConverterContainer.cs: c40a906f9f99ea8a6c5aaa215767017f -> 
  custom:video-decoder-ogg-theora: a1e56fd34408186e4bbccfd4996cb3dc -> 
  custom:framework-win-MediaFoundation: 216162199b28c13a410421893ffa2e32 -> 
  custom:scripting/monoscript/fileName/NavigationWindow.cs: 7884404b71178f59d8819c380b951d7c -> 
  custom:scripting/monoscript/fileName/NavMeshComponentsGUIUtility.cs: 08c52049b94db52661003d42fda4ecff -> 
  custom:scripting/monoscript/fileName/ConverterItemInfo.cs: 9fb131dfa28a9ed6b6d00fd9cf83ece4 -> 
  custom:CustomObjectIndexerAttribute: 9a22284fe3817be447336de3de66b15e -> 
  custom:scripting/monoscript/fileName/NavMeshAssetManager.cs: 79eb4858c2054289cd611249ab36b0a5 -> 
  custom:scripting/monoscript/fileName/NavMeshSurfaceEditor.cs: adb1294e971eab992abc2e3e7e051565 -> 
  custom:container-demuxer-webm: 4f35f7cbe854078d1ac9338744f61a02 -> 
  custom:scripting/monoscript/fileName/NavMeshModifierVolume.cs: 8dc531216c72b86c60b86e16ff3da10b -> 
  custom:scripting/monoscript/fileName/NavMeshUpdaterUtility.cs: 5eb03802e6dba19b3e13aaf384805cac -> 
  custom:scripting/monoscript/fileName/NavigationPreferences.cs: ada9399a4f085d4c824cc06527e7fcae -> 
  custom:scripting/monoscript/fileName/NavMeshUpdaterEditor.cs: 169704080eda430978bba61ddedeb304 -> 
  custom:scripting/precompiled-assembly-types:Unity.AI.Navigation.Editor.ConversionSystem: 27c718e5de2659aeeb663e092dc21158 -> 
  custom:scripting/monoscript/fileName/NavMeshModifierEditor.cs: b8675d28116f43f78881455a7301fe8c -> 
  custom:container-muxer-webm: aa71ff27fc2769a1b78a27578f13a17b -> 
  custom:video-decoder-webm-vp8: 9c59270c3fd7afecdb556c50c9e8de78 -> 
  custom:scripting/precompiled-assembly-types:Unity.AI.Navigation.Editor: 7eaf38f66973fde07200cf372b24130e -> 
  custom:scripting/monoscript/fileName/HelpUrls.cs: c1a90585e3e9c9d25f58f9141655f24f -> 
  custom:scripting/monoscript/fileName/EditorStyles.cs: 86b9f4d8fe570a8d8295bfc466c975cf -> 
  custom:SearchIndexIgnoredProperties: e643bd26f0fe6173181afceb89e7c659 -> 
  custom:scripting/precompiled-assembly-types:Unity.AI.Navigation.Updater: d2095ddf03fd615830d6dacf5841450d -> 
  custom:scripting/monoscript/fileName/NavMeshLinkEditor.cs: aed8ae070d922149bb2ba3de06889ff6 -> 
  custom:AudioImporter_EditorPlatform: d09bf68614088b80899f8185d706f6e7 -> 
  custom:scripting/monoscript/fileName/NavMeshModifier.cs: 99ae5ed91bb784edc4f8312d7de046da -> 
  custom:scripting/monoscript/fileName/NavMashAvoider.cs: 599595d5a460521efccc45d4c2a8d20f -> 
  custom:scripting/monoscript/fileName/NavMeshSceneConverter.cs: baf486a1c1cdf03a3111dd113d13c2f4 -> 
  custom:scripting/monoscript/fileName/SystemConverterContainer.cs: eb4026ea01a117ce0888f693e9eed2cd -> 
  custom:scripting/monoscript/fileName/NavMeshLink.cs: 0b3d0eeb07ab57d259e8f9365538df09 -> 
  custom:scripting/monoscript/fileName/ObsoleteNavigationWindowMenuEntry.cs: c7f73386e6473f401a8e4151cac4e1e5 -> 
  custom:scripting/monoscript/fileName/InitializeConverterContext.cs: a97e19589a5774cdc2a34a28caea355f -> 
  custom:scripting/monoscript/fileName/SystemConverter.cs: c748d1769fc66e95256254a1cc1497f3 -> 
  custom:video-encoder-webm-vp8: eb34c28f22e8b96e1ab97ce403110664 -> 
  custom:audio-decoder-ogg-vorbis: bf7c407c2cedff20999df2af8eb42d56 -> 
  custom:scripting/monoscript/fileName/RunItemContext.cs: 338b2243183036c2b60f94c1b5e817c5 -> 
  custom:audio-encoder-webm-vorbis: bf7c407c2cedff20999df2af8eb42d56 -> 
  custom:scripting/precompiled-assembly-types:Assembly-CSharp: 3c4b8b32cece824a9f61102148b546ab -> e66928de38364bb08ef9436b3612de99
  custom:scripting/monoscript/fileName/SystemConvertersEditor.cs: c127c1335f24b77ca70195bf2136c6a2 -> 
========================================================================
Received Prepare
Caller must complete domain reload
Begin MonoManager ReloadAssembly
- Loaded All Assemblies, in  0.236 seconds
Native extension for WindowsStandalone target not found
Mono: successfully reloaded assembly
- Finished resetting the current domain, in  0.534 seconds
Domain Reload Profiling: 769ms
	BeginReloadAssembly (84ms)
		ExecutionOrderSort (0ms)
		DisableScriptedObjects (3ms)
		BackupInstance (0ms)
		ReleaseScriptingObjects (0ms)
		CreateAndSetChildDomain (15ms)
	RebuildCommonClasses (18ms)
	RebuildNativeTypeToScriptingClass (6ms)
	initialDomainReloadingComplete (15ms)
	LoadAllAssembliesAndSetupDomain (113ms)
		LoadAssemblies (149ms)
		RebuildTransferFunctionScriptingTraits (0ms)
		AnalyzeDomain (9ms)
			TypeCache.Refresh (4ms)
				TypeCache.ScanAssembly (0ms)
			ScanForSourceGeneratedMonoScriptInfo (0ms)
			ResolveRequiredComponents (3ms)
	FinalizeReload (535ms)
		ReleaseScriptCaches (0ms)
		RebuildScriptCaches (0ms)
		SetupLoadedEditorAssemblies (228ms)
			LogAssemblyErrors (0ms)
			InitializePlatformSupportModulesInManaged (3ms)
			SetLoadedEditorAssemblies (2ms)
			RefreshPlugins (0ms)
			BeforeProcessingInitializeOnLoad (32ms)
			ProcessInitializeOnLoadAttributes (177ms)
			ProcessInitializeOnLoadMethodAttributes (11ms)
			AfterProcessingInitializeOnLoad (2ms)
			EditorAssembliesLoaded (0ms)
		ExecutionOrderSort2 (0ms)
		AwakeInstancesAfterBackupRestoration (5ms)
Refreshing native plugins compatible for Editor in 2.54 ms, found 3 plugins.
Preloading 0 native plugins for Editor in 0.00 ms.
Unloading 3436 Unused Serialized files (Serialized files now loaded: 0)
Unloading 15 unused Assets / (99.8 KB). Loaded Objects now: 4134.
Memory consumption went from 126.3 MB to 126.2 MB.
Total: 1.910500 ms (FindLiveObjects: 0.199300 ms CreateObjectMapping: 0.042800 ms MarkObjects: 1.633100 ms  DeleteObjects: 0.034700 ms)

Prepare: number of updated asset objects reloaded= 0
AssetImportParameters requested are different than current active one (requested -> active):
  custom:scripting/monoscript/fileName/NavMeshSurface.cs: 34aebd278d8d3d5db6b23265b9c700f9 -> 
  custom:scripting/precompiled-assembly-types:Unity.AI.Navigation: 5d8fa505e3253b9a2a456e2c28a1afb3 -> 
  custom:container-demuxer-ogg: 62fdf1f143b41e24485cea50d1cbac27 -> 
  custom:scripting/monoscript/fileName/NavMeshModifierVolumeEditor.cs: 262a50135a116189426aa01c964a744c -> 
  custom:scripting/monoscript/fileName/NavigationOverlay.cs: 2744f4e7946ebbb71339c9b1ce538d00 -> 
  custom:scripting/monoscript/fileName/ConverterItemDescriptor.cs: 8182050d34c5cb602eb7913435a7abee -> 
  custom:video-codec-MediaFoundation-h265: 746d11721c4dcdbdad8f713fa42b33f4 -> 
  custom:scripting/monoscript/fileName/BuiltInToNavMeshSurfaceConverterContainer.cs: c40a906f9f99ea8a6c5aaa215767017f -> 
  custom:video-decoder-ogg-theora: a1e56fd34408186e4bbccfd4996cb3dc -> 
  custom:framework-win-MediaFoundation: 216162199b28c13a410421893ffa2e32 -> 
  custom:scripting/monoscript/fileName/NavigationWindow.cs: 7884404b71178f59d8819c380b951d7c -> 
  custom:scripting/monoscript/fileName/NavMeshComponentsGUIUtility.cs: 08c52049b94db52661003d42fda4ecff -> 
  custom:scripting/monoscript/fileName/ConverterItemInfo.cs: 9fb131dfa28a9ed6b6d00fd9cf83ece4 -> 
  custom:CustomObjectIndexerAttribute: 9a22284fe3817be447336de3de66b15e -> 
  custom:scripting/monoscript/fileName/NavMeshAssetManager.cs: 79eb4858c2054289cd611249ab36b0a5 -> 
  custom:scripting/monoscript/fileName/NavMeshSurfaceEditor.cs: adb1294e971eab992abc2e3e7e051565 -> 
  custom:container-demuxer-webm: 4f35f7cbe854078d1ac9338744f61a02 -> 
  custom:scripting/monoscript/fileName/NavMeshModifierVolume.cs: 8dc531216c72b86c60b86e16ff3da10b -> 
  custom:scripting/monoscript/fileName/NavMeshUpdaterUtility.cs: 5eb03802e6dba19b3e13aaf384805cac -> 
  custom:scripting/monoscript/fileName/NavigationPreferences.cs: ada9399a4f085d4c824cc06527e7fcae -> 
  custom:scripting/monoscript/fileName/NavMeshUpdaterEditor.cs: 169704080eda430978bba61ddedeb304 -> 
  custom:scripting/precompiled-assembly-types:Unity.AI.Navigation.Editor.ConversionSystem: 27c718e5de2659aeeb663e092dc21158 -> 
  custom:scripting/monoscript/fileName/NavMeshModifierEditor.cs: b8675d28116f43f78881455a7301fe8c -> 
  custom:container-muxer-webm: aa71ff27fc2769a1b78a27578f13a17b -> 
  custom:video-decoder-webm-vp8: 9c59270c3fd7afecdb556c50c9e8de78 -> 
  custom:scripting/precompiled-assembly-types:Unity.AI.Navigation.Editor: 7eaf38f66973fde07200cf372b24130e -> 
  custom:scripting/monoscript/fileName/HelpUrls.cs: c1a90585e3e9c9d25f58f9141655f24f -> 
  custom:scripting/monoscript/fileName/EditorStyles.cs: 86b9f4d8fe570a8d8295bfc466c975cf -> 
  custom:SearchIndexIgnoredProperties: e643bd26f0fe6173181afceb89e7c659 -> 
  custom:scripting/precompiled-assembly-types:Unity.AI.Navigation.Updater: d2095ddf03fd615830d6dacf5841450d -> 
  custom:scripting/monoscript/fileName/NavMeshLinkEditor.cs: aed8ae070d922149bb2ba3de06889ff6 -> 
  custom:AudioImporter_EditorPlatform: d09bf68614088b80899f8185d706f6e7 -> 
  custom:scripting/monoscript/fileName/NavMeshModifier.cs: 99ae5ed91bb784edc4f8312d7de046da -> 
  custom:scripting/monoscript/fileName/NavMashAvoider.cs: 599595d5a460521efccc45d4c2a8d20f -> 
  custom:scripting/monoscript/fileName/NavMeshSceneConverter.cs: baf486a1c1cdf03a3111dd113d13c2f4 -> 
  custom:scripting/monoscript/fileName/SystemConverterContainer.cs: eb4026ea01a117ce0888f693e9eed2cd -> 
  custom:scripting/monoscript/fileName/NavMeshLink.cs: 0b3d0eeb07ab57d259e8f9365538df09 -> 
  custom:scripting/monoscript/fileName/ObsoleteNavigationWindowMenuEntry.cs: c7f73386e6473f401a8e4151cac4e1e5 -> 
  custom:scripting/monoscript/fileName/InitializeConverterContext.cs: a97e19589a5774cdc2a34a28caea355f -> 
  custom:scripting/monoscript/fileName/SystemConverter.cs: c748d1769fc66e95256254a1cc1497f3 -> 
  custom:video-encoder-webm-vp8: eb34c28f22e8b96e1ab97ce403110664 -> 
  custom:audio-decoder-ogg-vorbis: bf7c407c2cedff20999df2af8eb42d56 -> 
  custom:scripting/monoscript/fileName/RunItemContext.cs: 338b2243183036c2b60f94c1b5e817c5 -> 
  custom:audio-encoder-webm-vorbis: bf7c407c2cedff20999df2af8eb42d56 -> 
  custom:scripting/precompiled-assembly-types:Assembly-CSharp: 3c4b8b32cece824a9f61102148b546ab -> e66928de38364bb08ef9436b3612de99
  custom:scripting/monoscript/fileName/SystemConvertersEditor.cs: c127c1335f24b77ca70195bf2136c6a2 -> 
========================================================================
Received Prepare
Caller must complete domain reload
Begin MonoManager ReloadAssembly
- Loaded All Assemblies, in  0.246 seconds
Native extension for WindowsStandalone target not found
Mono: successfully reloaded assembly
- Finished resetting the current domain, in  0.537 seconds
Domain Reload Profiling: 782ms
	BeginReloadAssembly (84ms)
		ExecutionOrderSort (0ms)
		DisableScriptedObjects (3ms)
		BackupInstance (0ms)
		ReleaseScriptingObjects (0ms)
		CreateAndSetChildDomain (16ms)
	RebuildCommonClasses (17ms)
	RebuildNativeTypeToScriptingClass (6ms)
	initialDomainReloadingComplete (13ms)
	LoadAllAssembliesAndSetupDomain (125ms)
		LoadAssemblies (159ms)
		RebuildTransferFunctionScriptingTraits (0ms)
		AnalyzeDomain (9ms)
			TypeCache.Refresh (4ms)
				TypeCache.ScanAssembly (0ms)
			ScanForSourceGeneratedMonoScriptInfo (0ms)
			ResolveRequiredComponents (3ms)
	FinalizeReload (537ms)
		ReleaseScriptCaches (0ms)
		RebuildScriptCaches (0ms)
		SetupLoadedEditorAssemblies (221ms)
			LogAssemblyErrors (0ms)
			InitializePlatformSupportModulesInManaged (3ms)
			SetLoadedEditorAssemblies (2ms)
			RefreshPlugins (0ms)
			BeforeProcessingInitializeOnLoad (32ms)
			ProcessInitializeOnLoadAttributes (172ms)
			ProcessInitializeOnLoadMethodAttributes (11ms)
			AfterProcessingInitializeOnLoad (1ms)
			EditorAssembliesLoaded (0ms)
		ExecutionOrderSort2 (0ms)
		AwakeInstancesAfterBackupRestoration (5ms)
Refreshing native plugins compatible for Editor in 2.70 ms, found 3 plugins.
Preloading 0 native plugins for Editor in 0.00 ms.
Unloading 3436 Unused Serialized files (Serialized files now loaded: 0)
Unloading 15 unused Assets / (99.8 KB). Loaded Objects now: 4149.
Memory consumption went from 126.3 MB to 126.2 MB.
Total: 2.048400 ms (FindLiveObjects: 0.156800 ms CreateObjectMapping: 0.068800 ms MarkObjects: 1.787600 ms  DeleteObjects: 0.034600 ms)

Prepare: number of updated asset objects reloaded= 0
AssetImportParameters requested are different than current active one (requested -> active):
  custom:scripting/monoscript/fileName/NavMeshSurface.cs: 34aebd278d8d3d5db6b23265b9c700f9 -> 
  custom:scripting/precompiled-assembly-types:Unity.AI.Navigation: 5d8fa505e3253b9a2a456e2c28a1afb3 -> 
  custom:container-demuxer-ogg: 62fdf1f143b41e24485cea50d1cbac27 -> 
  custom:scripting/monoscript/fileName/NavMeshModifierVolumeEditor.cs: 262a50135a116189426aa01c964a744c -> 
  custom:scripting/monoscript/fileName/NavigationOverlay.cs: 2744f4e7946ebbb71339c9b1ce538d00 -> 
  custom:scripting/monoscript/fileName/ConverterItemDescriptor.cs: 8182050d34c5cb602eb7913435a7abee -> 
  custom:video-codec-MediaFoundation-h265: 746d11721c4dcdbdad8f713fa42b33f4 -> 
  custom:scripting/monoscript/fileName/BuiltInToNavMeshSurfaceConverterContainer.cs: c40a906f9f99ea8a6c5aaa215767017f -> 
  custom:video-decoder-ogg-theora: a1e56fd34408186e4bbccfd4996cb3dc -> 
  custom:framework-win-MediaFoundation: 216162199b28c13a410421893ffa2e32 -> 
  custom:scripting/monoscript/fileName/NavigationWindow.cs: 7884404b71178f59d8819c380b951d7c -> 
  custom:scripting/monoscript/fileName/NavMeshComponentsGUIUtility.cs: 08c52049b94db52661003d42fda4ecff -> 
  custom:scripting/monoscript/fileName/ConverterItemInfo.cs: 9fb131dfa28a9ed6b6d00fd9cf83ece4 -> 
  custom:CustomObjectIndexerAttribute: 9a22284fe3817be447336de3de66b15e -> 
  custom:scripting/monoscript/fileName/NavMeshAssetManager.cs: 79eb4858c2054289cd611249ab36b0a5 -> 
  custom:scripting/monoscript/fileName/NavMeshSurfaceEditor.cs: adb1294e971eab992abc2e3e7e051565 -> 
  custom:container-demuxer-webm: 4f35f7cbe854078d1ac9338744f61a02 -> 
  custom:scripting/monoscript/fileName/NavMeshModifierVolume.cs: 8dc531216c72b86c60b86e16ff3da10b -> 
  custom:scripting/monoscript/fileName/NavMeshUpdaterUtility.cs: 5eb03802e6dba19b3e13aaf384805cac -> 
  custom:scripting/monoscript/fileName/NavigationPreferences.cs: ada9399a4f085d4c824cc06527e7fcae -> 
  custom:scripting/monoscript/fileName/NavMeshUpdaterEditor.cs: 169704080eda430978bba61ddedeb304 -> 
  custom:scripting/precompiled-assembly-types:Unity.AI.Navigation.Editor.ConversionSystem: 27c718e5de2659aeeb663e092dc21158 -> 
  custom:scripting/monoscript/fileName/NavMeshModifierEditor.cs: b8675d28116f43f78881455a7301fe8c -> 
  custom:container-muxer-webm: aa71ff27fc2769a1b78a27578f13a17b -> 
  custom:video-decoder-webm-vp8: 9c59270c3fd7afecdb556c50c9e8de78 -> 
  custom:scripting/precompiled-assembly-types:Unity.AI.Navigation.Editor: 7eaf38f66973fde07200cf372b24130e -> 
  custom:scripting/monoscript/fileName/HelpUrls.cs: c1a90585e3e9c9d25f58f9141655f24f -> 
  custom:scripting/monoscript/fileName/EditorStyles.cs: 86b9f4d8fe570a8d8295bfc466c975cf -> 
  custom:SearchIndexIgnoredProperties: e643bd26f0fe6173181afceb89e7c659 -> 
  custom:scripting/precompiled-assembly-types:Unity.AI.Navigation.Updater: d2095ddf03fd615830d6dacf5841450d -> 
  custom:scripting/monoscript/fileName/NavMeshLinkEditor.cs: aed8ae070d922149bb2ba3de06889ff6 -> 
  custom:AudioImporter_EditorPlatform: d09bf68614088b80899f8185d706f6e7 -> 
  custom:scripting/monoscript/fileName/NavMeshModifier.cs: 99ae5ed91bb784edc4f8312d7de046da -> 
  custom:scripting/monoscript/fileName/NavMashAvoider.cs: 599595d5a460521efccc45d4c2a8d20f -> 
  custom:scripting/monoscript/fileName/NavMeshSceneConverter.cs: baf486a1c1cdf03a3111dd113d13c2f4 -> 
  custom:scripting/monoscript/fileName/SystemConverterContainer.cs: eb4026ea01a117ce0888f693e9eed2cd -> 
  custom:scripting/monoscript/fileName/NavMeshLink.cs: 0b3d0eeb07ab57d259e8f9365538df09 -> 
  custom:scripting/monoscript/fileName/ObsoleteNavigationWindowMenuEntry.cs: c7f73386e6473f401a8e4151cac4e1e5 -> 
  custom:scripting/monoscript/fileName/InitializeConverterContext.cs: a97e19589a5774cdc2a34a28caea355f -> 
  custom:scripting/monoscript/fileName/SystemConverter.cs: c748d1769fc66e95256254a1cc1497f3 -> 
  custom:video-encoder-webm-vp8: eb34c28f22e8b96e1ab97ce403110664 -> 
  custom:audio-decoder-ogg-vorbis: bf7c407c2cedff20999df2af8eb42d56 -> 
  custom:scripting/monoscript/fileName/RunItemContext.cs: 338b2243183036c2b60f94c1b5e817c5 -> 
  custom:audio-encoder-webm-vorbis: bf7c407c2cedff20999df2af8eb42d56 -> 
  custom:scripting/precompiled-assembly-types:Assembly-CSharp: 3c4b8b32cece824a9f61102148b546ab -> e66928de38364bb08ef9436b3612de99
  custom:scripting/monoscript/fileName/SystemConvertersEditor.cs: c127c1335f24b77ca70195bf2136c6a2 -> 
========================================================================
Received Prepare
Caller must complete domain reload
Begin MonoManager ReloadAssembly
- Loaded All Assemblies, in  0.252 seconds
Native extension for WindowsStandalone target not found
Mono: successfully reloaded assembly
- Finished resetting the current domain, in  0.565 seconds
Domain Reload Profiling: 816ms
	BeginReloadAssembly (84ms)
		ExecutionOrderSort (0ms)
		DisableScriptedObjects (3ms)
		BackupInstance (0ms)
		ReleaseScriptingObjects (0ms)
		CreateAndSetChildDomain (15ms)
	RebuildCommonClasses (17ms)
	RebuildNativeTypeToScriptingClass (6ms)
	initialDomainReloadingComplete (15ms)
	LoadAllAssembliesAndSetupDomain (129ms)
		LoadAssemblies (165ms)
		RebuildTransferFunctionScriptingTraits (0ms)
		AnalyzeDomain (10ms)
			TypeCache.Refresh (4ms)
				TypeCache.ScanAssembly (0ms)
			ScanForSourceGeneratedMonoScriptInfo (0ms)
			ResolveRequiredComponents (4ms)
	FinalizeReload (565ms)
		ReleaseScriptCaches (0ms)
		RebuildScriptCaches (0ms)
		SetupLoadedEditorAssemblies (243ms)
			LogAssemblyErrors (0ms)
			InitializePlatformSupportModulesInManaged (3ms)
			SetLoadedEditorAssemblies (2ms)
			RefreshPlugins (0ms)
			BeforeProcessingInitializeOnLoad (36ms)
			ProcessInitializeOnLoadAttributes (188ms)
			ProcessInitializeOnLoadMethodAttributes (12ms)
			AfterProcessingInitializeOnLoad (2ms)
			EditorAssembliesLoaded (0ms)
		ExecutionOrderSort2 (0ms)
		AwakeInstancesAfterBackupRestoration (5ms)
Refreshing native plugins compatible for Editor in 2.48 ms, found 3 plugins.
Preloading 0 native plugins for Editor in 0.00 ms.
Unloading 3436 Unused Serialized files (Serialized files now loaded: 0)
Unloading 15 unused Assets / (99.8 KB). Loaded Objects now: 4164.
Memory consumption went from 126.3 MB to 126.2 MB.
Total: 1.828100 ms (FindLiveObjects: 0.150400 ms CreateObjectMapping: 0.043800 ms MarkObjects: 1.600100 ms  DeleteObjects: 0.033200 ms)

Prepare: number of updated asset objects reloaded= 0
AssetImportParameters requested are different than current active one (requested -> active):
  custom:scripting/monoscript/fileName/NavMeshSurface.cs: 34aebd278d8d3d5db6b23265b9c700f9 -> 
  custom:scripting/precompiled-assembly-types:Unity.AI.Navigation: 5d8fa505e3253b9a2a456e2c28a1afb3 -> 
  custom:container-demuxer-ogg: 62fdf1f143b41e24485cea50d1cbac27 -> 
  custom:scripting/monoscript/fileName/NavMeshModifierVolumeEditor.cs: 262a50135a116189426aa01c964a744c -> 
  custom:scripting/monoscript/fileName/NavigationOverlay.cs: 2744f4e7946ebbb71339c9b1ce538d00 -> 
  custom:scripting/monoscript/fileName/ConverterItemDescriptor.cs: 8182050d34c5cb602eb7913435a7abee -> 
  custom:video-codec-MediaFoundation-h265: 746d11721c4dcdbdad8f713fa42b33f4 -> 
  custom:scripting/monoscript/fileName/BuiltInToNavMeshSurfaceConverterContainer.cs: c40a906f9f99ea8a6c5aaa215767017f -> 
  custom:video-decoder-ogg-theora: a1e56fd34408186e4bbccfd4996cb3dc -> 
  custom:framework-win-MediaFoundation: 216162199b28c13a410421893ffa2e32 -> 
  custom:scripting/monoscript/fileName/NavigationWindow.cs: 7884404b71178f59d8819c380b951d7c -> 
  custom:scripting/monoscript/fileName/NavMeshComponentsGUIUtility.cs: 08c52049b94db52661003d42fda4ecff -> 
  custom:scripting/monoscript/fileName/ConverterItemInfo.cs: 9fb131dfa28a9ed6b6d00fd9cf83ece4 -> 
  custom:CustomObjectIndexerAttribute: 9a22284fe3817be447336de3de66b15e -> 
  custom:scripting/monoscript/fileName/NavMeshAssetManager.cs: 79eb4858c2054289cd611249ab36b0a5 -> 
  custom:scripting/monoscript/fileName/NavMeshSurfaceEditor.cs: adb1294e971eab992abc2e3e7e051565 -> 
  custom:container-demuxer-webm: 4f35f7cbe854078d1ac9338744f61a02 -> 
  custom:scripting/monoscript/fileName/NavMeshModifierVolume.cs: 8dc531216c72b86c60b86e16ff3da10b -> 
  custom:scripting/monoscript/fileName/NavMeshUpdaterUtility.cs: 5eb03802e6dba19b3e13aaf384805cac -> 
  custom:scripting/monoscript/fileName/NavigationPreferences.cs: ada9399a4f085d4c824cc06527e7fcae -> 
  custom:scripting/monoscript/fileName/NavMeshUpdaterEditor.cs: 169704080eda430978bba61ddedeb304 -> 
  custom:scripting/precompiled-assembly-types:Unity.AI.Navigation.Editor.ConversionSystem: 27c718e5de2659aeeb663e092dc21158 -> 
  custom:scripting/monoscript/fileName/NavMeshModifierEditor.cs: b8675d28116f43f78881455a7301fe8c -> 
  custom:container-muxer-webm: aa71ff27fc2769a1b78a27578f13a17b -> 
  custom:video-decoder-webm-vp8: 9c59270c3fd7afecdb556c50c9e8de78 -> 
  custom:scripting/precompiled-assembly-types:Unity.AI.Navigation.Editor: 7eaf38f66973fde07200cf372b24130e -> 
  custom:scripting/monoscript/fileName/HelpUrls.cs: c1a90585e3e9c9d25f58f9141655f24f -> 
  custom:scripting/monoscript/fileName/EditorStyles.cs: 86b9f4d8fe570a8d8295bfc466c975cf -> 
  custom:SearchIndexIgnoredProperties: e643bd26f0fe6173181afceb89e7c659 -> 
  custom:scripting/precompiled-assembly-types:Unity.AI.Navigation.Updater: d2095ddf03fd615830d6dacf5841450d -> 
  custom:scripting/monoscript/fileName/NavMeshLinkEditor.cs: aed8ae070d922149bb2ba3de06889ff6 -> 
  custom:AudioImporter_EditorPlatform: d09bf68614088b80899f8185d706f6e7 -> 
  custom:scripting/monoscript/fileName/NavMeshModifier.cs: 99ae5ed91bb784edc4f8312d7de046da -> 
  custom:scripting/monoscript/fileName/NavMashAvoider.cs: 599595d5a460521efccc45d4c2a8d20f -> 
  custom:scripting/monoscript/fileName/NavMeshSceneConverter.cs: baf486a1c1cdf03a3111dd113d13c2f4 -> 
  custom:scripting/monoscript/fileName/SystemConverterContainer.cs: eb4026ea01a117ce0888f693e9eed2cd -> 
  custom:scripting/monoscript/fileName/NavMeshLink.cs: 0b3d0eeb07ab57d259e8f9365538df09 -> 
  custom:scripting/monoscript/fileName/ObsoleteNavigationWindowMenuEntry.cs: c7f73386e6473f401a8e4151cac4e1e5 -> 
  custom:scripting/monoscript/fileName/InitializeConverterContext.cs: a97e19589a5774cdc2a34a28caea355f -> 
  custom:scripting/monoscript/fileName/SystemConverter.cs: c748d1769fc66e95256254a1cc1497f3 -> 
  custom:video-encoder-webm-vp8: eb34c28f22e8b96e1ab97ce403110664 -> 
  custom:audio-decoder-ogg-vorbis: bf7c407c2cedff20999df2af8eb42d56 -> 
  custom:scripting/monoscript/fileName/RunItemContext.cs: 338b2243183036c2b60f94c1b5e817c5 -> 
  custom:audio-encoder-webm-vorbis: bf7c407c2cedff20999df2af8eb42d56 -> 
  custom:scripting/precompiled-assembly-types:Assembly-CSharp: 3c4b8b32cece824a9f61102148b546ab -> e66928de38364bb08ef9436b3612de99
  custom:scripting/monoscript/fileName/SystemConvertersEditor.cs: c127c1335f24b77ca70195bf2136c6a2 -> 
========================================================================
Received Prepare
Caller must complete domain reload
Begin MonoManager ReloadAssembly
- Loaded All Assemblies, in  0.472 seconds
Native extension for WindowsStandalone target not found
Mono: successfully reloaded assembly
- Finished resetting the current domain, in  1.036 seconds
Domain Reload Profiling: 1506ms
	BeginReloadAssembly (145ms)
		ExecutionOrderSort (0ms)
		DisableScriptedObjects (5ms)
		BackupInstance (0ms)
		ReleaseScriptingObjects (0ms)
		CreateAndSetChildDomain (28ms)
	RebuildCommonClasses (31ms)
	RebuildNativeTypeToScriptingClass (11ms)
	initialDomainReloadingComplete (25ms)
	LoadAllAssembliesAndSetupDomain (258ms)
		LoadAssemblies (317ms)
		RebuildTransferFunctionScriptingTraits (0ms)
		AnalyzeDomain (24ms)
			TypeCache.Refresh (9ms)
				TypeCache.ScanAssembly (0ms)
			ScanForSourceGeneratedMonoScriptInfo (6ms)
			ResolveRequiredComponents (7ms)
	FinalizeReload (1037ms)
		ReleaseScriptCaches (0ms)
		RebuildScriptCaches (0ms)
		SetupLoadedEditorAssemblies (393ms)
			LogAssemblyErrors (0ms)
			InitializePlatformSupportModulesInManaged (6ms)
			SetLoadedEditorAssemblies (5ms)
			RefreshPlugins (0ms)
			BeforeProcessingInitializeOnLoad (57ms)
			ProcessInitializeOnLoadAttributes (301ms)
			ProcessInitializeOnLoadMethodAttributes (22ms)
			AfterProcessingInitializeOnLoad (3ms)
			EditorAssembliesLoaded (0ms)
		ExecutionOrderSort2 (0ms)
		AwakeInstancesAfterBackupRestoration (10ms)
Refreshing native plugins compatible for Editor in 5.41 ms, found 3 plugins.
Preloading 0 native plugins for Editor in 0.00 ms.
Unloading 3436 Unused Serialized files (Serialized files now loaded: 0)
Unloading 15 unused Assets / (99.8 KB). Loaded Objects now: 4179.
Memory consumption went from 126.3 MB to 126.2 MB.
Total: 3.112700 ms (FindLiveObjects: 0.250800 ms CreateObjectMapping: 0.078000 ms MarkObjects: 2.738400 ms  DeleteObjects: 0.044700 ms)

Prepare: number of updated asset objects reloaded= 0
AssetImportParameters requested are different than current active one (requested -> active):
  custom:scripting/monoscript/fileName/NavMeshSurface.cs: 34aebd278d8d3d5db6b23265b9c700f9 -> 
  custom:scripting/precompiled-assembly-types:Unity.AI.Navigation: 5d8fa505e3253b9a2a456e2c28a1afb3 -> 
  custom:container-demuxer-ogg: 62fdf1f143b41e24485cea50d1cbac27 -> 
  custom:scripting/monoscript/fileName/NavMeshModifierVolumeEditor.cs: 262a50135a116189426aa01c964a744c -> 
  custom:scripting/monoscript/fileName/NavigationOverlay.cs: 2744f4e7946ebbb71339c9b1ce538d00 -> 
  custom:scripting/monoscript/fileName/ConverterItemDescriptor.cs: 8182050d34c5cb602eb7913435a7abee -> 
  custom:video-codec-MediaFoundation-h265: 746d11721c4dcdbdad8f713fa42b33f4 -> 
  custom:scripting/monoscript/fileName/BuiltInToNavMeshSurfaceConverterContainer.cs: c40a906f9f99ea8a6c5aaa215767017f -> 
  custom:video-decoder-ogg-theora: a1e56fd34408186e4bbccfd4996cb3dc -> 
  custom:framework-win-MediaFoundation: 216162199b28c13a410421893ffa2e32 -> 
  custom:scripting/monoscript/fileName/NavigationWindow.cs: 7884404b71178f59d8819c380b951d7c -> 
  custom:scripting/monoscript/fileName/NavMeshComponentsGUIUtility.cs: 08c52049b94db52661003d42fda4ecff -> 
  custom:scripting/monoscript/fileName/ConverterItemInfo.cs: 9fb131dfa28a9ed6b6d00fd9cf83ece4 -> 
  custom:CustomObjectIndexerAttribute: 9a22284fe3817be447336de3de66b15e -> 
  custom:scripting/monoscript/fileName/NavMeshAssetManager.cs: 79eb4858c2054289cd611249ab36b0a5 -> 
  custom:scripting/monoscript/fileName/NavMeshSurfaceEditor.cs: adb1294e971eab992abc2e3e7e051565 -> 
  custom:container-demuxer-webm: 4f35f7cbe854078d1ac9338744f61a02 -> 
  custom:scripting/monoscript/fileName/NavMeshModifierVolume.cs: 8dc531216c72b86c60b86e16ff3da10b -> 
  custom:scripting/monoscript/fileName/NavMeshUpdaterUtility.cs: 5eb03802e6dba19b3e13aaf384805cac -> 
  custom:scripting/monoscript/fileName/NavigationPreferences.cs: ada9399a4f085d4c824cc06527e7fcae -> 
  custom:scripting/monoscript/fileName/NavMeshUpdaterEditor.cs: 169704080eda430978bba61ddedeb304 -> 
  custom:scripting/precompiled-assembly-types:Unity.AI.Navigation.Editor.ConversionSystem: 27c718e5de2659aeeb663e092dc21158 -> 
  custom:scripting/monoscript/fileName/NavMeshModifierEditor.cs: b8675d28116f43f78881455a7301fe8c -> 
  custom:container-muxer-webm: aa71ff27fc2769a1b78a27578f13a17b -> 
  custom:video-decoder-webm-vp8: 9c59270c3fd7afecdb556c50c9e8de78 -> 
  custom:scripting/precompiled-assembly-types:Unity.AI.Navigation.Editor: 7eaf38f66973fde07200cf372b24130e -> 
  custom:scripting/monoscript/fileName/HelpUrls.cs: c1a90585e3e9c9d25f58f9141655f24f -> 
  custom:scripting/monoscript/fileName/EditorStyles.cs: 86b9f4d8fe570a8d8295bfc466c975cf -> 
  custom:SearchIndexIgnoredProperties: e643bd26f0fe6173181afceb89e7c659 -> 
  custom:scripting/precompiled-assembly-types:Unity.AI.Navigation.Updater: d2095ddf03fd615830d6dacf5841450d -> 
  custom:scripting/monoscript/fileName/NavMeshLinkEditor.cs: aed8ae070d922149bb2ba3de06889ff6 -> 
  custom:AudioImporter_EditorPlatform: d09bf68614088b80899f8185d706f6e7 -> 
  custom:scripting/monoscript/fileName/NavMeshModifier.cs: 99ae5ed91bb784edc4f8312d7de046da -> 
  custom:scripting/monoscript/fileName/NavMashAvoider.cs: 599595d5a460521efccc45d4c2a8d20f -> 
  custom:scripting/monoscript/fileName/NavMeshSceneConverter.cs: baf486a1c1cdf03a3111dd113d13c2f4 -> 
  custom:scripting/monoscript/fileName/SystemConverterContainer.cs: eb4026ea01a117ce0888f693e9eed2cd -> 
  custom:scripting/monoscript/fileName/NavMeshLink.cs: 0b3d0eeb07ab57d259e8f9365538df09 -> 
  custom:scripting/monoscript/fileName/ObsoleteNavigationWindowMenuEntry.cs: c7f73386e6473f401a8e4151cac4e1e5 -> 
  custom:scripting/monoscript/fileName/InitializeConverterContext.cs: a97e19589a5774cdc2a34a28caea355f -> 
  custom:scripting/monoscript/fileName/SystemConverter.cs: c748d1769fc66e95256254a1cc1497f3 -> 
  custom:video-encoder-webm-vp8: eb34c28f22e8b96e1ab97ce403110664 -> 
  custom:audio-decoder-ogg-vorbis: bf7c407c2cedff20999df2af8eb42d56 -> 
  custom:scripting/monoscript/fileName/RunItemContext.cs: 338b2243183036c2b60f94c1b5e817c5 -> 
  custom:audio-encoder-webm-vorbis: bf7c407c2cedff20999df2af8eb42d56 -> 
  custom:scripting/precompiled-assembly-types:Assembly-CSharp: 3c4b8b32cece824a9f61102148b546ab -> e66928de38364bb08ef9436b3612de99
  custom:scripting/monoscript/fileName/SystemConvertersEditor.cs: c127c1335f24b77ca70195bf2136c6a2 -> 
========================================================================
Received Prepare
Caller must complete domain reload
Begin MonoManager ReloadAssembly
- Loaded All Assemblies, in  0.243 seconds
Native extension for WindowsStandalone target not found
Mono: successfully reloaded assembly
- Finished resetting the current domain, in  0.561 seconds
Domain Reload Profiling: 803ms
	BeginReloadAssembly (81ms)
		ExecutionOrderSort (0ms)
		DisableScriptedObjects (3ms)
		BackupInstance (0ms)
		ReleaseScriptingObjects (0ms)
		CreateAndSetChildDomain (14ms)
	RebuildCommonClasses (18ms)
	RebuildNativeTypeToScriptingClass (6ms)
	initialDomainReloadingComplete (14ms)
	LoadAllAssembliesAndSetupDomain (124ms)
		LoadAssemblies (158ms)
		RebuildTransferFunctionScriptingTraits (0ms)
		AnalyzeDomain (9ms)
			TypeCache.Refresh (4ms)
				TypeCache.ScanAssembly (0ms)
			ScanForSourceGeneratedMonoScriptInfo (0ms)
			ResolveRequiredComponents (3ms)
	FinalizeReload (561ms)
		ReleaseScriptCaches (0ms)
		RebuildScriptCaches (0ms)
		SetupLoadedEditorAssemblies (236ms)
			LogAssemblyErrors (0ms)
			InitializePlatformSupportModulesInManaged (3ms)
			SetLoadedEditorAssemblies (2ms)
			RefreshPlugins (0ms)
			BeforeProcessingInitializeOnLoad (35ms)
			ProcessInitializeOnLoadAttributes (182ms)
			ProcessInitializeOnLoadMethodAttributes (13ms)
			AfterProcessingInitializeOnLoad (1ms)
			EditorAssembliesLoaded (0ms)
		ExecutionOrderSort2 (0ms)
		AwakeInstancesAfterBackupRestoration (5ms)
Refreshing native plugins compatible for Editor in 1.84 ms, found 3 plugins.
Preloading 0 native plugins for Editor in 0.00 ms.
Unloading 3436 Unused Serialized files (Serialized files now loaded: 0)
Unloading 15 unused Assets / (99.8 KB). Loaded Objects now: 4194.
Memory consumption went from 126.3 MB to 126.2 MB.
Total: 1.717600 ms (FindLiveObjects: 0.161700 ms CreateObjectMapping: 0.047100 ms MarkObjects: 1.474300 ms  DeleteObjects: 0.033900 ms)

Prepare: number of updated asset objects reloaded= 0
AssetImportParameters requested are different than current active one (requested -> active):
  custom:scripting/monoscript/fileName/NavMeshSurface.cs: 34aebd278d8d3d5db6b23265b9c700f9 -> 
  custom:scripting/precompiled-assembly-types:Unity.AI.Navigation: 5d8fa505e3253b9a2a456e2c28a1afb3 -> 
  custom:container-demuxer-ogg: 62fdf1f143b41e24485cea50d1cbac27 -> 
  custom:scripting/monoscript/fileName/NavMeshModifierVolumeEditor.cs: 262a50135a116189426aa01c964a744c -> 
  custom:scripting/monoscript/fileName/NavigationOverlay.cs: 2744f4e7946ebbb71339c9b1ce538d00 -> 
  custom:scripting/monoscript/fileName/ConverterItemDescriptor.cs: 8182050d34c5cb602eb7913435a7abee -> 
  custom:video-codec-MediaFoundation-h265: 746d11721c4dcdbdad8f713fa42b33f4 -> 
  custom:scripting/monoscript/fileName/BuiltInToNavMeshSurfaceConverterContainer.cs: c40a906f9f99ea8a6c5aaa215767017f -> 
  custom:video-decoder-ogg-theora: a1e56fd34408186e4bbccfd4996cb3dc -> 
  custom:framework-win-MediaFoundation: 216162199b28c13a410421893ffa2e32 -> 
  custom:scripting/monoscript/fileName/NavigationWindow.cs: 7884404b71178f59d8819c380b951d7c -> 
  custom:scripting/monoscript/fileName/NavMeshComponentsGUIUtility.cs: 08c52049b94db52661003d42fda4ecff -> 
  custom:scripting/monoscript/fileName/ConverterItemInfo.cs: 9fb131dfa28a9ed6b6d00fd9cf83ece4 -> 
  custom:CustomObjectIndexerAttribute: 9a22284fe3817be447336de3de66b15e -> 
  custom:scripting/monoscript/fileName/NavMeshAssetManager.cs: 79eb4858c2054289cd611249ab36b0a5 -> 
  custom:scripting/monoscript/fileName/NavMeshSurfaceEditor.cs: adb1294e971eab992abc2e3e7e051565 -> 
  custom:container-demuxer-webm: 4f35f7cbe854078d1ac9338744f61a02 -> 
  custom:scripting/monoscript/fileName/NavMeshModifierVolume.cs: 8dc531216c72b86c60b86e16ff3da10b -> 
  custom:scripting/monoscript/fileName/NavMeshUpdaterUtility.cs: 5eb03802e6dba19b3e13aaf384805cac -> 
  custom:scripting/monoscript/fileName/NavigationPreferences.cs: ada9399a4f085d4c824cc06527e7fcae -> 
  custom:scripting/monoscript/fileName/NavMeshUpdaterEditor.cs: 169704080eda430978bba61ddedeb304 -> 
  custom:scripting/precompiled-assembly-types:Unity.AI.Navigation.Editor.ConversionSystem: 27c718e5de2659aeeb663e092dc21158 -> 
  custom:scripting/monoscript/fileName/NavMeshModifierEditor.cs: b8675d28116f43f78881455a7301fe8c -> 
  custom:container-muxer-webm: aa71ff27fc2769a1b78a27578f13a17b -> 
  custom:video-decoder-webm-vp8: 9c59270c3fd7afecdb556c50c9e8de78 -> 
  custom:scripting/precompiled-assembly-types:Unity.AI.Navigation.Editor: 7eaf38f66973fde07200cf372b24130e -> 
  custom:scripting/monoscript/fileName/HelpUrls.cs: c1a90585e3e9c9d25f58f9141655f24f -> 
  custom:scripting/monoscript/fileName/EditorStyles.cs: 86b9f4d8fe570a8d8295bfc466c975cf -> 
  custom:SearchIndexIgnoredProperties: e643bd26f0fe6173181afceb89e7c659 -> 
  custom:scripting/precompiled-assembly-types:Unity.AI.Navigation.Updater: d2095ddf03fd615830d6dacf5841450d -> 
  custom:scripting/monoscript/fileName/NavMeshLinkEditor.cs: aed8ae070d922149bb2ba3de06889ff6 -> 
  custom:AudioImporter_EditorPlatform: d09bf68614088b80899f8185d706f6e7 -> 
  custom:scripting/monoscript/fileName/NavMeshModifier.cs: 99ae5ed91bb784edc4f8312d7de046da -> 
  custom:scripting/monoscript/fileName/NavMashAvoider.cs: 599595d5a460521efccc45d4c2a8d20f -> 
  custom:scripting/monoscript/fileName/NavMeshSceneConverter.cs: baf486a1c1cdf03a3111dd113d13c2f4 -> 
  custom:scripting/monoscript/fileName/SystemConverterContainer.cs: eb4026ea01a117ce0888f693e9eed2cd -> 
  custom:scripting/monoscript/fileName/NavMeshLink.cs: 0b3d0eeb07ab57d259e8f9365538df09 -> 
  custom:scripting/monoscript/fileName/ObsoleteNavigationWindowMenuEntry.cs: c7f73386e6473f401a8e4151cac4e1e5 -> 
  custom:scripting/monoscript/fileName/InitializeConverterContext.cs: a97e19589a5774cdc2a34a28caea355f -> 
  custom:scripting/monoscript/fileName/SystemConverter.cs: c748d1769fc66e95256254a1cc1497f3 -> 
  custom:video-encoder-webm-vp8: eb34c28f22e8b96e1ab97ce403110664 -> 
  custom:audio-decoder-ogg-vorbis: bf7c407c2cedff20999df2af8eb42d56 -> 
  custom:scripting/monoscript/fileName/RunItemContext.cs: 338b2243183036c2b60f94c1b5e817c5 -> 
  custom:audio-encoder-webm-vorbis: bf7c407c2cedff20999df2af8eb42d56 -> 
  custom:scripting/precompiled-assembly-types:Assembly-CSharp: 3c4b8b32cece824a9f61102148b546ab -> e66928de38364bb08ef9436b3612de99
  custom:scripting/monoscript/fileName/SystemConvertersEditor.cs: c127c1335f24b77ca70195bf2136c6a2 -> 
========================================================================
Received Prepare
Caller must complete domain reload
Begin MonoManager ReloadAssembly
- Loaded All Assemblies, in  0.459 seconds
Native extension for WindowsStandalone target not found
Mono: successfully reloaded assembly
- Finished resetting the current domain, in  1.033 seconds
Domain Reload Profiling: 1490ms
	BeginReloadAssembly (139ms)
		ExecutionOrderSort (0ms)
		DisableScriptedObjects (5ms)
		BackupInstance (0ms)
		ReleaseScriptingObjects (0ms)
		CreateAndSetChildDomain (33ms)
	RebuildCommonClasses (32ms)
	RebuildNativeTypeToScriptingClass (10ms)
	initialDomainReloadingComplete (26ms)
	LoadAllAssembliesAndSetupDomain (250ms)
		LoadAssemblies (307ms)
		RebuildTransferFunctionScriptingTraits (0ms)
		AnalyzeDomain (24ms)
			TypeCache.Refresh (9ms)
				TypeCache.ScanAssembly (0ms)
			ScanForSourceGeneratedMonoScriptInfo (7ms)
			ResolveRequiredComponents (6ms)
	FinalizeReload (1033ms)
		ReleaseScriptCaches (0ms)
		RebuildScriptCaches (0ms)
		SetupLoadedEditorAssemblies (382ms)
			LogAssemblyErrors (0ms)
			InitializePlatformSupportModulesInManaged (4ms)
			SetLoadedEditorAssemblies (3ms)
			RefreshPlugins (0ms)
			BeforeProcessingInitializeOnLoad (59ms)
			ProcessInitializeOnLoadAttributes (287ms)
			ProcessInitializeOnLoadMethodAttributes (19ms)
			AfterProcessingInitializeOnLoad (8ms)
			EditorAssembliesLoaded (0ms)
		ExecutionOrderSort2 (0ms)
		AwakeInstancesAfterBackupRestoration (11ms)
Refreshing native plugins compatible for Editor in 6.14 ms, found 3 plugins.
Preloading 0 native plugins for Editor in 0.00 ms.
Unloading 3436 Unused Serialized files (Serialized files now loaded: 0)
Unloading 15 unused Assets / (99.8 KB). Loaded Objects now: 4209.
Memory consumption went from 126.3 MB to 126.2 MB.
Total: 3.269100 ms (FindLiveObjects: 0.283900 ms CreateObjectMapping: 0.114600 ms MarkObjects: 2.823100 ms  DeleteObjects: 0.047000 ms)

Prepare: number of updated asset objects reloaded= 0
AssetImportParameters requested are different than current active one (requested -> active):
  custom:scripting/monoscript/fileName/NavMeshSurface.cs: 34aebd278d8d3d5db6b23265b9c700f9 -> 
  custom:scripting/precompiled-assembly-types:Unity.AI.Navigation: 5d8fa505e3253b9a2a456e2c28a1afb3 -> 
  custom:container-demuxer-ogg: 62fdf1f143b41e24485cea50d1cbac27 -> 
  custom:scripting/monoscript/fileName/NavMeshModifierVolumeEditor.cs: 262a50135a116189426aa01c964a744c -> 
  custom:scripting/monoscript/fileName/NavigationOverlay.cs: 2744f4e7946ebbb71339c9b1ce538d00 -> 
  custom:scripting/monoscript/fileName/ConverterItemDescriptor.cs: 8182050d34c5cb602eb7913435a7abee -> 
  custom:video-codec-MediaFoundation-h265: 746d11721c4dcdbdad8f713fa42b33f4 -> 
  custom:scripting/monoscript/fileName/BuiltInToNavMeshSurfaceConverterContainer.cs: c40a906f9f99ea8a6c5aaa215767017f -> 
  custom:video-decoder-ogg-theora: a1e56fd34408186e4bbccfd4996cb3dc -> 
  custom:framework-win-MediaFoundation: 216162199b28c13a410421893ffa2e32 -> 
  custom:scripting/monoscript/fileName/NavigationWindow.cs: 7884404b71178f59d8819c380b951d7c -> 
  custom:scripting/monoscript/fileName/NavMeshComponentsGUIUtility.cs: 08c52049b94db52661003d42fda4ecff -> 
  custom:scripting/monoscript/fileName/ConverterItemInfo.cs: 9fb131dfa28a9ed6b6d00fd9cf83ece4 -> 
  custom:CustomObjectIndexerAttribute: 9a22284fe3817be447336de3de66b15e -> 
  custom:scripting/monoscript/fileName/NavMeshAssetManager.cs: 79eb4858c2054289cd611249ab36b0a5 -> 
  custom:scripting/monoscript/fileName/NavMeshSurfaceEditor.cs: adb1294e971eab992abc2e3e7e051565 -> 
  custom:container-demuxer-webm: 4f35f7cbe854078d1ac9338744f61a02 -> 
  custom:scripting/monoscript/fileName/NavMeshModifierVolume.cs: 8dc531216c72b86c60b86e16ff3da10b -> 
  custom:scripting/monoscript/fileName/NavMeshUpdaterUtility.cs: 5eb03802e6dba19b3e13aaf384805cac -> 
  custom:scripting/monoscript/fileName/NavigationPreferences.cs: ada9399a4f085d4c824cc06527e7fcae -> 
  custom:scripting/monoscript/fileName/NavMeshUpdaterEditor.cs: 169704080eda430978bba61ddedeb304 -> 
  custom:scripting/precompiled-assembly-types:Unity.AI.Navigation.Editor.ConversionSystem: 27c718e5de2659aeeb663e092dc21158 -> 
  custom:scripting/monoscript/fileName/NavMeshModifierEditor.cs: b8675d28116f43f78881455a7301fe8c -> 
  custom:container-muxer-webm: aa71ff27fc2769a1b78a27578f13a17b -> 
  custom:video-decoder-webm-vp8: 9c59270c3fd7afecdb556c50c9e8de78 -> 
  custom:scripting/precompiled-assembly-types:Unity.AI.Navigation.Editor: 7eaf38f66973fde07200cf372b24130e -> 
  custom:scripting/monoscript/fileName/HelpUrls.cs: c1a90585e3e9c9d25f58f9141655f24f -> 
  custom:scripting/monoscript/fileName/EditorStyles.cs: 86b9f4d8fe570a8d8295bfc466c975cf -> 
  custom:SearchIndexIgnoredProperties: e643bd26f0fe6173181afceb89e7c659 -> 
  custom:scripting/precompiled-assembly-types:Unity.AI.Navigation.Updater: d2095ddf03fd615830d6dacf5841450d -> 
  custom:scripting/monoscript/fileName/NavMeshLinkEditor.cs: aed8ae070d922149bb2ba3de06889ff6 -> 
  custom:AudioImporter_EditorPlatform: d09bf68614088b80899f8185d706f6e7 -> 
  custom:scripting/monoscript/fileName/NavMeshModifier.cs: 99ae5ed91bb784edc4f8312d7de046da -> 
  custom:scripting/monoscript/fileName/NavMashAvoider.cs: 599595d5a460521efccc45d4c2a8d20f -> 
  custom:scripting/monoscript/fileName/NavMeshSceneConverter.cs: baf486a1c1cdf03a3111dd113d13c2f4 -> 
  custom:scripting/monoscript/fileName/SystemConverterContainer.cs: eb4026ea01a117ce0888f693e9eed2cd -> 
  custom:scripting/monoscript/fileName/NavMeshLink.cs: 0b3d0eeb07ab57d259e8f9365538df09 -> 
  custom:scripting/monoscript/fileName/ObsoleteNavigationWindowMenuEntry.cs: c7f73386e6473f401a8e4151cac4e1e5 -> 
  custom:scripting/monoscript/fileName/InitializeConverterContext.cs: a97e19589a5774cdc2a34a28caea355f -> 
  custom:scripting/monoscript/fileName/SystemConverter.cs: c748d1769fc66e95256254a1cc1497f3 -> 
  custom:video-encoder-webm-vp8: eb34c28f22e8b96e1ab97ce403110664 -> 
  custom:audio-decoder-ogg-vorbis: bf7c407c2cedff20999df2af8eb42d56 -> 
  custom:scripting/monoscript/fileName/RunItemContext.cs: 338b2243183036c2b60f94c1b5e817c5 -> 
  custom:audio-encoder-webm-vorbis: bf7c407c2cedff20999df2af8eb42d56 -> 
  custom:scripting/precompiled-assembly-types:Assembly-CSharp: 3c4b8b32cece824a9f61102148b546ab -> e66928de38364bb08ef9436b3612de99
  custom:scripting/monoscript/fileName/SystemConvertersEditor.cs: c127c1335f24b77ca70195bf2136c6a2 -> 
========================================================================
Received Prepare
Caller must complete domain reload
Begin MonoManager ReloadAssembly
- Loaded All Assemblies, in  0.478 seconds
Native extension for WindowsStandalone target not found
Mono: successfully reloaded assembly
- Finished resetting the current domain, in  1.148 seconds
Domain Reload Profiling: 1624ms
	BeginReloadAssembly (156ms)
		ExecutionOrderSort (0ms)
		DisableScriptedObjects (6ms)
		BackupInstance (0ms)
		ReleaseScriptingObjects (0ms)
		CreateAndSetChildDomain (31ms)
	RebuildCommonClasses (31ms)
	RebuildNativeTypeToScriptingClass (11ms)
	initialDomainReloadingComplete (27ms)
	LoadAllAssembliesAndSetupDomain (250ms)
		LoadAssemblies (309ms)
		RebuildTransferFunctionScriptingTraits (0ms)
		AnalyzeDomain (25ms)
			TypeCache.Refresh (9ms)
				TypeCache.ScanAssembly (0ms)
			ScanForSourceGeneratedMonoScriptInfo (7ms)
			ResolveRequiredComponents (6ms)
	FinalizeReload (1148ms)
		ReleaseScriptCaches (0ms)
		RebuildScriptCaches (0ms)
		SetupLoadedEditorAssemblies (425ms)
			LogAssemblyErrors (0ms)
			InitializePlatformSupportModulesInManaged (7ms)
			SetLoadedEditorAssemblies (3ms)
			RefreshPlugins (0ms)
			BeforeProcessingInitializeOnLoad (59ms)
			ProcessInitializeOnLoadAttributes (332ms)
			ProcessInitializeOnLoadMethodAttributes (20ms)
			AfterProcessingInitializeOnLoad (3ms)
			EditorAssembliesLoaded (0ms)
		ExecutionOrderSort2 (0ms)
		AwakeInstancesAfterBackupRestoration (8ms)
Refreshing native plugins compatible for Editor in 5.18 ms, found 3 plugins.
Preloading 0 native plugins for Editor in 0.00 ms.
Unloading 3436 Unused Serialized files (Serialized files now loaded: 0)
Unloading 15 unused Assets / (99.8 KB). Loaded Objects now: 4224.
Memory consumption went from 126.3 MB to 126.2 MB.
Total: 3.478100 ms (FindLiveObjects: 0.283400 ms CreateObjectMapping: 0.081400 ms MarkObjects: 3.062400 ms  DeleteObjects: 0.050200 ms)

Prepare: number of updated asset objects reloaded= 0
AssetImportParameters requested are different than current active one (requested -> active):
  custom:scripting/monoscript/fileName/NavMeshSurface.cs: 34aebd278d8d3d5db6b23265b9c700f9 -> 
  custom:scripting/precompiled-assembly-types:Unity.AI.Navigation: 5d8fa505e3253b9a2a456e2c28a1afb3 -> 
  custom:container-demuxer-ogg: 62fdf1f143b41e24485cea50d1cbac27 -> 
  custom:scripting/monoscript/fileName/NavMeshModifierVolumeEditor.cs: 262a50135a116189426aa01c964a744c -> 
  custom:scripting/monoscript/fileName/NavigationOverlay.cs: 2744f4e7946ebbb71339c9b1ce538d00 -> 
  custom:scripting/monoscript/fileName/ConverterItemDescriptor.cs: 8182050d34c5cb602eb7913435a7abee -> 
  custom:video-codec-MediaFoundation-h265: 746d11721c4dcdbdad8f713fa42b33f4 -> 
  custom:scripting/monoscript/fileName/BuiltInToNavMeshSurfaceConverterContainer.cs: c40a906f9f99ea8a6c5aaa215767017f -> 
  custom:video-decoder-ogg-theora: a1e56fd34408186e4bbccfd4996cb3dc -> 
  custom:framework-win-MediaFoundation: 216162199b28c13a410421893ffa2e32 -> 
  custom:scripting/monoscript/fileName/NavigationWindow.cs: 7884404b71178f59d8819c380b951d7c -> 
  custom:scripting/monoscript/fileName/NavMeshComponentsGUIUtility.cs: 08c52049b94db52661003d42fda4ecff -> 
  custom:scripting/monoscript/fileName/ConverterItemInfo.cs: 9fb131dfa28a9ed6b6d00fd9cf83ece4 -> 
  custom:CustomObjectIndexerAttribute: 9a22284fe3817be447336de3de66b15e -> 
  custom:scripting/monoscript/fileName/NavMeshAssetManager.cs: 79eb4858c2054289cd611249ab36b0a5 -> 
  custom:scripting/monoscript/fileName/NavMeshSurfaceEditor.cs: adb1294e971eab992abc2e3e7e051565 -> 
  custom:container-demuxer-webm: 4f35f7cbe854078d1ac9338744f61a02 -> 
  custom:scripting/monoscript/fileName/NavMeshModifierVolume.cs: 8dc531216c72b86c60b86e16ff3da10b -> 
  custom:scripting/monoscript/fileName/NavMeshUpdaterUtility.cs: 5eb03802e6dba19b3e13aaf384805cac -> 
  custom:scripting/monoscript/fileName/NavigationPreferences.cs: ada9399a4f085d4c824cc06527e7fcae -> 
  custom:scripting/monoscript/fileName/NavMeshUpdaterEditor.cs: 169704080eda430978bba61ddedeb304 -> 
  custom:scripting/precompiled-assembly-types:Unity.AI.Navigation.Editor.ConversionSystem: 27c718e5de2659aeeb663e092dc21158 -> 
  custom:scripting/monoscript/fileName/NavMeshModifierEditor.cs: b8675d28116f43f78881455a7301fe8c -> 
  custom:container-muxer-webm: aa71ff27fc2769a1b78a27578f13a17b -> 
  custom:video-decoder-webm-vp8: 9c59270c3fd7afecdb556c50c9e8de78 -> 
  custom:scripting/precompiled-assembly-types:Unity.AI.Navigation.Editor: 7eaf38f66973fde07200cf372b24130e -> 
  custom:scripting/monoscript/fileName/HelpUrls.cs: c1a90585e3e9c9d25f58f9141655f24f -> 
  custom:scripting/monoscript/fileName/EditorStyles.cs: 86b9f4d8fe570a8d8295bfc466c975cf -> 
  custom:SearchIndexIgnoredProperties: e643bd26f0fe6173181afceb89e7c659 -> 
  custom:scripting/precompiled-assembly-types:Unity.AI.Navigation.Updater: d2095ddf03fd615830d6dacf5841450d -> 
  custom:scripting/monoscript/fileName/NavMeshLinkEditor.cs: aed8ae070d922149bb2ba3de06889ff6 -> 
  custom:AudioImporter_EditorPlatform: d09bf68614088b80899f8185d706f6e7 -> 
  custom:scripting/monoscript/fileName/NavMeshModifier.cs: 99ae5ed91bb784edc4f8312d7de046da -> 
  custom:scripting/monoscript/fileName/NavMashAvoider.cs: 599595d5a460521efccc45d4c2a8d20f -> 
  custom:scripting/monoscript/fileName/NavMeshSceneConverter.cs: baf486a1c1cdf03a3111dd113d13c2f4 -> 
  custom:scripting/monoscript/fileName/SystemConverterContainer.cs: eb4026ea01a117ce0888f693e9eed2cd -> 
  custom:scripting/monoscript/fileName/NavMeshLink.cs: 0b3d0eeb07ab57d259e8f9365538df09 -> 
  custom:scripting/monoscript/fileName/ObsoleteNavigationWindowMenuEntry.cs: c7f73386e6473f401a8e4151cac4e1e5 -> 
  custom:scripting/monoscript/fileName/InitializeConverterContext.cs: a97e19589a5774cdc2a34a28caea355f -> 
  custom:scripting/monoscript/fileName/SystemConverter.cs: c748d1769fc66e95256254a1cc1497f3 -> 
  custom:video-encoder-webm-vp8: eb34c28f22e8b96e1ab97ce403110664 -> 
  custom:audio-decoder-ogg-vorbis: bf7c407c2cedff20999df2af8eb42d56 -> 
  custom:scripting/monoscript/fileName/RunItemContext.cs: 338b2243183036c2b60f94c1b5e817c5 -> 
  custom:audio-encoder-webm-vorbis: bf7c407c2cedff20999df2af8eb42d56 -> 
  custom:scripting/precompiled-assembly-types:Assembly-CSharp: 3c4b8b32cece824a9f61102148b546ab -> e66928de38364bb08ef9436b3612de99
  custom:scripting/monoscript/fileName/SystemConvertersEditor.cs: c127c1335f24b77ca70195bf2136c6a2 -> 
========================================================================
Received Prepare
Caller must complete domain reload
Begin MonoManager ReloadAssembly
- Loaded All Assemblies, in  0.234 seconds
Native extension for WindowsStandalone target not found
Mono: successfully reloaded assembly
- Finished resetting the current domain, in  0.527 seconds
Domain Reload Profiling: 760ms
	BeginReloadAssembly (82ms)
		ExecutionOrderSort (0ms)
		DisableScriptedObjects (3ms)
		BackupInstance (0ms)
		ReleaseScriptingObjects (0ms)
		CreateAndSetChildDomain (14ms)
	RebuildCommonClasses (17ms)
	RebuildNativeTypeToScriptingClass (6ms)
	initialDomainReloadingComplete (14ms)
	LoadAllAssembliesAndSetupDomain (115ms)
		LoadAssemblies (146ms)
		RebuildTransferFunctionScriptingTraits (0ms)
		AnalyzeDomain (13ms)
			TypeCache.Refresh (5ms)
				TypeCache.ScanAssembly (0ms)
			ScanForSourceGeneratedMonoScriptInfo (4ms)
			ResolveRequiredComponents (3ms)
	FinalizeReload (527ms)
		ReleaseScriptCaches (0ms)
		RebuildScriptCaches (0ms)
		SetupLoadedEditorAssemblies (217ms)
			LogAssemblyErrors (0ms)
			InitializePlatformSupportModulesInManaged (3ms)
			SetLoadedEditorAssemblies (2ms)
			RefreshPlugins (0ms)
			BeforeProcessingInitializeOnLoad (31ms)
			ProcessInitializeOnLoadAttributes (169ms)
			ProcessInitializeOnLoadMethodAttributes (12ms)
			AfterProcessingInitializeOnLoad (1ms)
			EditorAssembliesLoaded (0ms)
		ExecutionOrderSort2 (0ms)
		AwakeInstancesAfterBackupRestoration (4ms)
Refreshing native plugins compatible for Editor in 2.02 ms, found 3 plugins.
Preloading 0 native plugins for Editor in 0.00 ms.
Unloading 3436 Unused Serialized files (Serialized files now loaded: 0)
Unloading 15 unused Assets / (99.9 KB). Loaded Objects now: 4239.
Memory consumption went from 126.4 MB to 126.3 MB.
Total: 1.748300 ms (FindLiveObjects: 0.144600 ms CreateObjectMapping: 0.042900 ms MarkObjects: 1.527600 ms  DeleteObjects: 0.032800 ms)

Prepare: number of updated asset objects reloaded= 0
AssetImportParameters requested are different than current active one (requested -> active):
  custom:scripting/monoscript/fileName/NavMeshSurface.cs: 34aebd278d8d3d5db6b23265b9c700f9 -> 
  custom:scripting/precompiled-assembly-types:Unity.AI.Navigation: 5d8fa505e3253b9a2a456e2c28a1afb3 -> 
  custom:container-demuxer-ogg: 62fdf1f143b41e24485cea50d1cbac27 -> 
  custom:scripting/monoscript/fileName/NavMeshModifierVolumeEditor.cs: 262a50135a116189426aa01c964a744c -> 
  custom:scripting/monoscript/fileName/NavigationOverlay.cs: 2744f4e7946ebbb71339c9b1ce538d00 -> 
  custom:scripting/monoscript/fileName/ConverterItemDescriptor.cs: 8182050d34c5cb602eb7913435a7abee -> 
  custom:video-codec-MediaFoundation-h265: 746d11721c4dcdbdad8f713fa42b33f4 -> 
  custom:scripting/monoscript/fileName/BuiltInToNavMeshSurfaceConverterContainer.cs: c40a906f9f99ea8a6c5aaa215767017f -> 
  custom:video-decoder-ogg-theora: a1e56fd34408186e4bbccfd4996cb3dc -> 
  custom:framework-win-MediaFoundation: 216162199b28c13a410421893ffa2e32 -> 
  custom:scripting/monoscript/fileName/NavigationWindow.cs: 7884404b71178f59d8819c380b951d7c -> 
  custom:scripting/monoscript/fileName/NavMeshComponentsGUIUtility.cs: 08c52049b94db52661003d42fda4ecff -> 
  custom:scripting/monoscript/fileName/ConverterItemInfo.cs: 9fb131dfa28a9ed6b6d00fd9cf83ece4 -> 
  custom:CustomObjectIndexerAttribute: 9a22284fe3817be447336de3de66b15e -> 
  custom:scripting/monoscript/fileName/NavMeshAssetManager.cs: 79eb4858c2054289cd611249ab36b0a5 -> 
  custom:scripting/monoscript/fileName/NavMeshSurfaceEditor.cs: adb1294e971eab992abc2e3e7e051565 -> 
  custom:container-demuxer-webm: 4f35f7cbe854078d1ac9338744f61a02 -> 
  custom:scripting/monoscript/fileName/NavMeshModifierVolume.cs: 8dc531216c72b86c60b86e16ff3da10b -> 
  custom:scripting/monoscript/fileName/NavMeshUpdaterUtility.cs: 5eb03802e6dba19b3e13aaf384805cac -> 
  custom:scripting/monoscript/fileName/NavigationPreferences.cs: ada9399a4f085d4c824cc06527e7fcae -> 
  custom:scripting/monoscript/fileName/NavMeshUpdaterEditor.cs: 169704080eda430978bba61ddedeb304 -> 
  custom:scripting/precompiled-assembly-types:Unity.AI.Navigation.Editor.ConversionSystem: 27c718e5de2659aeeb663e092dc21158 -> 
  custom:scripting/monoscript/fileName/NavMeshModifierEditor.cs: b8675d28116f43f78881455a7301fe8c -> 
  custom:container-muxer-webm: aa71ff27fc2769a1b78a27578f13a17b -> 
  custom:video-decoder-webm-vp8: 9c59270c3fd7afecdb556c50c9e8de78 -> 
  custom:scripting/precompiled-assembly-types:Unity.AI.Navigation.Editor: 7eaf38f66973fde07200cf372b24130e -> 
  custom:scripting/monoscript/fileName/HelpUrls.cs: c1a90585e3e9c9d25f58f9141655f24f -> 
  custom:scripting/monoscript/fileName/EditorStyles.cs: 86b9f4d8fe570a8d8295bfc466c975cf -> 
  custom:SearchIndexIgnoredProperties: e643bd26f0fe6173181afceb89e7c659 -> 
  custom:scripting/precompiled-assembly-types:Unity.AI.Navigation.Updater: d2095ddf03fd615830d6dacf5841450d -> 
  custom:scripting/monoscript/fileName/NavMeshLinkEditor.cs: aed8ae070d922149bb2ba3de06889ff6 -> 
  custom:AudioImporter_EditorPlatform: d09bf68614088b80899f8185d706f6e7 -> 
  custom:scripting/monoscript/fileName/NavMeshModifier.cs: 99ae5ed91bb784edc4f8312d7de046da -> 
  custom:scripting/monoscript/fileName/NavMashAvoider.cs: 599595d5a460521efccc45d4c2a8d20f -> 
  custom:scripting/monoscript/fileName/NavMeshSceneConverter.cs: baf486a1c1cdf03a3111dd113d13c2f4 -> 
  custom:scripting/monoscript/fileName/SystemConverterContainer.cs: eb4026ea01a117ce0888f693e9eed2cd -> 
  custom:scripting/monoscript/fileName/NavMeshLink.cs: 0b3d0eeb07ab57d259e8f9365538df09 -> 
  custom:scripting/monoscript/fileName/ObsoleteNavigationWindowMenuEntry.cs: c7f73386e6473f401a8e4151cac4e1e5 -> 
  custom:scripting/monoscript/fileName/InitializeConverterContext.cs: a97e19589a5774cdc2a34a28caea355f -> 
  custom:scripting/monoscript/fileName/SystemConverter.cs: c748d1769fc66e95256254a1cc1497f3 -> 
  custom:video-encoder-webm-vp8: eb34c28f22e8b96e1ab97ce403110664 -> 
  custom:audio-decoder-ogg-vorbis: bf7c407c2cedff20999df2af8eb42d56 -> 
  custom:scripting/monoscript/fileName/RunItemContext.cs: 338b2243183036c2b60f94c1b5e817c5 -> 
  custom:audio-encoder-webm-vorbis: bf7c407c2cedff20999df2af8eb42d56 -> 
  custom:scripting/precompiled-assembly-types:Assembly-CSharp: 3c4b8b32cece824a9f61102148b546ab -> e66928de38364bb08ef9436b3612de99
  custom:scripting/monoscript/fileName/SystemConvertersEditor.cs: c127c1335f24b77ca70195bf2136c6a2 -> 
========================================================================
Received Prepare
Caller must complete domain reload
Begin MonoManager ReloadAssembly
- Loaded All Assemblies, in  0.235 seconds
Native extension for WindowsStandalone target not found
Mono: successfully reloaded assembly
- Finished resetting the current domain, in  0.508 seconds
Domain Reload Profiling: 742ms
	BeginReloadAssembly (83ms)
		ExecutionOrderSort (0ms)
		DisableScriptedObjects (3ms)
		BackupInstance (0ms)
		ReleaseScriptingObjects (0ms)
		CreateAndSetChildDomain (16ms)
	RebuildCommonClasses (17ms)
	RebuildNativeTypeToScriptingClass (6ms)
	initialDomainReloadingComplete (14ms)
	LoadAllAssembliesAndSetupDomain (114ms)
		LoadAssemblies (144ms)
		RebuildTransferFunctionScriptingTraits (0ms)
		AnalyzeDomain (14ms)
			TypeCache.Refresh (5ms)
				TypeCache.ScanAssembly (0ms)
			ScanForSourceGeneratedMonoScriptInfo (4ms)
			ResolveRequiredComponents (3ms)
	FinalizeReload (509ms)
		ReleaseScriptCaches (0ms)
		RebuildScriptCaches (0ms)
		SetupLoadedEditorAssemblies (212ms)
			LogAssemblyErrors (0ms)
			InitializePlatformSupportModulesInManaged (3ms)
			SetLoadedEditorAssemblies (2ms)
			RefreshPlugins (0ms)
			BeforeProcessingInitializeOnLoad (32ms)
			ProcessInitializeOnLoadAttributes (163ms)
			ProcessInitializeOnLoadMethodAttributes (11ms)
			AfterProcessingInitializeOnLoad (2ms)
			EditorAssembliesLoaded (0ms)
		ExecutionOrderSort2 (0ms)
		AwakeInstancesAfterBackupRestoration (4ms)
Refreshing native plugins compatible for Editor in 2.49 ms, found 3 plugins.
Preloading 0 native plugins for Editor in 0.00 ms.
Unloading 3436 Unused Serialized files (Serialized files now loaded: 0)
Unloading 15 unused Assets / (99.8 KB). Loaded Objects now: 4254.
Memory consumption went from 126.4 MB to 126.3 MB.
Total: 1.723700 ms (FindLiveObjects: 0.146400 ms CreateObjectMapping: 0.048700 ms MarkObjects: 1.496500 ms  DeleteObjects: 0.031700 ms)

Prepare: number of updated asset objects reloaded= 0
AssetImportParameters requested are different than current active one (requested -> active):
  custom:scripting/monoscript/fileName/NavMeshSurface.cs: 34aebd278d8d3d5db6b23265b9c700f9 -> 
  custom:scripting/precompiled-assembly-types:Unity.AI.Navigation: 5d8fa505e3253b9a2a456e2c28a1afb3 -> 
  custom:container-demuxer-ogg: 62fdf1f143b41e24485cea50d1cbac27 -> 
  custom:scripting/monoscript/fileName/NavMeshModifierVolumeEditor.cs: 262a50135a116189426aa01c964a744c -> 
  custom:scripting/monoscript/fileName/NavigationOverlay.cs: 2744f4e7946ebbb71339c9b1ce538d00 -> 
  custom:scripting/monoscript/fileName/ConverterItemDescriptor.cs: 8182050d34c5cb602eb7913435a7abee -> 
  custom:video-codec-MediaFoundation-h265: 746d11721c4dcdbdad8f713fa42b33f4 -> 
  custom:scripting/monoscript/fileName/BuiltInToNavMeshSurfaceConverterContainer.cs: c40a906f9f99ea8a6c5aaa215767017f -> 
  custom:video-decoder-ogg-theora: a1e56fd34408186e4bbccfd4996cb3dc -> 
  custom:framework-win-MediaFoundation: 216162199b28c13a410421893ffa2e32 -> 
  custom:scripting/monoscript/fileName/NavigationWindow.cs: 7884404b71178f59d8819c380b951d7c -> 
  custom:scripting/monoscript/fileName/NavMeshComponentsGUIUtility.cs: 08c52049b94db52661003d42fda4ecff -> 
  custom:scripting/monoscript/fileName/ConverterItemInfo.cs: 9fb131dfa28a9ed6b6d00fd9cf83ece4 -> 
  custom:CustomObjectIndexerAttribute: 9a22284fe3817be447336de3de66b15e -> 
  custom:scripting/monoscript/fileName/NavMeshAssetManager.cs: 79eb4858c2054289cd611249ab36b0a5 -> 
  custom:scripting/monoscript/fileName/NavMeshSurfaceEditor.cs: adb1294e971eab992abc2e3e7e051565 -> 
  custom:container-demuxer-webm: 4f35f7cbe854078d1ac9338744f61a02 -> 
  custom:scripting/monoscript/fileName/NavMeshModifierVolume.cs: 8dc531216c72b86c60b86e16ff3da10b -> 
  custom:scripting/monoscript/fileName/NavMeshUpdaterUtility.cs: 5eb03802e6dba19b3e13aaf384805cac -> 
  custom:scripting/monoscript/fileName/NavigationPreferences.cs: ada9399a4f085d4c824cc06527e7fcae -> 
  custom:scripting/monoscript/fileName/NavMeshUpdaterEditor.cs: 169704080eda430978bba61ddedeb304 -> 
  custom:scripting/precompiled-assembly-types:Unity.AI.Navigation.Editor.ConversionSystem: 27c718e5de2659aeeb663e092dc21158 -> 
  custom:scripting/monoscript/fileName/NavMeshModifierEditor.cs: b8675d28116f43f78881455a7301fe8c -> 
  custom:container-muxer-webm: aa71ff27fc2769a1b78a27578f13a17b -> 
  custom:video-decoder-webm-vp8: 9c59270c3fd7afecdb556c50c9e8de78 -> 
  custom:scripting/precompiled-assembly-types:Unity.AI.Navigation.Editor: 7eaf38f66973fde07200cf372b24130e -> 
  custom:scripting/monoscript/fileName/HelpUrls.cs: c1a90585e3e9c9d25f58f9141655f24f -> 
  custom:scripting/monoscript/fileName/EditorStyles.cs: 86b9f4d8fe570a8d8295bfc466c975cf -> 
  custom:SearchIndexIgnoredProperties: e643bd26f0fe6173181afceb89e7c659 -> 
  custom:scripting/precompiled-assembly-types:Unity.AI.Navigation.Updater: d2095ddf03fd615830d6dacf5841450d -> 
  custom:scripting/monoscript/fileName/NavMeshLinkEditor.cs: aed8ae070d922149bb2ba3de06889ff6 -> 
  custom:AudioImporter_EditorPlatform: d09bf68614088b80899f8185d706f6e7 -> 
  custom:scripting/monoscript/fileName/NavMeshModifier.cs: 99ae5ed91bb784edc4f8312d7de046da -> 
  custom:scripting/monoscript/fileName/NavMashAvoider.cs: 599595d5a460521efccc45d4c2a8d20f -> 
  custom:scripting/monoscript/fileName/NavMeshSceneConverter.cs: baf486a1c1cdf03a3111dd113d13c2f4 -> 
  custom:scripting/monoscript/fileName/SystemConverterContainer.cs: eb4026ea01a117ce0888f693e9eed2cd -> 
  custom:scripting/monoscript/fileName/NavMeshLink.cs: 0b3d0eeb07ab57d259e8f9365538df09 -> 
  custom:scripting/monoscript/fileName/ObsoleteNavigationWindowMenuEntry.cs: c7f73386e6473f401a8e4151cac4e1e5 -> 
  custom:scripting/monoscript/fileName/InitializeConverterContext.cs: a97e19589a5774cdc2a34a28caea355f -> 
  custom:scripting/monoscript/fileName/SystemConverter.cs: c748d1769fc66e95256254a1cc1497f3 -> 
  custom:video-encoder-webm-vp8: eb34c28f22e8b96e1ab97ce403110664 -> 
  custom:audio-decoder-ogg-vorbis: bf7c407c2cedff20999df2af8eb42d56 -> 
  custom:scripting/monoscript/fileName/RunItemContext.cs: 338b2243183036c2b60f94c1b5e817c5 -> 
  custom:audio-encoder-webm-vorbis: bf7c407c2cedff20999df2af8eb42d56 -> 
  custom:scripting/precompiled-assembly-types:Assembly-CSharp: 3c4b8b32cece824a9f61102148b546ab -> e66928de38364bb08ef9436b3612de99
  custom:scripting/monoscript/fileName/SystemConvertersEditor.cs: c127c1335f24b77ca70195bf2136c6a2 -> 
========================================================================
Received Prepare
Caller must complete domain reload
Begin MonoManager ReloadAssembly
- Loaded All Assemblies, in  0.236 seconds
Native extension for WindowsStandalone target not found
Mono: successfully reloaded assembly
- Finished resetting the current domain, in  0.502 seconds
Domain Reload Profiling: 737ms
	BeginReloadAssembly (83ms)
		ExecutionOrderSort (0ms)
		DisableScriptedObjects (3ms)
		BackupInstance (0ms)
		ReleaseScriptingObjects (0ms)
		CreateAndSetChildDomain (16ms)
	RebuildCommonClasses (17ms)
	RebuildNativeTypeToScriptingClass (5ms)
	initialDomainReloadingComplete (14ms)
	LoadAllAssembliesAndSetupDomain (115ms)
		LoadAssemblies (145ms)
		RebuildTransferFunctionScriptingTraits (0ms)
		AnalyzeDomain (14ms)
			TypeCache.Refresh (6ms)
				TypeCache.ScanAssembly (0ms)
			ScanForSourceGeneratedMonoScriptInfo (4ms)
			ResolveRequiredComponents (3ms)
	FinalizeReload (503ms)
		ReleaseScriptCaches (0ms)
		RebuildScriptCaches (0ms)
		SetupLoadedEditorAssemblies (213ms)
			LogAssemblyErrors (0ms)
			InitializePlatformSupportModulesInManaged (3ms)
			SetLoadedEditorAssemblies (2ms)
			RefreshPlugins (0ms)
			BeforeProcessingInitializeOnLoad (31ms)
			ProcessInitializeOnLoadAttributes (165ms)
			ProcessInitializeOnLoadMethodAttributes (11ms)
			AfterProcessingInitializeOnLoad (1ms)
			EditorAssembliesLoaded (0ms)
		ExecutionOrderSort2 (0ms)
		AwakeInstancesAfterBackupRestoration (4ms)
Refreshing native plugins compatible for Editor in 1.89 ms, found 3 plugins.
Preloading 0 native plugins for Editor in 0.00 ms.
Unloading 3436 Unused Serialized files (Serialized files now loaded: 0)
Unloading 15 unused Assets / (99.8 KB). Loaded Objects now: 4269.
Memory consumption went from 126.4 MB to 126.3 MB.
Total: 1.889400 ms (FindLiveObjects: 0.163400 ms CreateObjectMapping: 0.040500 ms MarkObjects: 1.647100 ms  DeleteObjects: 0.037800 ms)

Prepare: number of updated asset objects reloaded= 0
AssetImportParameters requested are different than current active one (requested -> active):
  custom:scripting/monoscript/fileName/NavMeshSurface.cs: 34aebd278d8d3d5db6b23265b9c700f9 -> 
  custom:scripting/precompiled-assembly-types:Unity.AI.Navigation: 5d8fa505e3253b9a2a456e2c28a1afb3 -> 
  custom:container-demuxer-ogg: 62fdf1f143b41e24485cea50d1cbac27 -> 
  custom:scripting/monoscript/fileName/NavMeshModifierVolumeEditor.cs: 262a50135a116189426aa01c964a744c -> 
  custom:scripting/monoscript/fileName/NavigationOverlay.cs: 2744f4e7946ebbb71339c9b1ce538d00 -> 
  custom:scripting/monoscript/fileName/ConverterItemDescriptor.cs: 8182050d34c5cb602eb7913435a7abee -> 
  custom:video-codec-MediaFoundation-h265: 746d11721c4dcdbdad8f713fa42b33f4 -> 
  custom:scripting/monoscript/fileName/BuiltInToNavMeshSurfaceConverterContainer.cs: c40a906f9f99ea8a6c5aaa215767017f -> 
  custom:video-decoder-ogg-theora: a1e56fd34408186e4bbccfd4996cb3dc -> 
  custom:framework-win-MediaFoundation: 216162199b28c13a410421893ffa2e32 -> 
  custom:scripting/monoscript/fileName/NavigationWindow.cs: 7884404b71178f59d8819c380b951d7c -> 
  custom:scripting/monoscript/fileName/NavMeshComponentsGUIUtility.cs: 08c52049b94db52661003d42fda4ecff -> 
  custom:scripting/monoscript/fileName/ConverterItemInfo.cs: 9fb131dfa28a9ed6b6d00fd9cf83ece4 -> 
  custom:CustomObjectIndexerAttribute: 9a22284fe3817be447336de3de66b15e -> 
  custom:scripting/monoscript/fileName/NavMeshAssetManager.cs: 79eb4858c2054289cd611249ab36b0a5 -> 
  custom:scripting/monoscript/fileName/NavMeshSurfaceEditor.cs: adb1294e971eab992abc2e3e7e051565 -> 
  custom:container-demuxer-webm: 4f35f7cbe854078d1ac9338744f61a02 -> 
  custom:scripting/monoscript/fileName/NavMeshModifierVolume.cs: 8dc531216c72b86c60b86e16ff3da10b -> 
  custom:scripting/monoscript/fileName/NavMeshUpdaterUtility.cs: 5eb03802e6dba19b3e13aaf384805cac -> 
  custom:scripting/monoscript/fileName/NavigationPreferences.cs: ada9399a4f085d4c824cc06527e7fcae -> 
  custom:scripting/monoscript/fileName/NavMeshUpdaterEditor.cs: 169704080eda430978bba61ddedeb304 -> 
  custom:scripting/precompiled-assembly-types:Unity.AI.Navigation.Editor.ConversionSystem: 27c718e5de2659aeeb663e092dc21158 -> 
  custom:scripting/monoscript/fileName/NavMeshModifierEditor.cs: b8675d28116f43f78881455a7301fe8c -> 
  custom:container-muxer-webm: aa71ff27fc2769a1b78a27578f13a17b -> 
  custom:video-decoder-webm-vp8: 9c59270c3fd7afecdb556c50c9e8de78 -> 
  custom:scripting/precompiled-assembly-types:Unity.AI.Navigation.Editor: 7eaf38f66973fde07200cf372b24130e -> 
  custom:scripting/monoscript/fileName/HelpUrls.cs: c1a90585e3e9c9d25f58f9141655f24f -> 
  custom:scripting/monoscript/fileName/EditorStyles.cs: 86b9f4d8fe570a8d8295bfc466c975cf -> 
  custom:SearchIndexIgnoredProperties: e643bd26f0fe6173181afceb89e7c659 -> 
  custom:scripting/precompiled-assembly-types:Unity.AI.Navigation.Updater: d2095ddf03fd615830d6dacf5841450d -> 
  custom:scripting/monoscript/fileName/NavMeshLinkEditor.cs: aed8ae070d922149bb2ba3de06889ff6 -> 
  custom:AudioImporter_EditorPlatform: d09bf68614088b80899f8185d706f6e7 -> 
  custom:scripting/monoscript/fileName/NavMeshModifier.cs: 99ae5ed91bb784edc4f8312d7de046da -> 
  custom:scripting/monoscript/fileName/NavMashAvoider.cs: 599595d5a460521efccc45d4c2a8d20f -> 
  custom:scripting/monoscript/fileName/NavMeshSceneConverter.cs: baf486a1c1cdf03a3111dd113d13c2f4 -> 
  custom:scripting/monoscript/fileName/SystemConverterContainer.cs: eb4026ea01a117ce0888f693e9eed2cd -> 
  custom:scripting/monoscript/fileName/NavMeshLink.cs: 0b3d0eeb07ab57d259e8f9365538df09 -> 
  custom:scripting/monoscript/fileName/ObsoleteNavigationWindowMenuEntry.cs: c7f73386e6473f401a8e4151cac4e1e5 -> 
  custom:scripting/monoscript/fileName/InitializeConverterContext.cs: a97e19589a5774cdc2a34a28caea355f -> 
  custom:scripting/monoscript/fileName/SystemConverter.cs: c748d1769fc66e95256254a1cc1497f3 -> 
  custom:video-encoder-webm-vp8: eb34c28f22e8b96e1ab97ce403110664 -> 
  custom:audio-decoder-ogg-vorbis: bf7c407c2cedff20999df2af8eb42d56 -> 
  custom:scripting/monoscript/fileName/RunItemContext.cs: 338b2243183036c2b60f94c1b5e817c5 -> 
  custom:audio-encoder-webm-vorbis: bf7c407c2cedff20999df2af8eb42d56 -> 
  custom:scripting/precompiled-assembly-types:Assembly-CSharp: 3c4b8b32cece824a9f61102148b546ab -> e66928de38364bb08ef9436b3612de99
  custom:scripting/monoscript/fileName/SystemConvertersEditor.cs: c127c1335f24b77ca70195bf2136c6a2 -> 
========================================================================
Received Prepare
Caller must complete domain reload
Begin MonoManager ReloadAssembly
- Loaded All Assemblies, in  0.234 seconds
Native extension for WindowsStandalone target not found
Mono: successfully reloaded assembly
- Finished resetting the current domain, in  0.504 seconds
Domain Reload Profiling: 737ms
	BeginReloadAssembly (83ms)
		ExecutionOrderSort (0ms)
		DisableScriptedObjects (3ms)
		BackupInstance (0ms)
		ReleaseScriptingObjects (0ms)
		CreateAndSetChildDomain (15ms)
	RebuildCommonClasses (17ms)
	RebuildNativeTypeToScriptingClass (6ms)
	initialDomainReloadingComplete (14ms)
	LoadAllAssembliesAndSetupDomain (113ms)
		LoadAssemblies (144ms)
		RebuildTransferFunctionScriptingTraits (0ms)
		AnalyzeDomain (14ms)
			TypeCache.Refresh (5ms)
				TypeCache.ScanAssembly (0ms)
			ScanForSourceGeneratedMonoScriptInfo (4ms)
			ResolveRequiredComponents (3ms)
	FinalizeReload (504ms)
		ReleaseScriptCaches (0ms)
		RebuildScriptCaches (0ms)
		SetupLoadedEditorAssemblies (214ms)
			LogAssemblyErrors (0ms)
			InitializePlatformSupportModulesInManaged (2ms)
			SetLoadedEditorAssemblies (2ms)
			RefreshPlugins (0ms)
			BeforeProcessingInitializeOnLoad (31ms)
			ProcessInitializeOnLoadAttributes (167ms)
			ProcessInitializeOnLoadMethodAttributes (11ms)
			AfterProcessingInitializeOnLoad (2ms)
			EditorAssembliesLoaded (0ms)
		ExecutionOrderSort2 (0ms)
		AwakeInstancesAfterBackupRestoration (4ms)
Refreshing native plugins compatible for Editor in 2.70 ms, found 3 plugins.
Preloading 0 native plugins for Editor in 0.00 ms.
Unloading 3436 Unused Serialized files (Serialized files now loaded: 0)
Unloading 15 unused Assets / (99.8 KB). Loaded Objects now: 4284.
Memory consumption went from 126.4 MB to 126.3 MB.
Total: 1.949400 ms (FindLiveObjects: 0.183200 ms CreateObjectMapping: 0.080100 ms MarkObjects: 1.650900 ms  DeleteObjects: 0.034700 ms)

Prepare: number of updated asset objects reloaded= 0
AssetImportParameters requested are different than current active one (requested -> active):
  custom:scripting/monoscript/fileName/NavMeshSurface.cs: 34aebd278d8d3d5db6b23265b9c700f9 -> 
  custom:scripting/precompiled-assembly-types:Unity.AI.Navigation: 5d8fa505e3253b9a2a456e2c28a1afb3 -> 
  custom:container-demuxer-ogg: 62fdf1f143b41e24485cea50d1cbac27 -> 
  custom:scripting/monoscript/fileName/NavMeshModifierVolumeEditor.cs: 262a50135a116189426aa01c964a744c -> 
  custom:scripting/monoscript/fileName/NavigationOverlay.cs: 2744f4e7946ebbb71339c9b1ce538d00 -> 
  custom:scripting/monoscript/fileName/ConverterItemDescriptor.cs: 8182050d34c5cb602eb7913435a7abee -> 
  custom:video-codec-MediaFoundation-h265: 746d11721c4dcdbdad8f713fa42b33f4 -> 
  custom:scripting/monoscript/fileName/BuiltInToNavMeshSurfaceConverterContainer.cs: c40a906f9f99ea8a6c5aaa215767017f -> 
  custom:video-decoder-ogg-theora: a1e56fd34408186e4bbccfd4996cb3dc -> 
  custom:framework-win-MediaFoundation: 216162199b28c13a410421893ffa2e32 -> 
  custom:scripting/monoscript/fileName/NavigationWindow.cs: 7884404b71178f59d8819c380b951d7c -> 
  custom:scripting/monoscript/fileName/NavMeshComponentsGUIUtility.cs: 08c52049b94db52661003d42fda4ecff -> 
  custom:scripting/monoscript/fileName/ConverterItemInfo.cs: 9fb131dfa28a9ed6b6d00fd9cf83ece4 -> 
  custom:CustomObjectIndexerAttribute: 9a22284fe3817be447336de3de66b15e -> 
  custom:scripting/monoscript/fileName/NavMeshAssetManager.cs: 79eb4858c2054289cd611249ab36b0a5 -> 
  custom:scripting/monoscript/fileName/NavMeshSurfaceEditor.cs: adb1294e971eab992abc2e3e7e051565 -> 
  custom:container-demuxer-webm: 4f35f7cbe854078d1ac9338744f61a02 -> 
  custom:scripting/monoscript/fileName/NavMeshModifierVolume.cs: 8dc531216c72b86c60b86e16ff3da10b -> 
  custom:scripting/monoscript/fileName/NavMeshUpdaterUtility.cs: 5eb03802e6dba19b3e13aaf384805cac -> 
  custom:scripting/monoscript/fileName/NavigationPreferences.cs: ada9399a4f085d4c824cc06527e7fcae -> 
  custom:scripting/monoscript/fileName/NavMeshUpdaterEditor.cs: 169704080eda430978bba61ddedeb304 -> 
  custom:scripting/precompiled-assembly-types:Unity.AI.Navigation.Editor.ConversionSystem: 27c718e5de2659aeeb663e092dc21158 -> 
  custom:scripting/monoscript/fileName/NavMeshModifierEditor.cs: b8675d28116f43f78881455a7301fe8c -> 
  custom:container-muxer-webm: aa71ff27fc2769a1b78a27578f13a17b -> 
  custom:video-decoder-webm-vp8: 9c59270c3fd7afecdb556c50c9e8de78 -> 
  custom:scripting/precompiled-assembly-types:Unity.AI.Navigation.Editor: 7eaf38f66973fde07200cf372b24130e -> 
  custom:scripting/monoscript/fileName/HelpUrls.cs: c1a90585e3e9c9d25f58f9141655f24f -> 
  custom:scripting/monoscript/fileName/EditorStyles.cs: 86b9f4d8fe570a8d8295bfc466c975cf -> 
  custom:SearchIndexIgnoredProperties: e643bd26f0fe6173181afceb89e7c659 -> 
  custom:scripting/precompiled-assembly-types:Unity.AI.Navigation.Updater: d2095ddf03fd615830d6dacf5841450d -> 
  custom:scripting/monoscript/fileName/NavMeshLinkEditor.cs: aed8ae070d922149bb2ba3de06889ff6 -> 
  custom:AudioImporter_EditorPlatform: d09bf68614088b80899f8185d706f6e7 -> 
  custom:scripting/monoscript/fileName/NavMeshModifier.cs: 99ae5ed91bb784edc4f8312d7de046da -> 
  custom:scripting/monoscript/fileName/NavMashAvoider.cs: 599595d5a460521efccc45d4c2a8d20f -> 
  custom:scripting/monoscript/fileName/NavMeshSceneConverter.cs: baf486a1c1cdf03a3111dd113d13c2f4 -> 
  custom:scripting/monoscript/fileName/SystemConverterContainer.cs: eb4026ea01a117ce0888f693e9eed2cd -> 
  custom:scripting/monoscript/fileName/NavMeshLink.cs: 0b3d0eeb07ab57d259e8f9365538df09 -> 
  custom:scripting/monoscript/fileName/ObsoleteNavigationWindowMenuEntry.cs: c7f73386e6473f401a8e4151cac4e1e5 -> 
  custom:scripting/monoscript/fileName/InitializeConverterContext.cs: a97e19589a5774cdc2a34a28caea355f -> 
  custom:scripting/monoscript/fileName/SystemConverter.cs: c748d1769fc66e95256254a1cc1497f3 -> 
  custom:video-encoder-webm-vp8: eb34c28f22e8b96e1ab97ce403110664 -> 
  custom:audio-decoder-ogg-vorbis: bf7c407c2cedff20999df2af8eb42d56 -> 
  custom:scripting/monoscript/fileName/RunItemContext.cs: 338b2243183036c2b60f94c1b5e817c5 -> 
  custom:audio-encoder-webm-vorbis: bf7c407c2cedff20999df2af8eb42d56 -> 
  custom:scripting/precompiled-assembly-types:Assembly-CSharp: 3c4b8b32cece824a9f61102148b546ab -> e66928de38364bb08ef9436b3612de99
  custom:scripting/monoscript/fileName/SystemConvertersEditor.cs: c127c1335f24b77ca70195bf2136c6a2 -> 
========================================================================
Received Prepare
Caller must complete domain reload
Begin MonoManager ReloadAssembly
- Loaded All Assemblies, in  0.228 seconds
Native extension for WindowsStandalone target not found
Mono: successfully reloaded assembly
- Finished resetting the current domain, in  0.538 seconds
Domain Reload Profiling: 765ms
	BeginReloadAssembly (82ms)
		ExecutionOrderSort (0ms)
		DisableScriptedObjects (3ms)
		BackupInstance (0ms)
		ReleaseScriptingObjects (0ms)
		CreateAndSetChildDomain (15ms)
	RebuildCommonClasses (17ms)
	RebuildNativeTypeToScriptingClass (6ms)
	initialDomainReloadingComplete (14ms)
	LoadAllAssembliesAndSetupDomain (108ms)
		LoadAssemblies (144ms)
		RebuildTransferFunctionScriptingTraits (0ms)
		AnalyzeDomain (9ms)
			TypeCache.Refresh (4ms)
				TypeCache.ScanAssembly (0ms)
			ScanForSourceGeneratedMonoScriptInfo (0ms)
			ResolveRequiredComponents (3ms)
	FinalizeReload (539ms)
		ReleaseScriptCaches (0ms)
		RebuildScriptCaches (0ms)
		SetupLoadedEditorAssemblies (238ms)
			LogAssemblyErrors (0ms)
			InitializePlatformSupportModulesInManaged (3ms)
			SetLoadedEditorAssemblies (2ms)
			RefreshPlugins (0ms)
			BeforeProcessingInitializeOnLoad (35ms)
			ProcessInitializeOnLoadAttributes (185ms)
			ProcessInitializeOnLoadMethodAttributes (12ms)
			AfterProcessingInitializeOnLoad (2ms)
			EditorAssembliesLoaded (0ms)
		ExecutionOrderSort2 (0ms)
		AwakeInstancesAfterBackupRestoration (4ms)
Refreshing native plugins compatible for Editor in 3.00 ms, found 3 plugins.
Preloading 0 native plugins for Editor in 0.00 ms.
Unloading 3436 Unused Serialized files (Serialized files now loaded: 0)
Unloading 15 unused Assets / (99.8 KB). Loaded Objects now: 4299.
Memory consumption went from 126.4 MB to 126.3 MB.
Total: 1.792800 ms (FindLiveObjects: 0.152000 ms CreateObjectMapping: 0.044600 ms MarkObjects: 1.562400 ms  DeleteObjects: 0.033400 ms)

Prepare: number of updated asset objects reloaded= 0
AssetImportParameters requested are different than current active one (requested -> active):
  custom:scripting/monoscript/fileName/NavMeshSurface.cs: 34aebd278d8d3d5db6b23265b9c700f9 -> 
  custom:scripting/precompiled-assembly-types:Unity.AI.Navigation: 5d8fa505e3253b9a2a456e2c28a1afb3 -> 
  custom:container-demuxer-ogg: 62fdf1f143b41e24485cea50d1cbac27 -> 
  custom:scripting/monoscript/fileName/NavMeshModifierVolumeEditor.cs: 262a50135a116189426aa01c964a744c -> 
  custom:scripting/monoscript/fileName/NavigationOverlay.cs: 2744f4e7946ebbb71339c9b1ce538d00 -> 
  custom:scripting/monoscript/fileName/ConverterItemDescriptor.cs: 8182050d34c5cb602eb7913435a7abee -> 
  custom:video-codec-MediaFoundation-h265: 746d11721c4dcdbdad8f713fa42b33f4 -> 
  custom:scripting/monoscript/fileName/BuiltInToNavMeshSurfaceConverterContainer.cs: c40a906f9f99ea8a6c5aaa215767017f -> 
  custom:video-decoder-ogg-theora: a1e56fd34408186e4bbccfd4996cb3dc -> 
  custom:framework-win-MediaFoundation: 216162199b28c13a410421893ffa2e32 -> 
  custom:scripting/monoscript/fileName/NavigationWindow.cs: 7884404b71178f59d8819c380b951d7c -> 
  custom:scripting/monoscript/fileName/NavMeshComponentsGUIUtility.cs: 08c52049b94db52661003d42fda4ecff -> 
  custom:scripting/monoscript/fileName/ConverterItemInfo.cs: 9fb131dfa28a9ed6b6d00fd9cf83ece4 -> 
  custom:CustomObjectIndexerAttribute: 9a22284fe3817be447336de3de66b15e -> 
  custom:scripting/monoscript/fileName/NavMeshAssetManager.cs: 79eb4858c2054289cd611249ab36b0a5 -> 
  custom:scripting/monoscript/fileName/NavMeshSurfaceEditor.cs: adb1294e971eab992abc2e3e7e051565 -> 
  custom:container-demuxer-webm: 4f35f7cbe854078d1ac9338744f61a02 -> 
  custom:scripting/monoscript/fileName/NavMeshModifierVolume.cs: 8dc531216c72b86c60b86e16ff3da10b -> 
  custom:scripting/monoscript/fileName/NavMeshUpdaterUtility.cs: 5eb03802e6dba19b3e13aaf384805cac -> 
  custom:scripting/monoscript/fileName/NavigationPreferences.cs: ada9399a4f085d4c824cc06527e7fcae -> 
  custom:scripting/monoscript/fileName/NavMeshUpdaterEditor.cs: 169704080eda430978bba61ddedeb304 -> 
  custom:scripting/precompiled-assembly-types:Unity.AI.Navigation.Editor.ConversionSystem: 27c718e5de2659aeeb663e092dc21158 -> 
  custom:scripting/monoscript/fileName/NavMeshModifierEditor.cs: b8675d28116f43f78881455a7301fe8c -> 
  custom:container-muxer-webm: aa71ff27fc2769a1b78a27578f13a17b -> 
  custom:video-decoder-webm-vp8: 9c59270c3fd7afecdb556c50c9e8de78 -> 
  custom:scripting/precompiled-assembly-types:Unity.AI.Navigation.Editor: 7eaf38f66973fde07200cf372b24130e -> 
  custom:scripting/monoscript/fileName/HelpUrls.cs: c1a90585e3e9c9d25f58f9141655f24f -> 
  custom:scripting/monoscript/fileName/EditorStyles.cs: 86b9f4d8fe570a8d8295bfc466c975cf -> 
  custom:SearchIndexIgnoredProperties: e643bd26f0fe6173181afceb89e7c659 -> 
  custom:scripting/precompiled-assembly-types:Unity.AI.Navigation.Updater: d2095ddf03fd615830d6dacf5841450d -> 
  custom:scripting/monoscript/fileName/NavMeshLinkEditor.cs: aed8ae070d922149bb2ba3de06889ff6 -> 
  custom:AudioImporter_EditorPlatform: d09bf68614088b80899f8185d706f6e7 -> 
  custom:scripting/monoscript/fileName/NavMeshModifier.cs: 99ae5ed91bb784edc4f8312d7de046da -> 
  custom:scripting/monoscript/fileName/NavMashAvoider.cs: 599595d5a460521efccc45d4c2a8d20f -> 
  custom:scripting/monoscript/fileName/NavMeshSceneConverter.cs: baf486a1c1cdf03a3111dd113d13c2f4 -> 
  custom:scripting/monoscript/fileName/SystemConverterContainer.cs: eb4026ea01a117ce0888f693e9eed2cd -> 
  custom:scripting/monoscript/fileName/NavMeshLink.cs: 0b3d0eeb07ab57d259e8f9365538df09 -> 
  custom:scripting/monoscript/fileName/ObsoleteNavigationWindowMenuEntry.cs: c7f73386e6473f401a8e4151cac4e1e5 -> 
  custom:scripting/monoscript/fileName/InitializeConverterContext.cs: a97e19589a5774cdc2a34a28caea355f -> 
  custom:scripting/monoscript/fileName/SystemConverter.cs: c748d1769fc66e95256254a1cc1497f3 -> 
  custom:video-encoder-webm-vp8: eb34c28f22e8b96e1ab97ce403110664 -> 
  custom:audio-decoder-ogg-vorbis: bf7c407c2cedff20999df2af8eb42d56 -> 
  custom:scripting/monoscript/fileName/RunItemContext.cs: 338b2243183036c2b60f94c1b5e817c5 -> 
  custom:audio-encoder-webm-vorbis: bf7c407c2cedff20999df2af8eb42d56 -> 
  custom:scripting/precompiled-assembly-types:Assembly-CSharp: 3c4b8b32cece824a9f61102148b546ab -> e66928de38364bb08ef9436b3612de99
  custom:scripting/monoscript/fileName/SystemConvertersEditor.cs: c127c1335f24b77ca70195bf2136c6a2 -> 
========================================================================
Received Prepare
Caller must complete domain reload
Begin MonoManager ReloadAssembly
- Loaded All Assemblies, in  0.427 seconds
Native extension for WindowsStandalone target not found
Mono: successfully reloaded assembly
- Finished resetting the current domain, in  1.132 seconds
Domain Reload Profiling: 1555ms
	BeginReloadAssembly (136ms)
		ExecutionOrderSort (0ms)
		DisableScriptedObjects (5ms)
		BackupInstance (0ms)
		ReleaseScriptingObjects (0ms)
		CreateAndSetChildDomain (29ms)
	RebuildCommonClasses (31ms)
	RebuildNativeTypeToScriptingClass (11ms)
	initialDomainReloadingComplete (26ms)
	LoadAllAssembliesAndSetupDomain (219ms)
		LoadAssemblies (285ms)
		RebuildTransferFunctionScriptingTraits (0ms)
		AnalyzeDomain (15ms)
			TypeCache.Refresh (6ms)
				TypeCache.ScanAssembly (0ms)
			ScanForSourceGeneratedMonoScriptInfo (0ms)
			ResolveRequiredComponents (6ms)
	FinalizeReload (1133ms)
		ReleaseScriptCaches (0ms)
		RebuildScriptCaches (0ms)
		SetupLoadedEditorAssemblies (459ms)
			LogAssemblyErrors (0ms)
			InitializePlatformSupportModulesInManaged (6ms)
			SetLoadedEditorAssemblies (3ms)
			RefreshPlugins (0ms)
			BeforeProcessingInitializeOnLoad (69ms)
			ProcessInitializeOnLoadAttributes (359ms)
			ProcessInitializeOnLoadMethodAttributes (20ms)
			AfterProcessingInitializeOnLoad (2ms)
			EditorAssembliesLoaded (0ms)
		ExecutionOrderSort2 (0ms)
		AwakeInstancesAfterBackupRestoration (8ms)
Refreshing native plugins compatible for Editor in 6.75 ms, found 3 plugins.
Preloading 0 native plugins for Editor in 0.00 ms.
Unloading 3436 Unused Serialized files (Serialized files now loaded: 0)
Unloading 15 unused Assets / (99.8 KB). Loaded Objects now: 4314.
Memory consumption went from 126.4 MB to 126.3 MB.
Total: 3.402100 ms (FindLiveObjects: 0.588600 ms CreateObjectMapping: 0.141400 ms MarkObjects: 2.620300 ms  DeleteObjects: 0.050800 ms)

Prepare: number of updated asset objects reloaded= 0
AssetImportParameters requested are different than current active one (requested -> active):
  custom:scripting/monoscript/fileName/NavMeshSurface.cs: 34aebd278d8d3d5db6b23265b9c700f9 -> 
  custom:scripting/precompiled-assembly-types:Unity.AI.Navigation: 5d8fa505e3253b9a2a456e2c28a1afb3 -> 
  custom:container-demuxer-ogg: 62fdf1f143b41e24485cea50d1cbac27 -> 
  custom:scripting/monoscript/fileName/NavMeshModifierVolumeEditor.cs: 262a50135a116189426aa01c964a744c -> 
  custom:scripting/monoscript/fileName/NavigationOverlay.cs: 2744f4e7946ebbb71339c9b1ce538d00 -> 
  custom:scripting/monoscript/fileName/ConverterItemDescriptor.cs: 8182050d34c5cb602eb7913435a7abee -> 
  custom:video-codec-MediaFoundation-h265: 746d11721c4dcdbdad8f713fa42b33f4 -> 
  custom:scripting/monoscript/fileName/BuiltInToNavMeshSurfaceConverterContainer.cs: c40a906f9f99ea8a6c5aaa215767017f -> 
  custom:video-decoder-ogg-theora: a1e56fd34408186e4bbccfd4996cb3dc -> 
  custom:framework-win-MediaFoundation: 216162199b28c13a410421893ffa2e32 -> 
  custom:scripting/monoscript/fileName/NavigationWindow.cs: 7884404b71178f59d8819c380b951d7c -> 
  custom:scripting/monoscript/fileName/NavMeshComponentsGUIUtility.cs: 08c52049b94db52661003d42fda4ecff -> 
  custom:scripting/monoscript/fileName/ConverterItemInfo.cs: 9fb131dfa28a9ed6b6d00fd9cf83ece4 -> 
  custom:CustomObjectIndexerAttribute: 9a22284fe3817be447336de3de66b15e -> 
  custom:scripting/monoscript/fileName/NavMeshAssetManager.cs: 79eb4858c2054289cd611249ab36b0a5 -> 
  custom:scripting/monoscript/fileName/NavMeshSurfaceEditor.cs: adb1294e971eab992abc2e3e7e051565 -> 
  custom:container-demuxer-webm: 4f35f7cbe854078d1ac9338744f61a02 -> 
  custom:scripting/monoscript/fileName/NavMeshModifierVolume.cs: 8dc531216c72b86c60b86e16ff3da10b -> 
  custom:scripting/monoscript/fileName/NavMeshUpdaterUtility.cs: 5eb03802e6dba19b3e13aaf384805cac -> 
  custom:scripting/monoscript/fileName/NavigationPreferences.cs: ada9399a4f085d4c824cc06527e7fcae -> 
  custom:scripting/monoscript/fileName/NavMeshUpdaterEditor.cs: 169704080eda430978bba61ddedeb304 -> 
  custom:scripting/precompiled-assembly-types:Unity.AI.Navigation.Editor.ConversionSystem: 27c718e5de2659aeeb663e092dc21158 -> 
  custom:scripting/monoscript/fileName/NavMeshModifierEditor.cs: b8675d28116f43f78881455a7301fe8c -> 
  custom:container-muxer-webm: aa71ff27fc2769a1b78a27578f13a17b -> 
  custom:video-decoder-webm-vp8: 9c59270c3fd7afecdb556c50c9e8de78 -> 
  custom:scripting/precompiled-assembly-types:Unity.AI.Navigation.Editor: 7eaf38f66973fde07200cf372b24130e -> 
  custom:scripting/monoscript/fileName/HelpUrls.cs: c1a90585e3e9c9d25f58f9141655f24f -> 
  custom:scripting/monoscript/fileName/EditorStyles.cs: 86b9f4d8fe570a8d8295bfc466c975cf -> 
  custom:SearchIndexIgnoredProperties: e643bd26f0fe6173181afceb89e7c659 -> 
  custom:scripting/precompiled-assembly-types:Unity.AI.Navigation.Updater: d2095ddf03fd615830d6dacf5841450d -> 
  custom:scripting/monoscript/fileName/NavMeshLinkEditor.cs: aed8ae070d922149bb2ba3de06889ff6 -> 
  custom:AudioImporter_EditorPlatform: d09bf68614088b80899f8185d706f6e7 -> 
  custom:scripting/monoscript/fileName/NavMeshModifier.cs: 99ae5ed91bb784edc4f8312d7de046da -> 
  custom:scripting/monoscript/fileName/NavMashAvoider.cs: 599595d5a460521efccc45d4c2a8d20f -> 
  custom:scripting/monoscript/fileName/NavMeshSceneConverter.cs: baf486a1c1cdf03a3111dd113d13c2f4 -> 
  custom:scripting/monoscript/fileName/SystemConverterContainer.cs: eb4026ea01a117ce0888f693e9eed2cd -> 
  custom:scripting/monoscript/fileName/NavMeshLink.cs: 0b3d0eeb07ab57d259e8f9365538df09 -> 
  custom:scripting/monoscript/fileName/ObsoleteNavigationWindowMenuEntry.cs: c7f73386e6473f401a8e4151cac4e1e5 -> 
  custom:scripting/monoscript/fileName/InitializeConverterContext.cs: a97e19589a5774cdc2a34a28caea355f -> 
  custom:scripting/monoscript/fileName/SystemConverter.cs: c748d1769fc66e95256254a1cc1497f3 -> 
  custom:video-encoder-webm-vp8: eb34c28f22e8b96e1ab97ce403110664 -> 
  custom:audio-decoder-ogg-vorbis: bf7c407c2cedff20999df2af8eb42d56 -> 
  custom:scripting/monoscript/fileName/RunItemContext.cs: 338b2243183036c2b60f94c1b5e817c5 -> 
  custom:audio-encoder-webm-vorbis: bf7c407c2cedff20999df2af8eb42d56 -> 
  custom:scripting/precompiled-assembly-types:Assembly-CSharp: 3c4b8b32cece824a9f61102148b546ab -> e66928de38364bb08ef9436b3612de99
  custom:scripting/monoscript/fileName/SystemConvertersEditor.cs: c127c1335f24b77ca70195bf2136c6a2 -> 
========================================================================
Received Prepare
Caller must complete domain reload
Begin MonoManager ReloadAssembly
- Loaded All Assemblies, in  0.245 seconds
Native extension for WindowsStandalone target not found
Mono: successfully reloaded assembly
- Finished resetting the current domain, in  0.536 seconds
Domain Reload Profiling: 780ms
	BeginReloadAssembly (84ms)
		ExecutionOrderSort (0ms)
		DisableScriptedObjects (3ms)
		BackupInstance (0ms)
		ReleaseScriptingObjects (0ms)
		CreateAndSetChildDomain (15ms)
	RebuildCommonClasses (17ms)
	RebuildNativeTypeToScriptingClass (6ms)
	initialDomainReloadingComplete (15ms)
	LoadAllAssembliesAndSetupDomain (122ms)
		LoadAssemblies (151ms)
		RebuildTransferFunctionScriptingTraits (0ms)
		AnalyzeDomain (16ms)
			TypeCache.Refresh (5ms)
				TypeCache.ScanAssembly (0ms)
			ScanForSourceGeneratedMonoScriptInfo (4ms)
			ResolveRequiredComponents (4ms)
	FinalizeReload (536ms)
		ReleaseScriptCaches (0ms)
		RebuildScriptCaches (0ms)
		SetupLoadedEditorAssemblies (229ms)
			LogAssemblyErrors (0ms)
			InitializePlatformSupportModulesInManaged (3ms)
			SetLoadedEditorAssemblies (2ms)
			RefreshPlugins (0ms)
			BeforeProcessingInitializeOnLoad (32ms)
			ProcessInitializeOnLoadAttributes (179ms)
			ProcessInitializeOnLoadMethodAttributes (11ms)
			AfterProcessingInitializeOnLoad (2ms)
			EditorAssembliesLoaded (0ms)
		ExecutionOrderSort2 (0ms)
		AwakeInstancesAfterBackupRestoration (5ms)
Refreshing native plugins compatible for Editor in 2.13 ms, found 3 plugins.
Preloading 0 native plugins for Editor in 0.00 ms.
Unloading 3437 Unused Serialized files (Serialized files now loaded: 0)
Unloading 15 unused Assets / (99.8 KB). Loaded Objects now: 4330.
Memory consumption went from 126.4 MB to 126.3 MB.
Total: 2.107300 ms (FindLiveObjects: 0.159700 ms CreateObjectMapping: 0.043100 ms MarkObjects: 1.863700 ms  DeleteObjects: 0.040400 ms)

Prepare: number of updated asset objects reloaded= 0
AssetImportParameters requested are different than current active one (requested -> active):
  custom:scripting/monoscript/fileName/NavMeshSurface.cs: 34aebd278d8d3d5db6b23265b9c700f9 -> 
  custom:scripting/precompiled-assembly-types:Unity.AI.Navigation: 5d8fa505e3253b9a2a456e2c28a1afb3 -> 
  custom:container-demuxer-ogg: 62fdf1f143b41e24485cea50d1cbac27 -> 
  custom:scripting/monoscript/fileName/NavMeshModifierVolumeEditor.cs: 262a50135a116189426aa01c964a744c -> 
  custom:scripting/monoscript/fileName/NavigationOverlay.cs: 2744f4e7946ebbb71339c9b1ce538d00 -> 
  custom:scripting/monoscript/fileName/ConverterItemDescriptor.cs: 8182050d34c5cb602eb7913435a7abee -> 
  custom:video-codec-MediaFoundation-h265: 746d11721c4dcdbdad8f713fa42b33f4 -> 
  custom:scripting/monoscript/fileName/BuiltInToNavMeshSurfaceConverterContainer.cs: c40a906f9f99ea8a6c5aaa215767017f -> 
  custom:video-decoder-ogg-theora: a1e56fd34408186e4bbccfd4996cb3dc -> 
  custom:framework-win-MediaFoundation: 216162199b28c13a410421893ffa2e32 -> 
  custom:scripting/monoscript/fileName/NavigationWindow.cs: 7884404b71178f59d8819c380b951d7c -> 
  custom:scripting/monoscript/fileName/NavMeshComponentsGUIUtility.cs: 08c52049b94db52661003d42fda4ecff -> 
  custom:scripting/monoscript/fileName/ConverterItemInfo.cs: 9fb131dfa28a9ed6b6d00fd9cf83ece4 -> 
  custom:CustomObjectIndexerAttribute: 9a22284fe3817be447336de3de66b15e -> 
  custom:scripting/monoscript/fileName/NavMeshAssetManager.cs: 79eb4858c2054289cd611249ab36b0a5 -> 
  custom:scripting/monoscript/fileName/NavMeshSurfaceEditor.cs: adb1294e971eab992abc2e3e7e051565 -> 
  custom:container-demuxer-webm: 4f35f7cbe854078d1ac9338744f61a02 -> 
  custom:scripting/monoscript/fileName/NavMeshModifierVolume.cs: 8dc531216c72b86c60b86e16ff3da10b -> 
  custom:scripting/monoscript/fileName/NavMeshUpdaterUtility.cs: 5eb03802e6dba19b3e13aaf384805cac -> 
  custom:scripting/monoscript/fileName/NavigationPreferences.cs: ada9399a4f085d4c824cc06527e7fcae -> 
  custom:scripting/monoscript/fileName/NavMeshUpdaterEditor.cs: 169704080eda430978bba61ddedeb304 -> 
  custom:scripting/precompiled-assembly-types:Unity.AI.Navigation.Editor.ConversionSystem: 27c718e5de2659aeeb663e092dc21158 -> 
  custom:scripting/monoscript/fileName/NavMeshModifierEditor.cs: b8675d28116f43f78881455a7301fe8c -> 
  custom:container-muxer-webm: aa71ff27fc2769a1b78a27578f13a17b -> 
  custom:video-decoder-webm-vp8: 9c59270c3fd7afecdb556c50c9e8de78 -> 
  custom:scripting/precompiled-assembly-types:Unity.AI.Navigation.Editor: 7eaf38f66973fde07200cf372b24130e -> 
  custom:scripting/monoscript/fileName/HelpUrls.cs: c1a90585e3e9c9d25f58f9141655f24f -> 
  custom:scripting/monoscript/fileName/EditorStyles.cs: 86b9f4d8fe570a8d8295bfc466c975cf -> 
  custom:SearchIndexIgnoredProperties: e643bd26f0fe6173181afceb89e7c659 -> 
  custom:scripting/precompiled-assembly-types:Unity.AI.Navigation.Updater: d2095ddf03fd615830d6dacf5841450d -> 
  custom:scripting/monoscript/fileName/NavMeshLinkEditor.cs: aed8ae070d922149bb2ba3de06889ff6 -> 
  custom:AudioImporter_EditorPlatform: d09bf68614088b80899f8185d706f6e7 -> 
  custom:scripting/monoscript/fileName/NavMeshModifier.cs: 99ae5ed91bb784edc4f8312d7de046da -> 
  custom:scripting/monoscript/fileName/NavMashAvoider.cs: 599595d5a460521efccc45d4c2a8d20f -> 
  custom:scripting/monoscript/fileName/NavMeshSceneConverter.cs: baf486a1c1cdf03a3111dd113d13c2f4 -> 
  custom:scripting/monoscript/fileName/SystemConverterContainer.cs: eb4026ea01a117ce0888f693e9eed2cd -> 
  custom:scripting/monoscript/fileName/NavMeshLink.cs: 0b3d0eeb07ab57d259e8f9365538df09 -> 
  custom:scripting/monoscript/fileName/ObsoleteNavigationWindowMenuEntry.cs: c7f73386e6473f401a8e4151cac4e1e5 -> 
  custom:scripting/monoscript/fileName/InitializeConverterContext.cs: a97e19589a5774cdc2a34a28caea355f -> 
  custom:scripting/monoscript/fileName/SystemConverter.cs: c748d1769fc66e95256254a1cc1497f3 -> 
  custom:video-encoder-webm-vp8: eb34c28f22e8b96e1ab97ce403110664 -> 
  custom:audio-decoder-ogg-vorbis: bf7c407c2cedff20999df2af8eb42d56 -> 
  custom:scripting/monoscript/fileName/RunItemContext.cs: 338b2243183036c2b60f94c1b5e817c5 -> 
  custom:audio-encoder-webm-vorbis: bf7c407c2cedff20999df2af8eb42d56 -> 
  custom:scripting/monoscript/fileName/PoissonDiskSampler.cs: e8f971f203a413755789f26d28df2468 -> 
  custom:scripting/precompiled-assembly-types:Assembly-CSharp: dfa1abbf87109e14a4c851d38f9c726f -> e66928de38364bb08ef9436b3612de99
  custom:scripting/monoscript/fileName/SystemConvertersEditor.cs: c127c1335f24b77ca70195bf2136c6a2 -> 
========================================================================
Received Prepare
Caller must complete domain reload
Begin MonoManager ReloadAssembly
- Loaded All Assemblies, in  0.240 seconds
Native extension for WindowsStandalone target not found
Mono: successfully reloaded assembly
- Finished resetting the current domain, in  0.532 seconds
Domain Reload Profiling: 772ms
	BeginReloadAssembly (83ms)
		ExecutionOrderSort (0ms)
		DisableScriptedObjects (3ms)
		BackupInstance (0ms)
		ReleaseScriptingObjects (0ms)
		CreateAndSetChildDomain (16ms)
	RebuildCommonClasses (18ms)
	RebuildNativeTypeToScriptingClass (5ms)
	initialDomainReloadingComplete (14ms)
	LoadAllAssembliesAndSetupDomain (119ms)
		LoadAssemblies (149ms)
		RebuildTransferFunctionScriptingTraits (0ms)
		AnalyzeDomain (14ms)
			TypeCache.Refresh (6ms)
				TypeCache.ScanAssembly (0ms)
			ScanForSourceGeneratedMonoScriptInfo (4ms)
			ResolveRequiredComponents (3ms)
	FinalizeReload (533ms)
		ReleaseScriptCaches (0ms)
		RebuildScriptCaches (0ms)
		SetupLoadedEditorAssemblies (222ms)
			LogAssemblyErrors (0ms)
			InitializePlatformSupportModulesInManaged (3ms)
			SetLoadedEditorAssemblies (2ms)
			RefreshPlugins (0ms)
			BeforeProcessingInitializeOnLoad (33ms)
			ProcessInitializeOnLoadAttributes (170ms)
			ProcessInitializeOnLoadMethodAttributes (12ms)
			AfterProcessingInitializeOnLoad (1ms)
			EditorAssembliesLoaded (0ms)
		ExecutionOrderSort2 (0ms)
		AwakeInstancesAfterBackupRestoration (5ms)
Refreshing native plugins compatible for Editor in 2.05 ms, found 3 plugins.
Preloading 0 native plugins for Editor in 0.00 ms.
Unloading 3437 Unused Serialized files (Serialized files now loaded: 0)
Unloading 15 unused Assets / (99.8 KB). Loaded Objects now: 4345.
Memory consumption went from 126.5 MB to 126.4 MB.
Total: 2.423100 ms (FindLiveObjects: 0.163800 ms CreateObjectMapping: 0.046500 ms MarkObjects: 2.173800 ms  DeleteObjects: 0.038200 ms)

Prepare: number of updated asset objects reloaded= 0
AssetImportParameters requested are different than current active one (requested -> active):
  custom:scripting/monoscript/fileName/NavMeshSurface.cs: 34aebd278d8d3d5db6b23265b9c700f9 -> 
  custom:scripting/precompiled-assembly-types:Unity.AI.Navigation: 5d8fa505e3253b9a2a456e2c28a1afb3 -> 
  custom:container-demuxer-ogg: 62fdf1f143b41e24485cea50d1cbac27 -> 
  custom:scripting/monoscript/fileName/NavMeshModifierVolumeEditor.cs: 262a50135a116189426aa01c964a744c -> 
  custom:scripting/monoscript/fileName/NavigationOverlay.cs: 2744f4e7946ebbb71339c9b1ce538d00 -> 
  custom:scripting/monoscript/fileName/ConverterItemDescriptor.cs: 8182050d34c5cb602eb7913435a7abee -> 
  custom:video-codec-MediaFoundation-h265: 746d11721c4dcdbdad8f713fa42b33f4 -> 
  custom:scripting/monoscript/fileName/BuiltInToNavMeshSurfaceConverterContainer.cs: c40a906f9f99ea8a6c5aaa215767017f -> 
  custom:video-decoder-ogg-theora: a1e56fd34408186e4bbccfd4996cb3dc -> 
  custom:framework-win-MediaFoundation: 216162199b28c13a410421893ffa2e32 -> 
  custom:scripting/monoscript/fileName/NavigationWindow.cs: 7884404b71178f59d8819c380b951d7c -> 
  custom:scripting/monoscript/fileName/NavMeshComponentsGUIUtility.cs: 08c52049b94db52661003d42fda4ecff -> 
  custom:scripting/monoscript/fileName/ConverterItemInfo.cs: 9fb131dfa28a9ed6b6d00fd9cf83ece4 -> 
  custom:CustomObjectIndexerAttribute: 9a22284fe3817be447336de3de66b15e -> 
  custom:scripting/monoscript/fileName/NavMeshAssetManager.cs: 79eb4858c2054289cd611249ab36b0a5 -> 
  custom:scripting/monoscript/fileName/NavMeshSurfaceEditor.cs: adb1294e971eab992abc2e3e7e051565 -> 
  custom:container-demuxer-webm: 4f35f7cbe854078d1ac9338744f61a02 -> 
  custom:scripting/monoscript/fileName/NavMeshModifierVolume.cs: 8dc531216c72b86c60b86e16ff3da10b -> 
  custom:scripting/monoscript/fileName/NavMeshUpdaterUtility.cs: 5eb03802e6dba19b3e13aaf384805cac -> 
  custom:scripting/monoscript/fileName/NavigationPreferences.cs: ada9399a4f085d4c824cc06527e7fcae -> 
  custom:scripting/monoscript/fileName/NavMeshUpdaterEditor.cs: 169704080eda430978bba61ddedeb304 -> 
  custom:scripting/precompiled-assembly-types:Unity.AI.Navigation.Editor.ConversionSystem: 27c718e5de2659aeeb663e092dc21158 -> 
  custom:scripting/monoscript/fileName/NavMeshModifierEditor.cs: b8675d28116f43f78881455a7301fe8c -> 
  custom:container-muxer-webm: aa71ff27fc2769a1b78a27578f13a17b -> 
  custom:video-decoder-webm-vp8: 9c59270c3fd7afecdb556c50c9e8de78 -> 
  custom:scripting/precompiled-assembly-types:Unity.AI.Navigation.Editor: 7eaf38f66973fde07200cf372b24130e -> 
  custom:scripting/monoscript/fileName/HelpUrls.cs: c1a90585e3e9c9d25f58f9141655f24f -> 
  custom:scripting/monoscript/fileName/EditorStyles.cs: 86b9f4d8fe570a8d8295bfc466c975cf -> 
  custom:SearchIndexIgnoredProperties: e643bd26f0fe6173181afceb89e7c659 -> 
  custom:scripting/precompiled-assembly-types:Unity.AI.Navigation.Updater: d2095ddf03fd615830d6dacf5841450d -> 
  custom:scripting/monoscript/fileName/NavMeshLinkEditor.cs: aed8ae070d922149bb2ba3de06889ff6 -> 
  custom:AudioImporter_EditorPlatform: d09bf68614088b80899f8185d706f6e7 -> 
  custom:scripting/monoscript/fileName/NavMeshModifier.cs: 99ae5ed91bb784edc4f8312d7de046da -> 
  custom:scripting/monoscript/fileName/NavMashAvoider.cs: 599595d5a460521efccc45d4c2a8d20f -> 
  custom:scripting/monoscript/fileName/NavMeshSceneConverter.cs: baf486a1c1cdf03a3111dd113d13c2f4 -> 
  custom:scripting/monoscript/fileName/SystemConverterContainer.cs: eb4026ea01a117ce0888f693e9eed2cd -> 
  custom:scripting/monoscript/fileName/NavMeshLink.cs: 0b3d0eeb07ab57d259e8f9365538df09 -> 
  custom:scripting/monoscript/fileName/ObsoleteNavigationWindowMenuEntry.cs: c7f73386e6473f401a8e4151cac4e1e5 -> 
  custom:scripting/monoscript/fileName/InitializeConverterContext.cs: a97e19589a5774cdc2a34a28caea355f -> 
  custom:scripting/monoscript/fileName/SystemConverter.cs: c748d1769fc66e95256254a1cc1497f3 -> 
  custom:video-encoder-webm-vp8: eb34c28f22e8b96e1ab97ce403110664 -> 
  custom:audio-decoder-ogg-vorbis: bf7c407c2cedff20999df2af8eb42d56 -> 
  custom:scripting/monoscript/fileName/RunItemContext.cs: 338b2243183036c2b60f94c1b5e817c5 -> 
  custom:audio-encoder-webm-vorbis: bf7c407c2cedff20999df2af8eb42d56 -> 
  custom:scripting/monoscript/fileName/PoissonDiskSampler.cs: 52180e748fc5bf68fb8a4b4e27682930 -> 
  custom:scripting/precompiled-assembly-types:Assembly-CSharp: 3f98ddd85cb817bc4ad21a4bb19b2474 -> e66928de38364bb08ef9436b3612de99
  custom:scripting/monoscript/fileName/SystemConvertersEditor.cs: c127c1335f24b77ca70195bf2136c6a2 -> 
========================================================================
Received Import Request.
  Time since last request: 1077.485215 seconds.
  path: Assets/PoissonDiskSampler.cs
  artifactKey: Guid(efb88bebeb4e60a469fb5fb03eac2b59) Importer(815301076,1909f56bfc062723c751e8b465ee728b)
Start importing Assets/PoissonDiskSampler.cs using Guid(efb88bebeb4e60a469fb5fb03eac2b59) Importer(815301076,1909f56bfc062723c751e8b465ee728b) [PhysX] Initialized MultithreadedTaskDispatcher with 32 workers.
 -> (artifact id: '2c6d2b08cde42f436877003c1262225d') in 0.009219 seconds
Number of updated asset objects reloaded before import = 0
Number of asset objects unloaded after import = 0
========================================================================
Received Prepare
Caller must complete domain reload
Begin MonoManager ReloadAssembly
- Loaded All Assemblies, in  0.244 seconds
Native extension for WindowsStandalone target not found
Mono: successfully reloaded assembly
- Finished resetting the current domain, in  0.523 seconds
Domain Reload Profiling: 766ms
	BeginReloadAssembly (86ms)
		ExecutionOrderSort (0ms)
		DisableScriptedObjects (3ms)
		BackupInstance (0ms)
		ReleaseScriptingObjects (0ms)
		CreateAndSetChildDomain (17ms)
	RebuildCommonClasses (20ms)
	RebuildNativeTypeToScriptingClass (6ms)
	initialDomainReloadingComplete (15ms)
	LoadAllAssembliesAndSetupDomain (116ms)
		LoadAssemblies (147ms)
		RebuildTransferFunctionScriptingTraits (0ms)
		AnalyzeDomain (14ms)
			TypeCache.Refresh (5ms)
				TypeCache.ScanAssembly (0ms)
			ScanForSourceGeneratedMonoScriptInfo (4ms)
			ResolveRequiredComponents (3ms)
	FinalizeReload (523ms)
		ReleaseScriptCaches (0ms)
		RebuildScriptCaches (0ms)
		SetupLoadedEditorAssemblies (218ms)
			LogAssemblyErrors (0ms)
			InitializePlatformSupportModulesInManaged (3ms)
			SetLoadedEditorAssemblies (2ms)
			RefreshPlugins (0ms)
			BeforeProcessingInitializeOnLoad (32ms)
			ProcessInitializeOnLoadAttributes (169ms)
			ProcessInitializeOnLoadMethodAttributes (11ms)
			AfterProcessingInitializeOnLoad (1ms)
			EditorAssembliesLoaded (0ms)
		ExecutionOrderSort2 (0ms)
		AwakeInstancesAfterBackupRestoration (5ms)
Refreshing native plugins compatible for Editor in 2.13 ms, found 3 plugins.
Preloading 0 native plugins for Editor in 0.00 ms.
Unloading 3436 Unused Serialized files (Serialized files now loaded: 0)
Unloading 15 unused Assets / (99.8 KB). Loaded Objects now: 4360.
Memory consumption went from 126.2 MB to 126.1 MB.
Total: 1.652700 ms (FindLiveObjects: 0.154900 ms CreateObjectMapping: 0.040000 ms MarkObjects: 1.424000 ms  DeleteObjects: 0.032800 ms)

Prepare: number of updated asset objects reloaded= 0
AssetImportParameters requested are different than current active one (requested -> active):
  custom:scripting/monoscript/fileName/NavMeshSurface.cs: 34aebd278d8d3d5db6b23265b9c700f9 -> 
  custom:scripting/precompiled-assembly-types:Unity.AI.Navigation: 5d8fa505e3253b9a2a456e2c28a1afb3 -> 
  custom:container-demuxer-ogg: 62fdf1f143b41e24485cea50d1cbac27 -> 
  custom:scripting/monoscript/fileName/NavMeshModifierVolumeEditor.cs: 262a50135a116189426aa01c964a744c -> 
  custom:scripting/monoscript/fileName/NavigationOverlay.cs: 2744f4e7946ebbb71339c9b1ce538d00 -> 
  custom:scripting/monoscript/fileName/ConverterItemDescriptor.cs: 8182050d34c5cb602eb7913435a7abee -> 
  custom:video-codec-MediaFoundation-h265: 746d11721c4dcdbdad8f713fa42b33f4 -> 
  custom:scripting/monoscript/fileName/BuiltInToNavMeshSurfaceConverterContainer.cs: c40a906f9f99ea8a6c5aaa215767017f -> 
  custom:video-decoder-ogg-theora: a1e56fd34408186e4bbccfd4996cb3dc -> 
  custom:framework-win-MediaFoundation: 216162199b28c13a410421893ffa2e32 -> 
  custom:scripting/monoscript/fileName/NavigationWindow.cs: 7884404b71178f59d8819c380b951d7c -> 
  custom:scripting/monoscript/fileName/NavMeshComponentsGUIUtility.cs: 08c52049b94db52661003d42fda4ecff -> 
  custom:scripting/monoscript/fileName/ConverterItemInfo.cs: 9fb131dfa28a9ed6b6d00fd9cf83ece4 -> 
  custom:CustomObjectIndexerAttribute: 9a22284fe3817be447336de3de66b15e -> 
  custom:scripting/monoscript/fileName/NavMeshAssetManager.cs: 79eb4858c2054289cd611249ab36b0a5 -> 
  custom:scripting/monoscript/fileName/NavMeshSurfaceEditor.cs: adb1294e971eab992abc2e3e7e051565 -> 
  custom:container-demuxer-webm: 4f35f7cbe854078d1ac9338744f61a02 -> 
  custom:scripting/monoscript/fileName/NavMeshModifierVolume.cs: 8dc531216c72b86c60b86e16ff3da10b -> 
  custom:scripting/monoscript/fileName/NavMeshUpdaterUtility.cs: 5eb03802e6dba19b3e13aaf384805cac -> 
  custom:scripting/monoscript/fileName/NavigationPreferences.cs: ada9399a4f085d4c824cc06527e7fcae -> 
  custom:scripting/monoscript/fileName/NavMeshUpdaterEditor.cs: 169704080eda430978bba61ddedeb304 -> 
  custom:scripting/precompiled-assembly-types:Unity.AI.Navigation.Editor.ConversionSystem: 27c718e5de2659aeeb663e092dc21158 -> 
  custom:scripting/monoscript/fileName/NavMeshModifierEditor.cs: b8675d28116f43f78881455a7301fe8c -> 
  custom:container-muxer-webm: aa71ff27fc2769a1b78a27578f13a17b -> 
  custom:video-decoder-webm-vp8: 9c59270c3fd7afecdb556c50c9e8de78 -> 
  custom:scripting/precompiled-assembly-types:Unity.AI.Navigation.Editor: 7eaf38f66973fde07200cf372b24130e -> 
  custom:scripting/monoscript/fileName/HelpUrls.cs: c1a90585e3e9c9d25f58f9141655f24f -> 
  custom:scripting/monoscript/fileName/EditorStyles.cs: 86b9f4d8fe570a8d8295bfc466c975cf -> 
  custom:SearchIndexIgnoredProperties: e643bd26f0fe6173181afceb89e7c659 -> 
  custom:scripting/precompiled-assembly-types:Unity.AI.Navigation.Updater: d2095ddf03fd615830d6dacf5841450d -> 
  custom:scripting/monoscript/fileName/NavMeshLinkEditor.cs: aed8ae070d922149bb2ba3de06889ff6 -> 
  custom:AudioImporter_EditorPlatform: d09bf68614088b80899f8185d706f6e7 -> 
  custom:scripting/monoscript/fileName/NavMeshModifier.cs: 99ae5ed91bb784edc4f8312d7de046da -> 
  custom:scripting/monoscript/fileName/NavMashAvoider.cs: 599595d5a460521efccc45d4c2a8d20f -> 
  custom:scripting/monoscript/fileName/NavMeshSceneConverter.cs: baf486a1c1cdf03a3111dd113d13c2f4 -> 
  custom:scripting/monoscript/fileName/SystemConverterContainer.cs: eb4026ea01a117ce0888f693e9eed2cd -> 
  custom:scripting/monoscript/fileName/NavMeshLink.cs: 0b3d0eeb07ab57d259e8f9365538df09 -> 
  custom:scripting/monoscript/fileName/ObsoleteNavigationWindowMenuEntry.cs: c7f73386e6473f401a8e4151cac4e1e5 -> 
  custom:scripting/monoscript/fileName/InitializeConverterContext.cs: a97e19589a5774cdc2a34a28caea355f -> 
  custom:scripting/monoscript/fileName/SystemConverter.cs: c748d1769fc66e95256254a1cc1497f3 -> 
  custom:video-encoder-webm-vp8: eb34c28f22e8b96e1ab97ce403110664 -> 
  custom:audio-decoder-ogg-vorbis: bf7c407c2cedff20999df2af8eb42d56 -> 
  custom:scripting/monoscript/fileName/RunItemContext.cs: 338b2243183036c2b60f94c1b5e817c5 -> 
  custom:audio-encoder-webm-vorbis: bf7c407c2cedff20999df2af8eb42d56 -> 
  custom:scripting/monoscript/fileName/PoissonDiskSampler.cs: 52180e748fc5bf68fb8a4b4e27682930 -> 
  custom:scripting/precompiled-assembly-types:Assembly-CSharp: 3f98ddd85cb817bc4ad21a4bb19b2474 -> e66928de38364bb08ef9436b3612de99
  custom:scripting/monoscript/fileName/SystemConvertersEditor.cs: c127c1335f24b77ca70195bf2136c6a2 -> 
========================================================================
Received Prepare
Caller must complete domain reload
Begin MonoManager ReloadAssembly
- Loaded All Assemblies, in  0.231 seconds
Native extension for WindowsStandalone target not found
Mono: successfully reloaded assembly
- Finished resetting the current domain, in  0.537 seconds
Domain Reload Profiling: 767ms
	BeginReloadAssembly (84ms)
		ExecutionOrderSort (0ms)
		DisableScriptedObjects (4ms)
		BackupInstance (0ms)
		ReleaseScriptingObjects (0ms)
		CreateAndSetChildDomain (17ms)
	RebuildCommonClasses (17ms)
	RebuildNativeTypeToScriptingClass (6ms)
	initialDomainReloadingComplete (14ms)
	LoadAllAssembliesAndSetupDomain (110ms)
		LoadAssemblies (144ms)
		RebuildTransferFunctionScriptingTraits (0ms)
		AnalyzeDomain (10ms)
			TypeCache.Refresh (5ms)
				TypeCache.ScanAssembly (0ms)
			ScanForSourceGeneratedMonoScriptInfo (0ms)
			ResolveRequiredComponents (3ms)
	FinalizeReload (537ms)
		ReleaseScriptCaches (0ms)
		RebuildScriptCaches (0ms)
		SetupLoadedEditorAssemblies (230ms)
			LogAssemblyErrors (0ms)
			InitializePlatformSupportModulesInManaged (3ms)
			SetLoadedEditorAssemblies (2ms)
			RefreshPlugins (0ms)
			BeforeProcessingInitializeOnLoad (34ms)
			ProcessInitializeOnLoadAttributes (178ms)
			ProcessInitializeOnLoadMethodAttributes (11ms)
			AfterProcessingInitializeOnLoad (1ms)
			EditorAssembliesLoaded (0ms)
		ExecutionOrderSort2 (0ms)
		AwakeInstancesAfterBackupRestoration (5ms)
Refreshing native plugins compatible for Editor in 2.85 ms, found 3 plugins.
Preloading 0 native plugins for Editor in 0.00 ms.
Unloading 3437 Unused Serialized files (Serialized files now loaded: 0)
Unloading 15 unused Assets / (99.8 KB). Loaded Objects now: 4375.
Memory consumption went from 126.5 MB to 126.4 MB.
Total: 1.920800 ms (FindLiveObjects: 0.203700 ms CreateObjectMapping: 0.051100 ms MarkObjects: 1.631500 ms  DeleteObjects: 0.034000 ms)

Prepare: number of updated asset objects reloaded= 0
AssetImportParameters requested are different than current active one (requested -> active):
  custom:scripting/monoscript/fileName/NavMeshSurface.cs: 34aebd278d8d3d5db6b23265b9c700f9 -> 
  custom:scripting/precompiled-assembly-types:Unity.AI.Navigation: 5d8fa505e3253b9a2a456e2c28a1afb3 -> 
  custom:container-demuxer-ogg: 62fdf1f143b41e24485cea50d1cbac27 -> 
  custom:scripting/monoscript/fileName/NavMeshModifierVolumeEditor.cs: 262a50135a116189426aa01c964a744c -> 
  custom:scripting/monoscript/fileName/NavigationOverlay.cs: 2744f4e7946ebbb71339c9b1ce538d00 -> 
  custom:scripting/monoscript/fileName/ConverterItemDescriptor.cs: 8182050d34c5cb602eb7913435a7abee -> 
  custom:video-codec-MediaFoundation-h265: 746d11721c4dcdbdad8f713fa42b33f4 -> 
  custom:scripting/monoscript/fileName/BuiltInToNavMeshSurfaceConverterContainer.cs: c40a906f9f99ea8a6c5aaa215767017f -> 
  custom:video-decoder-ogg-theora: a1e56fd34408186e4bbccfd4996cb3dc -> 
  custom:framework-win-MediaFoundation: 216162199b28c13a410421893ffa2e32 -> 
  custom:scripting/monoscript/fileName/NavigationWindow.cs: 7884404b71178f59d8819c380b951d7c -> 
  custom:scripting/monoscript/fileName/NavMeshComponentsGUIUtility.cs: 08c52049b94db52661003d42fda4ecff -> 
  custom:scripting/monoscript/fileName/ConverterItemInfo.cs: 9fb131dfa28a9ed6b6d00fd9cf83ece4 -> 
  custom:CustomObjectIndexerAttribute: 9a22284fe3817be447336de3de66b15e -> 
  custom:scripting/monoscript/fileName/NavMeshAssetManager.cs: 79eb4858c2054289cd611249ab36b0a5 -> 
  custom:scripting/monoscript/fileName/NavMeshSurfaceEditor.cs: adb1294e971eab992abc2e3e7e051565 -> 
  custom:container-demuxer-webm: 4f35f7cbe854078d1ac9338744f61a02 -> 
  custom:scripting/monoscript/fileName/NavMeshModifierVolume.cs: 8dc531216c72b86c60b86e16ff3da10b -> 
  custom:scripting/monoscript/fileName/NavMeshUpdaterUtility.cs: 5eb03802e6dba19b3e13aaf384805cac -> 
  custom:scripting/monoscript/fileName/NavigationPreferences.cs: ada9399a4f085d4c824cc06527e7fcae -> 
  custom:scripting/monoscript/fileName/NavMeshUpdaterEditor.cs: 169704080eda430978bba61ddedeb304 -> 
  custom:scripting/precompiled-assembly-types:Unity.AI.Navigation.Editor.ConversionSystem: 27c718e5de2659aeeb663e092dc21158 -> 
  custom:scripting/monoscript/fileName/NavMeshModifierEditor.cs: b8675d28116f43f78881455a7301fe8c -> 
  custom:container-muxer-webm: aa71ff27fc2769a1b78a27578f13a17b -> 
  custom:video-decoder-webm-vp8: 9c59270c3fd7afecdb556c50c9e8de78 -> 
  custom:scripting/precompiled-assembly-types:Unity.AI.Navigation.Editor: 7eaf38f66973fde07200cf372b24130e -> 
  custom:scripting/monoscript/fileName/HelpUrls.cs: c1a90585e3e9c9d25f58f9141655f24f -> 
  custom:scripting/monoscript/fileName/EditorStyles.cs: 86b9f4d8fe570a8d8295bfc466c975cf -> 
  custom:SearchIndexIgnoredProperties: e643bd26f0fe6173181afceb89e7c659 -> 
  custom:scripting/precompiled-assembly-types:Unity.AI.Navigation.Updater: d2095ddf03fd615830d6dacf5841450d -> 
  custom:scripting/monoscript/fileName/NavMeshLinkEditor.cs: aed8ae070d922149bb2ba3de06889ff6 -> 
  custom:AudioImporter_EditorPlatform: d09bf68614088b80899f8185d706f6e7 -> 
  custom:scripting/monoscript/fileName/NavMeshModifier.cs: 99ae5ed91bb784edc4f8312d7de046da -> 
  custom:scripting/monoscript/fileName/NavMashAvoider.cs: 599595d5a460521efccc45d4c2a8d20f -> 
  custom:scripting/monoscript/fileName/NavMeshSceneConverter.cs: baf486a1c1cdf03a3111dd113d13c2f4 -> 
  custom:scripting/monoscript/fileName/SystemConverterContainer.cs: eb4026ea01a117ce0888f693e9eed2cd -> 
  custom:scripting/monoscript/fileName/NavMeshLink.cs: 0b3d0eeb07ab57d259e8f9365538df09 -> 
  custom:scripting/monoscript/fileName/ObsoleteNavigationWindowMenuEntry.cs: c7f73386e6473f401a8e4151cac4e1e5 -> 
  custom:scripting/monoscript/fileName/InitializeConverterContext.cs: a97e19589a5774cdc2a34a28caea355f -> 
  custom:scripting/monoscript/fileName/SystemConverter.cs: c748d1769fc66e95256254a1cc1497f3 -> 
  custom:video-encoder-webm-vp8: eb34c28f22e8b96e1ab97ce403110664 -> 
  custom:audio-decoder-ogg-vorbis: bf7c407c2cedff20999df2af8eb42d56 -> 
  custom:scripting/monoscript/fileName/RunItemContext.cs: 338b2243183036c2b60f94c1b5e817c5 -> 
  custom:audio-encoder-webm-vorbis: bf7c407c2cedff20999df2af8eb42d56 -> 
  custom:scripting/monoscript/fileName/PoissonDiskSampler.cs: 52180e748fc5bf68fb8a4b4e27682930 -> 
  custom:scripting/precompiled-assembly-types:Assembly-CSharp: 3f98ddd85cb817bc4ad21a4bb19b2474 -> e66928de38364bb08ef9436b3612de99
  custom:scripting/monoscript/fileName/SystemConvertersEditor.cs: c127c1335f24b77ca70195bf2136c6a2 -> 
========================================================================
Received Prepare
Caller must complete domain reload
Begin MonoManager ReloadAssembly
- Loaded All Assemblies, in  0.238 seconds
Native extension for WindowsStandalone target not found
Mono: successfully reloaded assembly
- Finished resetting the current domain, in  0.515 seconds
Domain Reload Profiling: 752ms
	BeginReloadAssembly (84ms)
		ExecutionOrderSort (0ms)
		DisableScriptedObjects (3ms)
		BackupInstance (0ms)
		ReleaseScriptingObjects (0ms)
		CreateAndSetChildDomain (16ms)
	RebuildCommonClasses (18ms)
	RebuildNativeTypeToScriptingClass (6ms)
	initialDomainReloadingComplete (14ms)
	LoadAllAssembliesAndSetupDomain (116ms)
		LoadAssemblies (146ms)
		RebuildTransferFunctionScriptingTraits (0ms)
		AnalyzeDomain (14ms)
			TypeCache.Refresh (6ms)
				TypeCache.ScanAssembly (0ms)
			ScanForSourceGeneratedMonoScriptInfo (4ms)
			ResolveRequiredComponents (3ms)
	FinalizeReload (515ms)
		ReleaseScriptCaches (0ms)
		RebuildScriptCaches (0ms)
		SetupLoadedEditorAssemblies (213ms)
			LogAssemblyErrors (0ms)
			InitializePlatformSupportModulesInManaged (3ms)
			SetLoadedEditorAssemblies (2ms)
			RefreshPlugins (0ms)
			BeforeProcessingInitializeOnLoad (32ms)
			ProcessInitializeOnLoadAttributes (166ms)
			ProcessInitializeOnLoadMethodAttributes (10ms)
			AfterProcessingInitializeOnLoad (1ms)
			EditorAssembliesLoaded (0ms)
		ExecutionOrderSort2 (0ms)
		AwakeInstancesAfterBackupRestoration (4ms)
Refreshing native plugins compatible for Editor in 1.99 ms, found 3 plugins.
Preloading 0 native plugins for Editor in 0.00 ms.
Unloading 3437 Unused Serialized files (Serialized files now loaded: 0)
Unloading 15 unused Assets / (99.8 KB). Loaded Objects now: 4390.
Memory consumption went from 126.5 MB to 126.4 MB.
Total: 2.070600 ms (FindLiveObjects: 0.169000 ms CreateObjectMapping: 0.047100 ms MarkObjects: 1.821200 ms  DeleteObjects: 0.032900 ms)

Prepare: number of updated asset objects reloaded= 0
AssetImportParameters requested are different than current active one (requested -> active):
  custom:scripting/monoscript/fileName/NavMeshSurface.cs: 34aebd278d8d3d5db6b23265b9c700f9 -> 
  custom:scripting/precompiled-assembly-types:Unity.AI.Navigation: 5d8fa505e3253b9a2a456e2c28a1afb3 -> 
  custom:container-demuxer-ogg: 62fdf1f143b41e24485cea50d1cbac27 -> 
  custom:scripting/monoscript/fileName/NavMeshModifierVolumeEditor.cs: 262a50135a116189426aa01c964a744c -> 
  custom:scripting/monoscript/fileName/NavigationOverlay.cs: 2744f4e7946ebbb71339c9b1ce538d00 -> 
  custom:scripting/monoscript/fileName/ConverterItemDescriptor.cs: 8182050d34c5cb602eb7913435a7abee -> 
  custom:video-codec-MediaFoundation-h265: 746d11721c4dcdbdad8f713fa42b33f4 -> 
  custom:scripting/monoscript/fileName/BuiltInToNavMeshSurfaceConverterContainer.cs: c40a906f9f99ea8a6c5aaa215767017f -> 
  custom:video-decoder-ogg-theora: a1e56fd34408186e4bbccfd4996cb3dc -> 
  custom:framework-win-MediaFoundation: 216162199b28c13a410421893ffa2e32 -> 
  custom:scripting/monoscript/fileName/NavigationWindow.cs: 7884404b71178f59d8819c380b951d7c -> 
  custom:scripting/monoscript/fileName/NavMeshComponentsGUIUtility.cs: 08c52049b94db52661003d42fda4ecff -> 
  custom:scripting/monoscript/fileName/ConverterItemInfo.cs: 9fb131dfa28a9ed6b6d00fd9cf83ece4 -> 
  custom:CustomObjectIndexerAttribute: 9a22284fe3817be447336de3de66b15e -> 
  custom:scripting/monoscript/fileName/NavMeshAssetManager.cs: 79eb4858c2054289cd611249ab36b0a5 -> 
  custom:scripting/monoscript/fileName/NavMeshSurfaceEditor.cs: adb1294e971eab992abc2e3e7e051565 -> 
  custom:container-demuxer-webm: 4f35f7cbe854078d1ac9338744f61a02 -> 
  custom:scripting/monoscript/fileName/NavMeshModifierVolume.cs: 8dc531216c72b86c60b86e16ff3da10b -> 
  custom:scripting/monoscript/fileName/NavMeshUpdaterUtility.cs: 5eb03802e6dba19b3e13aaf384805cac -> 
  custom:scripting/monoscript/fileName/NavigationPreferences.cs: ada9399a4f085d4c824cc06527e7fcae -> 
  custom:scripting/monoscript/fileName/NavMeshUpdaterEditor.cs: 169704080eda430978bba61ddedeb304 -> 
  custom:scripting/precompiled-assembly-types:Unity.AI.Navigation.Editor.ConversionSystem: 27c718e5de2659aeeb663e092dc21158 -> 
  custom:scripting/monoscript/fileName/NavMeshModifierEditor.cs: b8675d28116f43f78881455a7301fe8c -> 
  custom:container-muxer-webm: aa71ff27fc2769a1b78a27578f13a17b -> 
  custom:video-decoder-webm-vp8: 9c59270c3fd7afecdb556c50c9e8de78 -> 
  custom:scripting/precompiled-assembly-types:Unity.AI.Navigation.Editor: 7eaf38f66973fde07200cf372b24130e -> 
  custom:scripting/monoscript/fileName/HelpUrls.cs: c1a90585e3e9c9d25f58f9141655f24f -> 
  custom:scripting/monoscript/fileName/EditorStyles.cs: 86b9f4d8fe570a8d8295bfc466c975cf -> 
  custom:SearchIndexIgnoredProperties: e643bd26f0fe6173181afceb89e7c659 -> 
  custom:scripting/precompiled-assembly-types:Unity.AI.Navigation.Updater: d2095ddf03fd615830d6dacf5841450d -> 
  custom:scripting/monoscript/fileName/NavMeshLinkEditor.cs: aed8ae070d922149bb2ba3de06889ff6 -> 
  custom:AudioImporter_EditorPlatform: d09bf68614088b80899f8185d706f6e7 -> 
  custom:scripting/monoscript/fileName/NavMeshModifier.cs: 99ae5ed91bb784edc4f8312d7de046da -> 
  custom:scripting/monoscript/fileName/NavMashAvoider.cs: 599595d5a460521efccc45d4c2a8d20f -> 
  custom:scripting/monoscript/fileName/NavMeshSceneConverter.cs: baf486a1c1cdf03a3111dd113d13c2f4 -> 
  custom:scripting/monoscript/fileName/SystemConverterContainer.cs: eb4026ea01a117ce0888f693e9eed2cd -> 
  custom:scripting/monoscript/fileName/NavMeshLink.cs: 0b3d0eeb07ab57d259e8f9365538df09 -> 
  custom:scripting/monoscript/fileName/ObsoleteNavigationWindowMenuEntry.cs: c7f73386e6473f401a8e4151cac4e1e5 -> 
  custom:scripting/monoscript/fileName/InitializeConverterContext.cs: a97e19589a5774cdc2a34a28caea355f -> 
  custom:scripting/monoscript/fileName/SystemConverter.cs: c748d1769fc66e95256254a1cc1497f3 -> 
  custom:video-encoder-webm-vp8: eb34c28f22e8b96e1ab97ce403110664 -> 
  custom:audio-decoder-ogg-vorbis: bf7c407c2cedff20999df2af8eb42d56 -> 
  custom:scripting/monoscript/fileName/RunItemContext.cs: 338b2243183036c2b60f94c1b5e817c5 -> 
  custom:audio-encoder-webm-vorbis: bf7c407c2cedff20999df2af8eb42d56 -> 
  custom:scripting/monoscript/fileName/PoissonDiskSampler.cs: 52180e748fc5bf68fb8a4b4e27682930 -> 
  custom:scripting/precompiled-assembly-types:Assembly-CSharp: 3f98ddd85cb817bc4ad21a4bb19b2474 -> e66928de38364bb08ef9436b3612de99
  custom:scripting/monoscript/fileName/SystemConvertersEditor.cs: c127c1335f24b77ca70195bf2136c6a2 -> 
========================================================================
Received Prepare
Caller must complete domain reload
Begin MonoManager ReloadAssembly
- Loaded All Assemblies, in  0.232 seconds
Native extension for WindowsStandalone target not found
Mono: successfully reloaded assembly
- Finished resetting the current domain, in  0.522 seconds
Domain Reload Profiling: 754ms
	BeginReloadAssembly (84ms)
		ExecutionOrderSort (0ms)
		DisableScriptedObjects (3ms)
		BackupInstance (0ms)
		ReleaseScriptingObjects (0ms)
		CreateAndSetChildDomain (16ms)
	RebuildCommonClasses (17ms)
	RebuildNativeTypeToScriptingClass (6ms)
	initialDomainReloadingComplete (13ms)
	LoadAllAssembliesAndSetupDomain (111ms)
		LoadAssemblies (145ms)
		RebuildTransferFunctionScriptingTraits (0ms)
		AnalyzeDomain (10ms)
			TypeCache.Refresh (5ms)
				TypeCache.ScanAssembly (0ms)
			ScanForSourceGeneratedMonoScriptInfo (0ms)
			ResolveRequiredComponents (3ms)
	FinalizeReload (523ms)
		ReleaseScriptCaches (0ms)
		RebuildScriptCaches (0ms)
		SetupLoadedEditorAssemblies (225ms)
			LogAssemblyErrors (0ms)
			InitializePlatformSupportModulesInManaged (3ms)
			SetLoadedEditorAssemblies (2ms)
			RefreshPlugins (0ms)
			BeforeProcessingInitializeOnLoad (32ms)
			ProcessInitializeOnLoadAttributes (176ms)
			ProcessInitializeOnLoadMethodAttributes (11ms)
			AfterProcessingInitializeOnLoad (1ms)
			EditorAssembliesLoaded (0ms)
		ExecutionOrderSort2 (0ms)
		AwakeInstancesAfterBackupRestoration (4ms)
Refreshing native plugins compatible for Editor in 2.41 ms, found 3 plugins.
Preloading 0 native plugins for Editor in 0.00 ms.
Unloading 3437 Unused Serialized files (Serialized files now loaded: 0)
Unloading 15 unused Assets / (99.8 KB). Loaded Objects now: 4405.
Memory consumption went from 126.5 MB to 126.4 MB.
Total: 1.864500 ms (FindLiveObjects: 0.210100 ms CreateObjectMapping: 0.053700 ms MarkObjects: 1.566800 ms  DeleteObjects: 0.033300 ms)

Prepare: number of updated asset objects reloaded= 0
AssetImportParameters requested are different than current active one (requested -> active):
  custom:scripting/monoscript/fileName/NavMeshSurface.cs: 34aebd278d8d3d5db6b23265b9c700f9 -> 
  custom:scripting/precompiled-assembly-types:Unity.AI.Navigation: 5d8fa505e3253b9a2a456e2c28a1afb3 -> 
  custom:container-demuxer-ogg: 62fdf1f143b41e24485cea50d1cbac27 -> 
  custom:scripting/monoscript/fileName/NavMeshModifierVolumeEditor.cs: 262a50135a116189426aa01c964a744c -> 
  custom:scripting/monoscript/fileName/NavigationOverlay.cs: 2744f4e7946ebbb71339c9b1ce538d00 -> 
  custom:scripting/monoscript/fileName/ConverterItemDescriptor.cs: 8182050d34c5cb602eb7913435a7abee -> 
  custom:video-codec-MediaFoundation-h265: 746d11721c4dcdbdad8f713fa42b33f4 -> 
  custom:scripting/monoscript/fileName/BuiltInToNavMeshSurfaceConverterContainer.cs: c40a906f9f99ea8a6c5aaa215767017f -> 
  custom:video-decoder-ogg-theora: a1e56fd34408186e4bbccfd4996cb3dc -> 
  custom:framework-win-MediaFoundation: 216162199b28c13a410421893ffa2e32 -> 
  custom:scripting/monoscript/fileName/NavigationWindow.cs: 7884404b71178f59d8819c380b951d7c -> 
  custom:scripting/monoscript/fileName/NavMeshComponentsGUIUtility.cs: 08c52049b94db52661003d42fda4ecff -> 
  custom:scripting/monoscript/fileName/ConverterItemInfo.cs: 9fb131dfa28a9ed6b6d00fd9cf83ece4 -> 
  custom:CustomObjectIndexerAttribute: 9a22284fe3817be447336de3de66b15e -> 
  custom:scripting/monoscript/fileName/NavMeshAssetManager.cs: 79eb4858c2054289cd611249ab36b0a5 -> 
  custom:scripting/monoscript/fileName/NavMeshSurfaceEditor.cs: adb1294e971eab992abc2e3e7e051565 -> 
  custom:container-demuxer-webm: 4f35f7cbe854078d1ac9338744f61a02 -> 
  custom:scripting/monoscript/fileName/NavMeshModifierVolume.cs: 8dc531216c72b86c60b86e16ff3da10b -> 
  custom:scripting/monoscript/fileName/NavMeshUpdaterUtility.cs: 5eb03802e6dba19b3e13aaf384805cac -> 
  custom:scripting/monoscript/fileName/NavigationPreferences.cs: ada9399a4f085d4c824cc06527e7fcae -> 
  custom:scripting/monoscript/fileName/NavMeshUpdaterEditor.cs: 169704080eda430978bba61ddedeb304 -> 
  custom:scripting/precompiled-assembly-types:Unity.AI.Navigation.Editor.ConversionSystem: 27c718e5de2659aeeb663e092dc21158 -> 
  custom:scripting/monoscript/fileName/NavMeshModifierEditor.cs: b8675d28116f43f78881455a7301fe8c -> 
  custom:container-muxer-webm: aa71ff27fc2769a1b78a27578f13a17b -> 
  custom:video-decoder-webm-vp8: 9c59270c3fd7afecdb556c50c9e8de78 -> 
  custom:scripting/precompiled-assembly-types:Unity.AI.Navigation.Editor: 7eaf38f66973fde07200cf372b24130e -> 
  custom:scripting/monoscript/fileName/HelpUrls.cs: c1a90585e3e9c9d25f58f9141655f24f -> 
  custom:scripting/monoscript/fileName/EditorStyles.cs: 86b9f4d8fe570a8d8295bfc466c975cf -> 
  custom:SearchIndexIgnoredProperties: e643bd26f0fe6173181afceb89e7c659 -> 
  custom:scripting/precompiled-assembly-types:Unity.AI.Navigation.Updater: d2095ddf03fd615830d6dacf5841450d -> 
  custom:scripting/monoscript/fileName/NavMeshLinkEditor.cs: aed8ae070d922149bb2ba3de06889ff6 -> 
  custom:AudioImporter_EditorPlatform: d09bf68614088b80899f8185d706f6e7 -> 
  custom:scripting/monoscript/fileName/NavMeshModifier.cs: 99ae5ed91bb784edc4f8312d7de046da -> 
  custom:scripting/monoscript/fileName/NavMashAvoider.cs: 599595d5a460521efccc45d4c2a8d20f -> 
  custom:scripting/monoscript/fileName/NavMeshSceneConverter.cs: baf486a1c1cdf03a3111dd113d13c2f4 -> 
  custom:scripting/monoscript/fileName/SystemConverterContainer.cs: eb4026ea01a117ce0888f693e9eed2cd -> 
  custom:scripting/monoscript/fileName/NavMeshLink.cs: 0b3d0eeb07ab57d259e8f9365538df09 -> 
  custom:scripting/monoscript/fileName/ObsoleteNavigationWindowMenuEntry.cs: c7f73386e6473f401a8e4151cac4e1e5 -> 
  custom:scripting/monoscript/fileName/InitializeConverterContext.cs: a97e19589a5774cdc2a34a28caea355f -> 
  custom:scripting/monoscript/fileName/SystemConverter.cs: c748d1769fc66e95256254a1cc1497f3 -> 
  custom:video-encoder-webm-vp8: eb34c28f22e8b96e1ab97ce403110664 -> 
  custom:audio-decoder-ogg-vorbis: bf7c407c2cedff20999df2af8eb42d56 -> 
  custom:scripting/monoscript/fileName/RunItemContext.cs: 338b2243183036c2b60f94c1b5e817c5 -> 
  custom:audio-encoder-webm-vorbis: bf7c407c2cedff20999df2af8eb42d56 -> 
  custom:scripting/monoscript/fileName/PoissonDiskSampler.cs: 52180e748fc5bf68fb8a4b4e27682930 -> 
  custom:scripting/precompiled-assembly-types:Assembly-CSharp: 3f98ddd85cb817bc4ad21a4bb19b2474 -> e66928de38364bb08ef9436b3612de99
  custom:scripting/monoscript/fileName/SystemConvertersEditor.cs: c127c1335f24b77ca70195bf2136c6a2 -> 
========================================================================
Received Prepare
Caller must complete domain reload
Begin MonoManager ReloadAssembly
- Loaded All Assemblies, in  0.245 seconds
Native extension for WindowsStandalone target not found
Mono: successfully reloaded assembly
- Finished resetting the current domain, in  0.512 seconds
Domain Reload Profiling: 757ms
	BeginReloadAssembly (85ms)
		ExecutionOrderSort (0ms)
		DisableScriptedObjects (3ms)
		BackupInstance (0ms)
		ReleaseScriptingObjects (0ms)
		CreateAndSetChildDomain (16ms)
	RebuildCommonClasses (18ms)
	RebuildNativeTypeToScriptingClass (5ms)
	initialDomainReloadingComplete (14ms)
	LoadAllAssembliesAndSetupDomain (123ms)
		LoadAssemblies (153ms)
		RebuildTransferFunctionScriptingTraits (0ms)
		AnalyzeDomain (15ms)
			TypeCache.Refresh (6ms)
				TypeCache.ScanAssembly (0ms)
			ScanForSourceGeneratedMonoScriptInfo (4ms)
			ResolveRequiredComponents (3ms)
	FinalizeReload (512ms)
		ReleaseScriptCaches (0ms)
		RebuildScriptCaches (0ms)
		SetupLoadedEditorAssemblies (217ms)
			LogAssemblyErrors (0ms)
			InitializePlatformSupportModulesInManaged (3ms)
			SetLoadedEditorAssemblies (2ms)
			RefreshPlugins (0ms)
			BeforeProcessingInitializeOnLoad (34ms)
			ProcessInitializeOnLoadAttributes (167ms)
			ProcessInitializeOnLoadMethodAttributes (11ms)
			AfterProcessingInitializeOnLoad (1ms)
			EditorAssembliesLoaded (0ms)
		ExecutionOrderSort2 (0ms)
		AwakeInstancesAfterBackupRestoration (4ms)
Refreshing native plugins compatible for Editor in 2.15 ms, found 3 plugins.
Preloading 0 native plugins for Editor in 0.00 ms.
Unloading 3436 Unused Serialized files (Serialized files now loaded: 0)
Unloading 16 unused Assets / (100.3 KB). Loaded Objects now: 4419.
Memory consumption went from 126.5 MB to 126.4 MB.
Total: 1.920600 ms (FindLiveObjects: 0.155000 ms CreateObjectMapping: 0.043300 ms MarkObjects: 1.686700 ms  DeleteObjects: 0.034900 ms)

Prepare: number of updated asset objects reloaded= 0
AssetImportParameters requested are different than current active one (requested -> active):
  custom:scripting/monoscript/fileName/NavMeshSurface.cs: 34aebd278d8d3d5db6b23265b9c700f9 -> 
  custom:scripting/precompiled-assembly-types:Unity.AI.Navigation: 5d8fa505e3253b9a2a456e2c28a1afb3 -> 
  custom:container-demuxer-ogg: 62fdf1f143b41e24485cea50d1cbac27 -> 
  custom:scripting/monoscript/fileName/NavMeshModifierVolumeEditor.cs: 262a50135a116189426aa01c964a744c -> 
  custom:scripting/monoscript/fileName/NavigationOverlay.cs: 2744f4e7946ebbb71339c9b1ce538d00 -> 
  custom:scripting/monoscript/fileName/ConverterItemDescriptor.cs: 8182050d34c5cb602eb7913435a7abee -> 
  custom:video-codec-MediaFoundation-h265: 746d11721c4dcdbdad8f713fa42b33f4 -> 
  custom:scripting/monoscript/fileName/BuiltInToNavMeshSurfaceConverterContainer.cs: c40a906f9f99ea8a6c5aaa215767017f -> 
  custom:video-decoder-ogg-theora: a1e56fd34408186e4bbccfd4996cb3dc -> 
  custom:framework-win-MediaFoundation: 216162199b28c13a410421893ffa2e32 -> 
  custom:scripting/monoscript/fileName/NavigationWindow.cs: 7884404b71178f59d8819c380b951d7c -> 
  custom:scripting/monoscript/fileName/NavMeshComponentsGUIUtility.cs: 08c52049b94db52661003d42fda4ecff -> 
  custom:scripting/monoscript/fileName/ConverterItemInfo.cs: 9fb131dfa28a9ed6b6d00fd9cf83ece4 -> 
  custom:CustomObjectIndexerAttribute: 9a22284fe3817be447336de3de66b15e -> 
  custom:scripting/monoscript/fileName/NavMeshAssetManager.cs: 79eb4858c2054289cd611249ab36b0a5 -> 
  custom:scripting/monoscript/fileName/NavMeshSurfaceEditor.cs: adb1294e971eab992abc2e3e7e051565 -> 
  custom:container-demuxer-webm: 4f35f7cbe854078d1ac9338744f61a02 -> 
  custom:scripting/monoscript/fileName/NavMeshModifierVolume.cs: 8dc531216c72b86c60b86e16ff3da10b -> 
  custom:scripting/monoscript/fileName/NavMeshUpdaterUtility.cs: 5eb03802e6dba19b3e13aaf384805cac -> 
  custom:scripting/monoscript/fileName/NavigationPreferences.cs: ada9399a4f085d4c824cc06527e7fcae -> 
  custom:scripting/monoscript/fileName/NavMeshUpdaterEditor.cs: 169704080eda430978bba61ddedeb304 -> 
  custom:scripting/precompiled-assembly-types:Unity.AI.Navigation.Editor.ConversionSystem: 27c718e5de2659aeeb663e092dc21158 -> 
  custom:scripting/monoscript/fileName/NavMeshModifierEditor.cs: b8675d28116f43f78881455a7301fe8c -> 
  custom:container-muxer-webm: aa71ff27fc2769a1b78a27578f13a17b -> 
  custom:video-decoder-webm-vp8: 9c59270c3fd7afecdb556c50c9e8de78 -> 
  custom:scripting/precompiled-assembly-types:Unity.AI.Navigation.Editor: 7eaf38f66973fde07200cf372b24130e -> 
  custom:scripting/monoscript/fileName/HelpUrls.cs: c1a90585e3e9c9d25f58f9141655f24f -> 
  custom:scripting/monoscript/fileName/EditorStyles.cs: 86b9f4d8fe570a8d8295bfc466c975cf -> 
  custom:SearchIndexIgnoredProperties: e643bd26f0fe6173181afceb89e7c659 -> 
  custom:scripting/precompiled-assembly-types:Unity.AI.Navigation.Updater: d2095ddf03fd615830d6dacf5841450d -> 
  custom:scripting/monoscript/fileName/NavMeshLinkEditor.cs: aed8ae070d922149bb2ba3de06889ff6 -> 
  custom:AudioImporter_EditorPlatform: d09bf68614088b80899f8185d706f6e7 -> 
  custom:scripting/monoscript/fileName/NavMeshModifier.cs: 99ae5ed91bb784edc4f8312d7de046da -> 
  custom:scripting/monoscript/fileName/NavMashAvoider.cs: 599595d5a460521efccc45d4c2a8d20f -> 
  custom:scripting/monoscript/fileName/NavMeshSceneConverter.cs: baf486a1c1cdf03a3111dd113d13c2f4 -> 
  custom:scripting/monoscript/fileName/SystemConverterContainer.cs: eb4026ea01a117ce0888f693e9eed2cd -> 
  custom:scripting/monoscript/fileName/NavMeshLink.cs: 0b3d0eeb07ab57d259e8f9365538df09 -> 
  custom:scripting/monoscript/fileName/ObsoleteNavigationWindowMenuEntry.cs: c7f73386e6473f401a8e4151cac4e1e5 -> 
  custom:scripting/monoscript/fileName/InitializeConverterContext.cs: a97e19589a5774cdc2a34a28caea355f -> 
  custom:scripting/monoscript/fileName/SystemConverter.cs: c748d1769fc66e95256254a1cc1497f3 -> 
  custom:video-encoder-webm-vp8: eb34c28f22e8b96e1ab97ce403110664 -> 
  custom:audio-decoder-ogg-vorbis: bf7c407c2cedff20999df2af8eb42d56 -> 
  custom:scripting/monoscript/fileName/RunItemContext.cs: 338b2243183036c2b60f94c1b5e817c5 -> 
  custom:audio-encoder-webm-vorbis: bf7c407c2cedff20999df2af8eb42d56 -> 
  custom:scripting/monoscript/fileName/PoissonDiskSampler.cs: 52180e748fc5bf68fb8a4b4e27682930 -> 
  custom:scripting/precompiled-assembly-types:Assembly-CSharp: 2df12c1cc141295cfeb17ded0fd01b12 -> e66928de38364bb08ef9436b3612de99
  custom:scripting/monoscript/fileName/SystemConvertersEditor.cs: c127c1335f24b77ca70195bf2136c6a2 -> 
========================================================================
Received Prepare
Caller must complete domain reload
Begin MonoManager ReloadAssembly
- Loaded All Assemblies, in  0.258 seconds
Native extension for WindowsStandalone target not found
Mono: successfully reloaded assembly
- Finished resetting the current domain, in  0.504 seconds
Domain Reload Profiling: 762ms
	BeginReloadAssembly (84ms)
		ExecutionOrderSort (0ms)
		DisableScriptedObjects (3ms)
		BackupInstance (0ms)
		ReleaseScriptingObjects (0ms)
		CreateAndSetChildDomain (15ms)
	RebuildCommonClasses (18ms)
	RebuildNativeTypeToScriptingClass (6ms)
	initialDomainReloadingComplete (14ms)
	LoadAllAssembliesAndSetupDomain (135ms)
		LoadAssemblies (162ms)
		RebuildTransferFunctionScriptingTraits (0ms)
		AnalyzeDomain (19ms)
			TypeCache.Refresh (7ms)
				TypeCache.ScanAssembly (0ms)
			ScanForSourceGeneratedMonoScriptInfo (6ms)
			ResolveRequiredComponents (4ms)
	FinalizeReload (504ms)
		ReleaseScriptCaches (0ms)
		RebuildScriptCaches (0ms)
		SetupLoadedEditorAssemblies (212ms)
			LogAssemblyErrors (0ms)
			InitializePlatformSupportModulesInManaged (3ms)
			SetLoadedEditorAssemblies (2ms)
			RefreshPlugins (0ms)
			BeforeProcessingInitializeOnLoad (31ms)
			ProcessInitializeOnLoadAttributes (165ms)
			ProcessInitializeOnLoadMethodAttributes (10ms)
			AfterProcessingInitializeOnLoad (1ms)
			EditorAssembliesLoaded (0ms)
		ExecutionOrderSort2 (0ms)
		AwakeInstancesAfterBackupRestoration (4ms)
Refreshing native plugins compatible for Editor in 2.68 ms, found 3 plugins.
Preloading 0 native plugins for Editor in 0.00 ms.
Unloading 3436 Unused Serialized files (Serialized files now loaded: 0)
Unloading 15 unused Assets / (99.8 KB). Loaded Objects now: 4434.
Memory consumption went from 126.5 MB to 126.4 MB.
Total: 1.737900 ms (FindLiveObjects: 0.154500 ms CreateObjectMapping: 0.053300 ms MarkObjects: 1.494400 ms  DeleteObjects: 0.035000 ms)

Prepare: number of updated asset objects reloaded= 0
AssetImportParameters requested are different than current active one (requested -> active):
  custom:scripting/monoscript/fileName/NavMeshSurface.cs: 34aebd278d8d3d5db6b23265b9c700f9 -> 
  custom:scripting/precompiled-assembly-types:Unity.AI.Navigation: 5d8fa505e3253b9a2a456e2c28a1afb3 -> 
  custom:container-demuxer-ogg: 62fdf1f143b41e24485cea50d1cbac27 -> 
  custom:scripting/monoscript/fileName/NavMeshModifierVolumeEditor.cs: 262a50135a116189426aa01c964a744c -> 
  custom:scripting/monoscript/fileName/NavigationOverlay.cs: 2744f4e7946ebbb71339c9b1ce538d00 -> 
  custom:scripting/monoscript/fileName/ConverterItemDescriptor.cs: 8182050d34c5cb602eb7913435a7abee -> 
  custom:video-codec-MediaFoundation-h265: 746d11721c4dcdbdad8f713fa42b33f4 -> 
  custom:scripting/monoscript/fileName/BuiltInToNavMeshSurfaceConverterContainer.cs: c40a906f9f99ea8a6c5aaa215767017f -> 
  custom:video-decoder-ogg-theora: a1e56fd34408186e4bbccfd4996cb3dc -> 
  custom:framework-win-MediaFoundation: 216162199b28c13a410421893ffa2e32 -> 
  custom:scripting/monoscript/fileName/NavigationWindow.cs: 7884404b71178f59d8819c380b951d7c -> 
  custom:scripting/monoscript/fileName/NavMeshComponentsGUIUtility.cs: 08c52049b94db52661003d42fda4ecff -> 
  custom:scripting/monoscript/fileName/ConverterItemInfo.cs: 9fb131dfa28a9ed6b6d00fd9cf83ece4 -> 
  custom:CustomObjectIndexerAttribute: 9a22284fe3817be447336de3de66b15e -> 
  custom:scripting/monoscript/fileName/NavMeshAssetManager.cs: 79eb4858c2054289cd611249ab36b0a5 -> 
  custom:scripting/monoscript/fileName/NavMeshSurfaceEditor.cs: adb1294e971eab992abc2e3e7e051565 -> 
  custom:container-demuxer-webm: 4f35f7cbe854078d1ac9338744f61a02 -> 
  custom:scripting/monoscript/fileName/NavMeshModifierVolume.cs: 8dc531216c72b86c60b86e16ff3da10b -> 
  custom:scripting/monoscript/fileName/NavMeshUpdaterUtility.cs: 5eb03802e6dba19b3e13aaf384805cac -> 
  custom:scripting/monoscript/fileName/NavigationPreferences.cs: ada9399a4f085d4c824cc06527e7fcae -> 
  custom:scripting/monoscript/fileName/NavMeshUpdaterEditor.cs: 169704080eda430978bba61ddedeb304 -> 
  custom:scripting/precompiled-assembly-types:Unity.AI.Navigation.Editor.ConversionSystem: 27c718e5de2659aeeb663e092dc21158 -> 
  custom:scripting/monoscript/fileName/NavMeshModifierEditor.cs: b8675d28116f43f78881455a7301fe8c -> 
  custom:container-muxer-webm: aa71ff27fc2769a1b78a27578f13a17b -> 
  custom:video-decoder-webm-vp8: 9c59270c3fd7afecdb556c50c9e8de78 -> 
  custom:scripting/precompiled-assembly-types:Unity.AI.Navigation.Editor: 7eaf38f66973fde07200cf372b24130e -> 
  custom:scripting/monoscript/fileName/HelpUrls.cs: c1a90585e3e9c9d25f58f9141655f24f -> 
  custom:scripting/monoscript/fileName/EditorStyles.cs: 86b9f4d8fe570a8d8295bfc466c975cf -> 
  custom:SearchIndexIgnoredProperties: e643bd26f0fe6173181afceb89e7c659 -> 
  custom:scripting/precompiled-assembly-types:Unity.AI.Navigation.Updater: d2095ddf03fd615830d6dacf5841450d -> 
  custom:scripting/monoscript/fileName/NavMeshLinkEditor.cs: aed8ae070d922149bb2ba3de06889ff6 -> 
  custom:AudioImporter_EditorPlatform: d09bf68614088b80899f8185d706f6e7 -> 
  custom:scripting/monoscript/fileName/NavMeshModifier.cs: 99ae5ed91bb784edc4f8312d7de046da -> 
  custom:scripting/monoscript/fileName/NavMashAvoider.cs: 599595d5a460521efccc45d4c2a8d20f -> 
  custom:scripting/monoscript/fileName/NavMeshSceneConverter.cs: baf486a1c1cdf03a3111dd113d13c2f4 -> 
  custom:scripting/monoscript/fileName/SystemConverterContainer.cs: eb4026ea01a117ce0888f693e9eed2cd -> 
  custom:scripting/monoscript/fileName/NavMeshLink.cs: 0b3d0eeb07ab57d259e8f9365538df09 -> 
  custom:scripting/monoscript/fileName/ObsoleteNavigationWindowMenuEntry.cs: c7f73386e6473f401a8e4151cac4e1e5 -> 
  custom:scripting/monoscript/fileName/InitializeConverterContext.cs: a97e19589a5774cdc2a34a28caea355f -> 
  custom:scripting/monoscript/fileName/SystemConverter.cs: c748d1769fc66e95256254a1cc1497f3 -> 
  custom:video-encoder-webm-vp8: eb34c28f22e8b96e1ab97ce403110664 -> 
  custom:audio-decoder-ogg-vorbis: bf7c407c2cedff20999df2af8eb42d56 -> 
  custom:scripting/monoscript/fileName/RunItemContext.cs: 338b2243183036c2b60f94c1b5e817c5 -> 
  custom:audio-encoder-webm-vorbis: bf7c407c2cedff20999df2af8eb42d56 -> 
  custom:scripting/monoscript/fileName/PoissonDiskSampler.cs: 52180e748fc5bf68fb8a4b4e27682930 -> 
  custom:scripting/precompiled-assembly-types:Assembly-CSharp: 2df12c1cc141295cfeb17ded0fd01b12 -> e66928de38364bb08ef9436b3612de99
  custom:scripting/monoscript/fileName/SystemConvertersEditor.cs: c127c1335f24b77ca70195bf2136c6a2 -> 
========================================================================
Received Prepare
Caller must complete domain reload
Begin MonoManager ReloadAssembly
- Loaded All Assemblies, in  0.492 seconds
Native extension for WindowsStandalone target not found
Mono: successfully reloaded assembly
- Finished resetting the current domain, in  1.015 seconds
Domain Reload Profiling: 1505ms
	BeginReloadAssembly (173ms)
		ExecutionOrderSort (0ms)
		DisableScriptedObjects (8ms)
		BackupInstance (0ms)
		ReleaseScriptingObjects (0ms)
		CreateAndSetChildDomain (29ms)
	RebuildCommonClasses (31ms)
	RebuildNativeTypeToScriptingClass (11ms)
	initialDomainReloadingComplete (24ms)
	LoadAllAssembliesAndSetupDomain (250ms)
		LoadAssemblies (319ms)
		RebuildTransferFunctionScriptingTraits (0ms)
		AnalyzeDomain (30ms)
			TypeCache.Refresh (14ms)
				TypeCache.ScanAssembly (0ms)
			ScanForSourceGeneratedMonoScriptInfo (6ms)
			ResolveRequiredComponents (7ms)
	FinalizeReload (1016ms)
		ReleaseScriptCaches (0ms)
		RebuildScriptCaches (0ms)
		SetupLoadedEditorAssemblies (395ms)
			LogAssemblyErrors (0ms)
			InitializePlatformSupportModulesInManaged (5ms)
			SetLoadedEditorAssemblies (3ms)
			RefreshPlugins (0ms)
			BeforeProcessingInitializeOnLoad (58ms)
			ProcessInitializeOnLoadAttributes (308ms)
			ProcessInitializeOnLoadMethodAttributes (18ms)
			AfterProcessingInitializeOnLoad (3ms)
			EditorAssembliesLoaded (0ms)
		ExecutionOrderSort2 (0ms)
		AwakeInstancesAfterBackupRestoration (7ms)
Refreshing native plugins compatible for Editor in 4.74 ms, found 3 plugins.
Preloading 0 native plugins for Editor in 0.00 ms.
Unloading 3436 Unused Serialized files (Serialized files now loaded: 0)
Unloading 15 unused Assets / (99.8 KB). Loaded Objects now: 4449.
Memory consumption went from 126.5 MB to 126.4 MB.
Total: 3.114500 ms (FindLiveObjects: 0.271200 ms CreateObjectMapping: 0.081300 ms MarkObjects: 2.696400 ms  DeleteObjects: 0.064900 ms)

Prepare: number of updated asset objects reloaded= 0
AssetImportParameters requested are different than current active one (requested -> active):
  custom:scripting/monoscript/fileName/NavMeshSurface.cs: 34aebd278d8d3d5db6b23265b9c700f9 -> 
  custom:scripting/precompiled-assembly-types:Unity.AI.Navigation: 5d8fa505e3253b9a2a456e2c28a1afb3 -> 
  custom:container-demuxer-ogg: 62fdf1f143b41e24485cea50d1cbac27 -> 
  custom:scripting/monoscript/fileName/NavMeshModifierVolumeEditor.cs: 262a50135a116189426aa01c964a744c -> 
  custom:scripting/monoscript/fileName/NavigationOverlay.cs: 2744f4e7946ebbb71339c9b1ce538d00 -> 
  custom:scripting/monoscript/fileName/ConverterItemDescriptor.cs: 8182050d34c5cb602eb7913435a7abee -> 
  custom:video-codec-MediaFoundation-h265: 746d11721c4dcdbdad8f713fa42b33f4 -> 
  custom:scripting/monoscript/fileName/BuiltInToNavMeshSurfaceConverterContainer.cs: c40a906f9f99ea8a6c5aaa215767017f -> 
  custom:video-decoder-ogg-theora: a1e56fd34408186e4bbccfd4996cb3dc -> 
  custom:framework-win-MediaFoundation: 216162199b28c13a410421893ffa2e32 -> 
  custom:scripting/monoscript/fileName/NavigationWindow.cs: 7884404b71178f59d8819c380b951d7c -> 
  custom:scripting/monoscript/fileName/NavMeshComponentsGUIUtility.cs: 08c52049b94db52661003d42fda4ecff -> 
  custom:scripting/monoscript/fileName/ConverterItemInfo.cs: 9fb131dfa28a9ed6b6d00fd9cf83ece4 -> 
  custom:CustomObjectIndexerAttribute: 9a22284fe3817be447336de3de66b15e -> 
  custom:scripting/monoscript/fileName/NavMeshAssetManager.cs: 79eb4858c2054289cd611249ab36b0a5 -> 
  custom:scripting/monoscript/fileName/NavMeshSurfaceEditor.cs: adb1294e971eab992abc2e3e7e051565 -> 
  custom:container-demuxer-webm: 4f35f7cbe854078d1ac9338744f61a02 -> 
  custom:scripting/monoscript/fileName/NavMeshModifierVolume.cs: 8dc531216c72b86c60b86e16ff3da10b -> 
  custom:scripting/monoscript/fileName/NavMeshUpdaterUtility.cs: 5eb03802e6dba19b3e13aaf384805cac -> 
  custom:scripting/monoscript/fileName/NavigationPreferences.cs: ada9399a4f085d4c824cc06527e7fcae -> 
  custom:scripting/monoscript/fileName/NavMeshUpdaterEditor.cs: 169704080eda430978bba61ddedeb304 -> 
  custom:scripting/precompiled-assembly-types:Unity.AI.Navigation.Editor.ConversionSystem: 27c718e5de2659aeeb663e092dc21158 -> 
  custom:scripting/monoscript/fileName/NavMeshModifierEditor.cs: b8675d28116f43f78881455a7301fe8c -> 
  custom:container-muxer-webm: aa71ff27fc2769a1b78a27578f13a17b -> 
  custom:video-decoder-webm-vp8: 9c59270c3fd7afecdb556c50c9e8de78 -> 
  custom:scripting/precompiled-assembly-types:Unity.AI.Navigation.Editor: 7eaf38f66973fde07200cf372b24130e -> 
  custom:scripting/monoscript/fileName/HelpUrls.cs: c1a90585e3e9c9d25f58f9141655f24f -> 
  custom:scripting/monoscript/fileName/EditorStyles.cs: 86b9f4d8fe570a8d8295bfc466c975cf -> 
  custom:SearchIndexIgnoredProperties: e643bd26f0fe6173181afceb89e7c659 -> 
  custom:scripting/precompiled-assembly-types:Unity.AI.Navigation.Updater: d2095ddf03fd615830d6dacf5841450d -> 
  custom:scripting/monoscript/fileName/NavMeshLinkEditor.cs: aed8ae070d922149bb2ba3de06889ff6 -> 
  custom:AudioImporter_EditorPlatform: d09bf68614088b80899f8185d706f6e7 -> 
  custom:scripting/monoscript/fileName/NavMeshModifier.cs: 99ae5ed91bb784edc4f8312d7de046da -> 
  custom:scripting/monoscript/fileName/NavMashAvoider.cs: 599595d5a460521efccc45d4c2a8d20f -> 
  custom:scripting/monoscript/fileName/NavMeshSceneConverter.cs: baf486a1c1cdf03a3111dd113d13c2f4 -> 
  custom:scripting/monoscript/fileName/SystemConverterContainer.cs: eb4026ea01a117ce0888f693e9eed2cd -> 
  custom:scripting/monoscript/fileName/NavMeshLink.cs: 0b3d0eeb07ab57d259e8f9365538df09 -> 
  custom:scripting/monoscript/fileName/ObsoleteNavigationWindowMenuEntry.cs: c7f73386e6473f401a8e4151cac4e1e5 -> 
  custom:scripting/monoscript/fileName/InitializeConverterContext.cs: a97e19589a5774cdc2a34a28caea355f -> 
  custom:scripting/monoscript/fileName/SystemConverter.cs: c748d1769fc66e95256254a1cc1497f3 -> 
  custom:video-encoder-webm-vp8: eb34c28f22e8b96e1ab97ce403110664 -> 
  custom:audio-decoder-ogg-vorbis: bf7c407c2cedff20999df2af8eb42d56 -> 
  custom:scripting/monoscript/fileName/RunItemContext.cs: 338b2243183036c2b60f94c1b5e817c5 -> 
  custom:audio-encoder-webm-vorbis: bf7c407c2cedff20999df2af8eb42d56 -> 
  custom:scripting/monoscript/fileName/PoissonDiskSampler.cs: e0fa2bddc182a08287f43dd26a2855c7 -> 
  custom:scripting/precompiled-assembly-types:Assembly-CSharp: 5ff8d482ec93e6018447088b35c0b250 -> e66928de38364bb08ef9436b3612de99
  custom:scripting/monoscript/fileName/SystemConvertersEditor.cs: c127c1335f24b77ca70195bf2136c6a2 -> 
========================================================================
Received Prepare
Caller must complete domain reload
Begin MonoManager ReloadAssembly
- Loaded All Assemblies, in  0.458 seconds
Native extension for WindowsStandalone target not found
Mono: successfully reloaded assembly
- Finished resetting the current domain, in  1.073 seconds
Domain Reload Profiling: 1527ms
	BeginReloadAssembly (142ms)
		ExecutionOrderSort (0ms)
		DisableScriptedObjects (8ms)
		BackupInstance (0ms)
		ReleaseScriptingObjects (0ms)
		CreateAndSetChildDomain (32ms)
	RebuildCommonClasses (30ms)
	RebuildNativeTypeToScriptingClass (11ms)
	initialDomainReloadingComplete (28ms)
	LoadAllAssembliesAndSetupDomain (244ms)
		LoadAssemblies (302ms)
		RebuildTransferFunctionScriptingTraits (0ms)
		AnalyzeDomain (23ms)
			TypeCache.Refresh (8ms)
				TypeCache.ScanAssembly (0ms)
			ScanForSourceGeneratedMonoScriptInfo (7ms)
			ResolveRequiredComponents (6ms)
	FinalizeReload (1073ms)
		ReleaseScriptCaches (0ms)
		RebuildScriptCaches (0ms)
		SetupLoadedEditorAssemblies (388ms)
			LogAssemblyErrors (0ms)
			InitializePlatformSupportModulesInManaged (5ms)
			SetLoadedEditorAssemblies (3ms)
			RefreshPlugins (0ms)
			BeforeProcessingInitializeOnLoad (55ms)
			ProcessInitializeOnLoadAttributes (303ms)
			ProcessInitializeOnLoadMethodAttributes (18ms)
			AfterProcessingInitializeOnLoad (3ms)
			EditorAssembliesLoaded (0ms)
		ExecutionOrderSort2 (0ms)
		AwakeInstancesAfterBackupRestoration (8ms)
Refreshing native plugins compatible for Editor in 7.14 ms, found 3 plugins.
Preloading 0 native plugins for Editor in 0.00 ms.
Unloading 3436 Unused Serialized files (Serialized files now loaded: 0)
Unloading 15 unused Assets / (99.9 KB). Loaded Objects now: 4464.
Memory consumption went from 126.5 MB to 126.4 MB.
Total: 4.210700 ms (FindLiveObjects: 0.249800 ms CreateObjectMapping: 0.083000 ms MarkObjects: 3.828800 ms  DeleteObjects: 0.048300 ms)

Prepare: number of updated asset objects reloaded= 0
AssetImportParameters requested are different than current active one (requested -> active):
  custom:scripting/monoscript/fileName/NavMeshSurface.cs: 34aebd278d8d3d5db6b23265b9c700f9 -> 
  custom:scripting/precompiled-assembly-types:Unity.AI.Navigation: 5d8fa505e3253b9a2a456e2c28a1afb3 -> 
  custom:container-demuxer-ogg: 62fdf1f143b41e24485cea50d1cbac27 -> 
  custom:scripting/monoscript/fileName/NavMeshModifierVolumeEditor.cs: 262a50135a116189426aa01c964a744c -> 
  custom:scripting/monoscript/fileName/NavigationOverlay.cs: 2744f4e7946ebbb71339c9b1ce538d00 -> 
  custom:scripting/monoscript/fileName/ConverterItemDescriptor.cs: 8182050d34c5cb602eb7913435a7abee -> 
  custom:video-codec-MediaFoundation-h265: 746d11721c4dcdbdad8f713fa42b33f4 -> 
  custom:scripting/monoscript/fileName/BuiltInToNavMeshSurfaceConverterContainer.cs: c40a906f9f99ea8a6c5aaa215767017f -> 
  custom:video-decoder-ogg-theora: a1e56fd34408186e4bbccfd4996cb3dc -> 
  custom:framework-win-MediaFoundation: 216162199b28c13a410421893ffa2e32 -> 
  custom:scripting/monoscript/fileName/NavigationWindow.cs: 7884404b71178f59d8819c380b951d7c -> 
  custom:scripting/monoscript/fileName/NavMeshComponentsGUIUtility.cs: 08c52049b94db52661003d42fda4ecff -> 
  custom:scripting/monoscript/fileName/ConverterItemInfo.cs: 9fb131dfa28a9ed6b6d00fd9cf83ece4 -> 
  custom:CustomObjectIndexerAttribute: 9a22284fe3817be447336de3de66b15e -> 
  custom:scripting/monoscript/fileName/NavMeshAssetManager.cs: 79eb4858c2054289cd611249ab36b0a5 -> 
  custom:scripting/monoscript/fileName/NavMeshSurfaceEditor.cs: adb1294e971eab992abc2e3e7e051565 -> 
  custom:container-demuxer-webm: 4f35f7cbe854078d1ac9338744f61a02 -> 
  custom:scripting/monoscript/fileName/NavMeshModifierVolume.cs: 8dc531216c72b86c60b86e16ff3da10b -> 
  custom:scripting/monoscript/fileName/NavMeshUpdaterUtility.cs: 5eb03802e6dba19b3e13aaf384805cac -> 
  custom:scripting/monoscript/fileName/NavigationPreferences.cs: ada9399a4f085d4c824cc06527e7fcae -> 
  custom:scripting/monoscript/fileName/NavMeshUpdaterEditor.cs: 169704080eda430978bba61ddedeb304 -> 
  custom:scripting/precompiled-assembly-types:Unity.AI.Navigation.Editor.ConversionSystem: 27c718e5de2659aeeb663e092dc21158 -> 
  custom:scripting/monoscript/fileName/NavMeshModifierEditor.cs: b8675d28116f43f78881455a7301fe8c -> 
  custom:container-muxer-webm: aa71ff27fc2769a1b78a27578f13a17b -> 
  custom:video-decoder-webm-vp8: 9c59270c3fd7afecdb556c50c9e8de78 -> 
  custom:scripting/precompiled-assembly-types:Unity.AI.Navigation.Editor: 7eaf38f66973fde07200cf372b24130e -> 
  custom:scripting/monoscript/fileName/HelpUrls.cs: c1a90585e3e9c9d25f58f9141655f24f -> 
  custom:scripting/monoscript/fileName/EditorStyles.cs: 86b9f4d8fe570a8d8295bfc466c975cf -> 
  custom:SearchIndexIgnoredProperties: e643bd26f0fe6173181afceb89e7c659 -> 
  custom:scripting/precompiled-assembly-types:Unity.AI.Navigation.Updater: d2095ddf03fd615830d6dacf5841450d -> 
  custom:scripting/monoscript/fileName/NavMeshLinkEditor.cs: aed8ae070d922149bb2ba3de06889ff6 -> 
  custom:AudioImporter_EditorPlatform: d09bf68614088b80899f8185d706f6e7 -> 
  custom:scripting/monoscript/fileName/NavMeshModifier.cs: 99ae5ed91bb784edc4f8312d7de046da -> 
  custom:scripting/monoscript/fileName/NavMashAvoider.cs: 599595d5a460521efccc45d4c2a8d20f -> 
  custom:scripting/monoscript/fileName/NavMeshSceneConverter.cs: baf486a1c1cdf03a3111dd113d13c2f4 -> 
  custom:scripting/monoscript/fileName/SystemConverterContainer.cs: eb4026ea01a117ce0888f693e9eed2cd -> 
  custom:scripting/monoscript/fileName/NavMeshLink.cs: 0b3d0eeb07ab57d259e8f9365538df09 -> 
  custom:scripting/monoscript/fileName/ObsoleteNavigationWindowMenuEntry.cs: c7f73386e6473f401a8e4151cac4e1e5 -> 
  custom:scripting/monoscript/fileName/InitializeConverterContext.cs: a97e19589a5774cdc2a34a28caea355f -> 
  custom:scripting/monoscript/fileName/SystemConverter.cs: c748d1769fc66e95256254a1cc1497f3 -> 
  custom:video-encoder-webm-vp8: eb34c28f22e8b96e1ab97ce403110664 -> 
  custom:audio-decoder-ogg-vorbis: bf7c407c2cedff20999df2af8eb42d56 -> 
  custom:scripting/monoscript/fileName/RunItemContext.cs: 338b2243183036c2b60f94c1b5e817c5 -> 
  custom:audio-encoder-webm-vorbis: bf7c407c2cedff20999df2af8eb42d56 -> 
  custom:scripting/monoscript/fileName/PoissonDiskSampler.cs: 52180e748fc5bf68fb8a4b4e27682930 -> 
  custom:scripting/precompiled-assembly-types:Assembly-CSharp: 2df12c1cc141295cfeb17ded0fd01b12 -> e66928de38364bb08ef9436b3612de99
  custom:scripting/monoscript/fileName/SystemConvertersEditor.cs: c127c1335f24b77ca70195bf2136c6a2 -> 
========================================================================
Received Prepare
Caller must complete domain reload
Begin MonoManager ReloadAssembly
- Loaded All Assemblies, in  0.238 seconds
Native extension for WindowsStandalone target not found
Mono: successfully reloaded assembly
- Finished resetting the current domain, in  0.528 seconds
Domain Reload Profiling: 765ms
	BeginReloadAssembly (84ms)
		ExecutionOrderSort (0ms)
		DisableScriptedObjects (3ms)
		BackupInstance (0ms)
		ReleaseScriptingObjects (0ms)
		CreateAndSetChildDomain (16ms)
	RebuildCommonClasses (17ms)
	RebuildNativeTypeToScriptingClass (6ms)
	initialDomainReloadingComplete (13ms)
	LoadAllAssembliesAndSetupDomain (117ms)
		LoadAssemblies (148ms)
		RebuildTransferFunctionScriptingTraits (0ms)
		AnalyzeDomain (13ms)
			TypeCache.Refresh (5ms)
				TypeCache.ScanAssembly (0ms)
			ScanForSourceGeneratedMonoScriptInfo (4ms)
			ResolveRequiredComponents (3ms)
	FinalizeReload (528ms)
		ReleaseScriptCaches (0ms)
		RebuildScriptCaches (0ms)
		SetupLoadedEditorAssemblies (222ms)
			LogAssemblyErrors (0ms)
			InitializePlatformSupportModulesInManaged (3ms)
			SetLoadedEditorAssemblies (2ms)
			RefreshPlugins (0ms)
			BeforeProcessingInitializeOnLoad (33ms)
			ProcessInitializeOnLoadAttributes (172ms)
			ProcessInitializeOnLoadMethodAttributes (11ms)
			AfterProcessingInitializeOnLoad (1ms)
			EditorAssembliesLoaded (0ms)
		ExecutionOrderSort2 (0ms)
		AwakeInstancesAfterBackupRestoration (4ms)
Refreshing native plugins compatible for Editor in 2.40 ms, found 3 plugins.
Preloading 0 native plugins for Editor in 0.00 ms.
Unloading 3437 Unused Serialized files (Serialized files now loaded: 0)
Unloading 15 unused Assets / (99.8 KB). Loaded Objects now: 4480.
Memory consumption went from 126.6 MB to 126.5 MB.
Total: 1.803200 ms (FindLiveObjects: 0.166300 ms CreateObjectMapping: 0.053300 ms MarkObjects: 1.545800 ms  DeleteObjects: 0.036800 ms)

Prepare: number of updated asset objects reloaded= 0
AssetImportParameters requested are different than current active one (requested -> active):
  custom:scripting/monoscript/fileName/NavMeshSurface.cs: 34aebd278d8d3d5db6b23265b9c700f9 -> 
  custom:scripting/precompiled-assembly-types:Unity.AI.Navigation: 5d8fa505e3253b9a2a456e2c28a1afb3 -> 
  custom:container-demuxer-ogg: 62fdf1f143b41e24485cea50d1cbac27 -> 
  custom:scripting/monoscript/fileName/NavMeshModifierVolumeEditor.cs: 262a50135a116189426aa01c964a744c -> 
  custom:scripting/monoscript/fileName/NavigationOverlay.cs: 2744f4e7946ebbb71339c9b1ce538d00 -> 
  custom:scripting/monoscript/fileName/ConverterItemDescriptor.cs: 8182050d34c5cb602eb7913435a7abee -> 
  custom:video-codec-MediaFoundation-h265: 746d11721c4dcdbdad8f713fa42b33f4 -> 
  custom:scripting/monoscript/fileName/BuiltInToNavMeshSurfaceConverterContainer.cs: c40a906f9f99ea8a6c5aaa215767017f -> 
  custom:video-decoder-ogg-theora: a1e56fd34408186e4bbccfd4996cb3dc -> 
  custom:framework-win-MediaFoundation: 216162199b28c13a410421893ffa2e32 -> 
  custom:scripting/monoscript/fileName/NavigationWindow.cs: 7884404b71178f59d8819c380b951d7c -> 
  custom:scripting/monoscript/fileName/NavMeshComponentsGUIUtility.cs: 08c52049b94db52661003d42fda4ecff -> 
  custom:scripting/monoscript/fileName/ConverterItemInfo.cs: 9fb131dfa28a9ed6b6d00fd9cf83ece4 -> 
  custom:CustomObjectIndexerAttribute: 9a22284fe3817be447336de3de66b15e -> 
  custom:scripting/monoscript/fileName/NavMeshAssetManager.cs: 79eb4858c2054289cd611249ab36b0a5 -> 
  custom:scripting/monoscript/fileName/NavMeshSurfaceEditor.cs: adb1294e971eab992abc2e3e7e051565 -> 
  custom:container-demuxer-webm: 4f35f7cbe854078d1ac9338744f61a02 -> 
  custom:scripting/monoscript/fileName/NavMeshModifierVolume.cs: 8dc531216c72b86c60b86e16ff3da10b -> 
  custom:scripting/monoscript/fileName/NavMeshUpdaterUtility.cs: 5eb03802e6dba19b3e13aaf384805cac -> 
  custom:scripting/monoscript/fileName/NavigationPreferences.cs: ada9399a4f085d4c824cc06527e7fcae -> 
  custom:scripting/monoscript/fileName/NavMeshUpdaterEditor.cs: 169704080eda430978bba61ddedeb304 -> 
  custom:scripting/precompiled-assembly-types:Unity.AI.Navigation.Editor.ConversionSystem: 27c718e5de2659aeeb663e092dc21158 -> 
  custom:scripting/monoscript/fileName/NavMeshModifierEditor.cs: b8675d28116f43f78881455a7301fe8c -> 
  custom:container-muxer-webm: aa71ff27fc2769a1b78a27578f13a17b -> 
  custom:video-decoder-webm-vp8: 9c59270c3fd7afecdb556c50c9e8de78 -> 
  custom:scripting/precompiled-assembly-types:Unity.AI.Navigation.Editor: 7eaf38f66973fde07200cf372b24130e -> 
  custom:scripting/monoscript/fileName/HelpUrls.cs: c1a90585e3e9c9d25f58f9141655f24f -> 
  custom:scripting/monoscript/fileName/EditorStyles.cs: 86b9f4d8fe570a8d8295bfc466c975cf -> 
  custom:SearchIndexIgnoredProperties: e643bd26f0fe6173181afceb89e7c659 -> 
  custom:scripting/precompiled-assembly-types:Unity.AI.Navigation.Updater: d2095ddf03fd615830d6dacf5841450d -> 
  custom:scripting/monoscript/fileName/NavMeshLinkEditor.cs: aed8ae070d922149bb2ba3de06889ff6 -> 
  custom:AudioImporter_EditorPlatform: d09bf68614088b80899f8185d706f6e7 -> 
  custom:scripting/monoscript/fileName/NavMeshModifier.cs: 99ae5ed91bb784edc4f8312d7de046da -> 
  custom:scripting/monoscript/fileName/NavMashAvoider.cs: 599595d5a460521efccc45d4c2a8d20f -> 
  custom:scripting/monoscript/fileName/NavMeshSceneConverter.cs: baf486a1c1cdf03a3111dd113d13c2f4 -> 
  custom:scripting/monoscript/fileName/SystemConverterContainer.cs: eb4026ea01a117ce0888f693e9eed2cd -> 
  custom:scripting/monoscript/fileName/NavMeshLink.cs: 0b3d0eeb07ab57d259e8f9365538df09 -> 
  custom:scripting/monoscript/fileName/ObsoleteNavigationWindowMenuEntry.cs: c7f73386e6473f401a8e4151cac4e1e5 -> 
  custom:scripting/monoscript/fileName/InitializeConverterContext.cs: a97e19589a5774cdc2a34a28caea355f -> 
  custom:scripting/monoscript/fileName/SystemConverter.cs: c748d1769fc66e95256254a1cc1497f3 -> 
  custom:video-encoder-webm-vp8: eb34c28f22e8b96e1ab97ce403110664 -> 
  custom:audio-decoder-ogg-vorbis: bf7c407c2cedff20999df2af8eb42d56 -> 
  custom:scripting/monoscript/fileName/RunItemContext.cs: 338b2243183036c2b60f94c1b5e817c5 -> 
  custom:scripting/monoscript/fileName/Test.cs: 8289d0398bd9a051035a87365428a0e7 -> 
  custom:audio-encoder-webm-vorbis: bf7c407c2cedff20999df2af8eb42d56 -> 
  custom:scripting/monoscript/fileName/PoissonDiskSampler.cs: 52180e748fc5bf68fb8a4b4e27682930 -> 
  custom:scripting/precompiled-assembly-types:Assembly-CSharp: 29ea8aab3d1520e52c18571b4338cf0f -> e66928de38364bb08ef9436b3612de99
  custom:scripting/monoscript/fileName/SystemConvertersEditor.cs: c127c1335f24b77ca70195bf2136c6a2 -> 
========================================================================
Received Import Request.
  Time since last request: 808.876496 seconds.
  path: Assets/Test.cs
  artifactKey: Guid(1024b7820a9186e4aba261bbd21baf89) Importer(815301076,1909f56bfc062723c751e8b465ee728b)
Start importing Assets/Test.cs using Guid(1024b7820a9186e4aba261bbd21baf89) Importer(815301076,1909f56bfc062723c751e8b465ee728b) [PhysX] Initialized MultithreadedTaskDispatcher with 32 workers.
 -> (artifact id: 'b1dcfc7fce2d747e4ef23e8771131d61') in 0.004797 seconds
Number of updated asset objects reloaded before import = 0
Number of asset objects unloaded after import = 0
========================================================================
Received Prepare
Caller must complete domain reload
Begin MonoManager ReloadAssembly
- Loaded All Assemblies, in  0.245 seconds
Native extension for WindowsStandalone target not found
Mono: successfully reloaded assembly
- Finished resetting the current domain, in  0.568 seconds
Domain Reload Profiling: 813ms
	BeginReloadAssembly (86ms)
		ExecutionOrderSort (0ms)
		DisableScriptedObjects (3ms)
		BackupInstance (0ms)
		ReleaseScriptingObjects (0ms)
		CreateAndSetChildDomain (17ms)
	RebuildCommonClasses (17ms)
	RebuildNativeTypeToScriptingClass (6ms)
	initialDomainReloadingComplete (14ms)
	LoadAllAssembliesAndSetupDomain (122ms)
		LoadAssemblies (154ms)
		RebuildTransferFunctionScriptingTraits (0ms)
		AnalyzeDomain (13ms)
			TypeCache.Refresh (5ms)
				TypeCache.ScanAssembly (0ms)
			ScanForSourceGeneratedMonoScriptInfo (4ms)
			ResolveRequiredComponents (3ms)
	FinalizeReload (568ms)
		ReleaseScriptCaches (0ms)
		RebuildScriptCaches (0ms)
		SetupLoadedEditorAssemblies (216ms)
			LogAssemblyErrors (0ms)
			InitializePlatformSupportModulesInManaged (3ms)
			SetLoadedEditorAssemblies (2ms)
			RefreshPlugins (0ms)
			BeforeProcessingInitializeOnLoad (33ms)
			ProcessInitializeOnLoadAttributes (166ms)
			ProcessInitializeOnLoadMethodAttributes (11ms)
			AfterProcessingInitializeOnLoad (1ms)
			EditorAssembliesLoaded (0ms)
		ExecutionOrderSort2 (0ms)
		AwakeInstancesAfterBackupRestoration (4ms)
Refreshing native plugins compatible for Editor in 1.95 ms, found 3 plugins.
Preloading 0 native plugins for Editor in 0.00 ms.
Unloading 3435 Unused Serialized files (Serialized files now loaded: 0)
Unloading 16 unused Assets / (100.3 KB). Loaded Objects now: 4494.
Memory consumption went from 126.3 MB to 126.2 MB.
Total: 1.752700 ms (FindLiveObjects: 0.155600 ms CreateObjectMapping: 0.039100 ms MarkObjects: 1.523400 ms  DeleteObjects: 0.033900 ms)

Prepare: number of updated asset objects reloaded= 0
AssetImportParameters requested are different than current active one (requested -> active):
  custom:scripting/monoscript/fileName/NavMeshSurface.cs: 34aebd278d8d3d5db6b23265b9c700f9 -> 
  custom:scripting/precompiled-assembly-types:Unity.AI.Navigation: 5d8fa505e3253b9a2a456e2c28a1afb3 -> 
  custom:container-demuxer-ogg: 62fdf1f143b41e24485cea50d1cbac27 -> 
  custom:scripting/monoscript/fileName/NavMeshModifierVolumeEditor.cs: 262a50135a116189426aa01c964a744c -> 
  custom:scripting/monoscript/fileName/NavigationOverlay.cs: 2744f4e7946ebbb71339c9b1ce538d00 -> 
  custom:scripting/monoscript/fileName/ConverterItemDescriptor.cs: 8182050d34c5cb602eb7913435a7abee -> 
  custom:video-codec-MediaFoundation-h265: 746d11721c4dcdbdad8f713fa42b33f4 -> 
  custom:scripting/monoscript/fileName/BuiltInToNavMeshSurfaceConverterContainer.cs: c40a906f9f99ea8a6c5aaa215767017f -> 
  custom:video-decoder-ogg-theora: a1e56fd34408186e4bbccfd4996cb3dc -> 
  custom:framework-win-MediaFoundation: 216162199b28c13a410421893ffa2e32 -> 
  custom:scripting/monoscript/fileName/NavigationWindow.cs: 7884404b71178f59d8819c380b951d7c -> 
  custom:scripting/monoscript/fileName/NavMeshComponentsGUIUtility.cs: 08c52049b94db52661003d42fda4ecff -> 
  custom:scripting/monoscript/fileName/ConverterItemInfo.cs: 9fb131dfa28a9ed6b6d00fd9cf83ece4 -> 
  custom:CustomObjectIndexerAttribute: 9a22284fe3817be447336de3de66b15e -> 
  custom:scripting/monoscript/fileName/NavMeshAssetManager.cs: 79eb4858c2054289cd611249ab36b0a5 -> 
  custom:scripting/monoscript/fileName/NavMeshSurfaceEditor.cs: adb1294e971eab992abc2e3e7e051565 -> 
  custom:container-demuxer-webm: 4f35f7cbe854078d1ac9338744f61a02 -> 
  custom:scripting/monoscript/fileName/NavMeshModifierVolume.cs: 8dc531216c72b86c60b86e16ff3da10b -> 
  custom:scripting/monoscript/fileName/NavMeshUpdaterUtility.cs: 5eb03802e6dba19b3e13aaf384805cac -> 
  custom:scripting/monoscript/fileName/NavigationPreferences.cs: ada9399a4f085d4c824cc06527e7fcae -> 
  custom:scripting/monoscript/fileName/NavMeshUpdaterEditor.cs: 169704080eda430978bba61ddedeb304 -> 
  custom:scripting/precompiled-assembly-types:Unity.AI.Navigation.Editor.ConversionSystem: 27c718e5de2659aeeb663e092dc21158 -> 
  custom:scripting/monoscript/fileName/NavMeshModifierEditor.cs: b8675d28116f43f78881455a7301fe8c -> 
  custom:container-muxer-webm: aa71ff27fc2769a1b78a27578f13a17b -> 
  custom:video-decoder-webm-vp8: 9c59270c3fd7afecdb556c50c9e8de78 -> 
  custom:scripting/precompiled-assembly-types:Unity.AI.Navigation.Editor: 7eaf38f66973fde07200cf372b24130e -> 
  custom:scripting/monoscript/fileName/HelpUrls.cs: c1a90585e3e9c9d25f58f9141655f24f -> 
  custom:scripting/monoscript/fileName/EditorStyles.cs: 86b9f4d8fe570a8d8295bfc466c975cf -> 
  custom:SearchIndexIgnoredProperties: e643bd26f0fe6173181afceb89e7c659 -> 
  custom:scripting/precompiled-assembly-types:Unity.AI.Navigation.Updater: d2095ddf03fd615830d6dacf5841450d -> 
  custom:scripting/monoscript/fileName/NavMeshLinkEditor.cs: aed8ae070d922149bb2ba3de06889ff6 -> 
  custom:AudioImporter_EditorPlatform: d09bf68614088b80899f8185d706f6e7 -> 
  custom:scripting/monoscript/fileName/NavMeshModifier.cs: 99ae5ed91bb784edc4f8312d7de046da -> 
  custom:scripting/monoscript/fileName/NavMashAvoider.cs: 599595d5a460521efccc45d4c2a8d20f -> 
  custom:scripting/monoscript/fileName/NavMeshSceneConverter.cs: baf486a1c1cdf03a3111dd113d13c2f4 -> 
  custom:scripting/monoscript/fileName/SystemConverterContainer.cs: eb4026ea01a117ce0888f693e9eed2cd -> 
  custom:scripting/monoscript/fileName/NavMeshLink.cs: 0b3d0eeb07ab57d259e8f9365538df09 -> 
  custom:scripting/monoscript/fileName/ObsoleteNavigationWindowMenuEntry.cs: c7f73386e6473f401a8e4151cac4e1e5 -> 
  custom:scripting/monoscript/fileName/InitializeConverterContext.cs: a97e19589a5774cdc2a34a28caea355f -> 
  custom:scripting/monoscript/fileName/SystemConverter.cs: c748d1769fc66e95256254a1cc1497f3 -> 
  custom:video-encoder-webm-vp8: eb34c28f22e8b96e1ab97ce403110664 -> 
  custom:audio-decoder-ogg-vorbis: bf7c407c2cedff20999df2af8eb42d56 -> 
  custom:scripting/monoscript/fileName/RunItemContext.cs: 338b2243183036c2b60f94c1b5e817c5 -> 
  custom:scripting/monoscript/fileName/Test.cs: 8289d0398bd9a051035a87365428a0e7 -> 
  custom:audio-encoder-webm-vorbis: bf7c407c2cedff20999df2af8eb42d56 -> 
  custom:scripting/monoscript/fileName/PoissonDiskSampler.cs: 52180e748fc5bf68fb8a4b4e27682930 -> 
  custom:scripting/precompiled-assembly-types:Assembly-CSharp: 2df12c1cc141295cfeb17ded0fd01b12 -> e66928de38364bb08ef9436b3612de99
  custom:scripting/monoscript/fileName/SystemConvertersEditor.cs: c127c1335f24b77ca70195bf2136c6a2 -> 
========================================================================
Received Prepare
Caller must complete domain reload
Begin MonoManager ReloadAssembly
- Loaded All Assemblies, in  0.249 seconds
Native extension for WindowsStandalone target not found
Mono: successfully reloaded assembly
- Finished resetting the current domain, in  0.557 seconds
Domain Reload Profiling: 805ms
	BeginReloadAssembly (86ms)
		ExecutionOrderSort (0ms)
		DisableScriptedObjects (3ms)
		BackupInstance (0ms)
		ReleaseScriptingObjects (0ms)
		CreateAndSetChildDomain (17ms)
	RebuildCommonClasses (17ms)
	RebuildNativeTypeToScriptingClass (6ms)
	initialDomainReloadingComplete (14ms)
	LoadAllAssembliesAndSetupDomain (124ms)
		LoadAssemblies (153ms)
		RebuildTransferFunctionScriptingTraits (0ms)
		AnalyzeDomain (16ms)
			TypeCache.Refresh (5ms)
				TypeCache.ScanAssembly (0ms)
			ScanForSourceGeneratedMonoScriptInfo (5ms)
			ResolveRequiredComponents (5ms)
	FinalizeReload (557ms)
		ReleaseScriptCaches (0ms)
		RebuildScriptCaches (0ms)
		SetupLoadedEditorAssemblies (229ms)
			LogAssemblyErrors (0ms)
			InitializePlatformSupportModulesInManaged (3ms)
			SetLoadedEditorAssemblies (2ms)
			RefreshPlugins (0ms)
			BeforeProcessingInitializeOnLoad (33ms)
			ProcessInitializeOnLoadAttributes (178ms)
			ProcessInitializeOnLoadMethodAttributes (11ms)
			AfterProcessingInitializeOnLoad (1ms)
			EditorAssembliesLoaded (0ms)
		ExecutionOrderSort2 (0ms)
		AwakeInstancesAfterBackupRestoration (5ms)
Refreshing native plugins compatible for Editor in 1.94 ms, found 3 plugins.
Preloading 0 native plugins for Editor in 0.00 ms.
Unloading 3437 Unused Serialized files (Serialized files now loaded: 0)
Unloading 15 unused Assets / (99.8 KB). Loaded Objects now: 4510.
Memory consumption went from 126.6 MB to 126.5 MB.
Total: 1.771700 ms (FindLiveObjects: 0.168600 ms CreateObjectMapping: 0.051100 ms MarkObjects: 1.516500 ms  DeleteObjects: 0.035000 ms)

Prepare: number of updated asset objects reloaded= 0
AssetImportParameters requested are different than current active one (requested -> active):
  custom:scripting/monoscript/fileName/NavMeshSurface.cs: 34aebd278d8d3d5db6b23265b9c700f9 -> 
  custom:scripting/precompiled-assembly-types:Unity.AI.Navigation: 5d8fa505e3253b9a2a456e2c28a1afb3 -> 
  custom:container-demuxer-ogg: 62fdf1f143b41e24485cea50d1cbac27 -> 
  custom:scripting/monoscript/fileName/NavMeshModifierVolumeEditor.cs: 262a50135a116189426aa01c964a744c -> 
  custom:scripting/monoscript/fileName/NavigationOverlay.cs: 2744f4e7946ebbb71339c9b1ce538d00 -> 
  custom:scripting/monoscript/fileName/PoissonDiscSampling.cs: 2b9b6207abd924ee8549a290ace27cd3 -> 
  custom:scripting/monoscript/fileName/ConverterItemDescriptor.cs: 8182050d34c5cb602eb7913435a7abee -> 
  custom:video-codec-MediaFoundation-h265: 746d11721c4dcdbdad8f713fa42b33f4 -> 
  custom:scripting/monoscript/fileName/BuiltInToNavMeshSurfaceConverterContainer.cs: c40a906f9f99ea8a6c5aaa215767017f -> 
  custom:video-decoder-ogg-theora: a1e56fd34408186e4bbccfd4996cb3dc -> 
  custom:framework-win-MediaFoundation: 216162199b28c13a410421893ffa2e32 -> 
  custom:scripting/monoscript/fileName/NavigationWindow.cs: 7884404b71178f59d8819c380b951d7c -> 
  custom:scripting/monoscript/fileName/NavMeshComponentsGUIUtility.cs: 08c52049b94db52661003d42fda4ecff -> 
  custom:scripting/monoscript/fileName/ConverterItemInfo.cs: 9fb131dfa28a9ed6b6d00fd9cf83ece4 -> 
  custom:CustomObjectIndexerAttribute: 9a22284fe3817be447336de3de66b15e -> 
  custom:scripting/monoscript/fileName/NavMeshAssetManager.cs: 79eb4858c2054289cd611249ab36b0a5 -> 
  custom:scripting/monoscript/fileName/NavMeshSurfaceEditor.cs: adb1294e971eab992abc2e3e7e051565 -> 
  custom:container-demuxer-webm: 4f35f7cbe854078d1ac9338744f61a02 -> 
  custom:scripting/monoscript/fileName/NavMeshModifierVolume.cs: 8dc531216c72b86c60b86e16ff3da10b -> 
  custom:scripting/monoscript/fileName/NavMeshUpdaterUtility.cs: 5eb03802e6dba19b3e13aaf384805cac -> 
  custom:scripting/monoscript/fileName/NavigationPreferences.cs: ada9399a4f085d4c824cc06527e7fcae -> 
  custom:scripting/monoscript/fileName/NavMeshUpdaterEditor.cs: 169704080eda430978bba61ddedeb304 -> 
  custom:scripting/precompiled-assembly-types:Unity.AI.Navigation.Editor.ConversionSystem: 27c718e5de2659aeeb663e092dc21158 -> 
  custom:scripting/monoscript/fileName/NavMeshModifierEditor.cs: b8675d28116f43f78881455a7301fe8c -> 
  custom:container-muxer-webm: aa71ff27fc2769a1b78a27578f13a17b -> 
  custom:video-decoder-webm-vp8: 9c59270c3fd7afecdb556c50c9e8de78 -> 
  custom:scripting/precompiled-assembly-types:Unity.AI.Navigation.Editor: 7eaf38f66973fde07200cf372b24130e -> 
  custom:scripting/monoscript/fileName/HelpUrls.cs: c1a90585e3e9c9d25f58f9141655f24f -> 
  custom:scripting/monoscript/fileName/EditorStyles.cs: 86b9f4d8fe570a8d8295bfc466c975cf -> 
  custom:SearchIndexIgnoredProperties: e643bd26f0fe6173181afceb89e7c659 -> 
  custom:scripting/precompiled-assembly-types:Unity.AI.Navigation.Updater: d2095ddf03fd615830d6dacf5841450d -> 
  custom:scripting/monoscript/fileName/NavMeshLinkEditor.cs: aed8ae070d922149bb2ba3de06889ff6 -> 
  custom:AudioImporter_EditorPlatform: d09bf68614088b80899f8185d706f6e7 -> 
  custom:scripting/monoscript/fileName/NavMeshModifier.cs: 99ae5ed91bb784edc4f8312d7de046da -> 
  custom:scripting/monoscript/fileName/NavMashAvoider.cs: 599595d5a460521efccc45d4c2a8d20f -> 
  custom:scripting/monoscript/fileName/NavMeshSceneConverter.cs: baf486a1c1cdf03a3111dd113d13c2f4 -> 
  custom:scripting/monoscript/fileName/SystemConverterContainer.cs: eb4026ea01a117ce0888f693e9eed2cd -> 
  custom:scripting/monoscript/fileName/NavMeshLink.cs: 0b3d0eeb07ab57d259e8f9365538df09 -> 
  custom:scripting/monoscript/fileName/ObsoleteNavigationWindowMenuEntry.cs: c7f73386e6473f401a8e4151cac4e1e5 -> 
  custom:scripting/monoscript/fileName/InitializeConverterContext.cs: a97e19589a5774cdc2a34a28caea355f -> 
  custom:scripting/monoscript/fileName/SystemConverter.cs: c748d1769fc66e95256254a1cc1497f3 -> 
  custom:video-encoder-webm-vp8: eb34c28f22e8b96e1ab97ce403110664 -> 
  custom:audio-decoder-ogg-vorbis: bf7c407c2cedff20999df2af8eb42d56 -> 
  custom:scripting/monoscript/fileName/RunItemContext.cs: 338b2243183036c2b60f94c1b5e817c5 -> 
  custom:scripting/monoscript/fileName/Test.cs: 8289d0398bd9a051035a87365428a0e7 -> 
  custom:audio-encoder-webm-vorbis: bf7c407c2cedff20999df2af8eb42d56 -> 
  custom:scripting/monoscript/fileName/PoissonDiskSampler.cs: 52180e748fc5bf68fb8a4b4e27682930 -> 
  custom:scripting/precompiled-assembly-types:Assembly-CSharp: d0d7ffb7a53712d26fa61c65f0de2062 -> e66928de38364bb08ef9436b3612de99
  custom:scripting/monoscript/fileName/SystemConvertersEditor.cs: c127c1335f24b77ca70195bf2136c6a2 -> 
========================================================================
Received Prepare
Caller must complete domain reload
Begin MonoManager ReloadAssembly
- Loaded All Assemblies, in  0.460 seconds
Native extension for WindowsStandalone target not found
Mono: successfully reloaded assembly
- Finished resetting the current domain, in  1.069 seconds
Domain Reload Profiling: 1527ms
	BeginReloadAssembly (142ms)
		ExecutionOrderSort (0ms)
		DisableScriptedObjects (5ms)
		BackupInstance (0ms)
		ReleaseScriptingObjects (0ms)
		CreateAndSetChildDomain (29ms)
	RebuildCommonClasses (39ms)
	RebuildNativeTypeToScriptingClass (10ms)
	initialDomainReloadingComplete (23ms)
	LoadAllAssembliesAndSetupDomain (244ms)
		LoadAssemblies (299ms)
		RebuildTransferFunctionScriptingTraits (0ms)
		AnalyzeDomain (25ms)
			TypeCache.Refresh (9ms)
				TypeCache.ScanAssembly (0ms)
			ScanForSourceGeneratedMonoScriptInfo (7ms)
			ResolveRequiredComponents (7ms)
	FinalizeReload (1069ms)
		ReleaseScriptCaches (0ms)
		RebuildScriptCaches (0ms)
		SetupLoadedEditorAssemblies (406ms)
			LogAssemblyErrors (0ms)
			InitializePlatformSupportModulesInManaged (5ms)
			SetLoadedEditorAssemblies (3ms)
			RefreshPlugins (0ms)
			BeforeProcessingInitializeOnLoad (58ms)
			ProcessInitializeOnLoadAttributes (317ms)
			ProcessInitializeOnLoadMethodAttributes (21ms)
			AfterProcessingInitializeOnLoad (4ms)
			EditorAssembliesLoaded (0ms)
		ExecutionOrderSort2 (0ms)
		AwakeInstancesAfterBackupRestoration (8ms)
Refreshing native plugins compatible for Editor in 4.90 ms, found 3 plugins.
Preloading 0 native plugins for Editor in 0.00 ms.
Unloading 3437 Unused Serialized files (Serialized files now loaded: 0)
Unloading 15 unused Assets / (99.8 KB). Loaded Objects now: 4525.
Memory consumption went from 126.6 MB to 126.5 MB.
Total: 3.407300 ms (FindLiveObjects: 0.279000 ms CreateObjectMapping: 0.092400 ms MarkObjects: 2.989000 ms  DeleteObjects: 0.045700 ms)

Prepare: number of updated asset objects reloaded= 0
AssetImportParameters requested are different than current active one (requested -> active):
  custom:scripting/monoscript/fileName/NavMeshSurface.cs: 34aebd278d8d3d5db6b23265b9c700f9 -> 
  custom:scripting/precompiled-assembly-types:Unity.AI.Navigation: 5d8fa505e3253b9a2a456e2c28a1afb3 -> 
  custom:container-demuxer-ogg: 62fdf1f143b41e24485cea50d1cbac27 -> 
  custom:scripting/monoscript/fileName/NavMeshModifierVolumeEditor.cs: 262a50135a116189426aa01c964a744c -> 
  custom:scripting/monoscript/fileName/NavigationOverlay.cs: 2744f4e7946ebbb71339c9b1ce538d00 -> 
  custom:scripting/monoscript/fileName/PoissonDiscSampling.cs: 0c5ab15c9820bf9315795fcfabb0d889 -> 
  custom:scripting/monoscript/fileName/ConverterItemDescriptor.cs: 8182050d34c5cb602eb7913435a7abee -> 
  custom:video-codec-MediaFoundation-h265: 746d11721c4dcdbdad8f713fa42b33f4 -> 
  custom:scripting/monoscript/fileName/BuiltInToNavMeshSurfaceConverterContainer.cs: c40a906f9f99ea8a6c5aaa215767017f -> 
  custom:video-decoder-ogg-theora: a1e56fd34408186e4bbccfd4996cb3dc -> 
  custom:framework-win-MediaFoundation: 216162199b28c13a410421893ffa2e32 -> 
  custom:scripting/monoscript/fileName/NavigationWindow.cs: 7884404b71178f59d8819c380b951d7c -> 
  custom:scripting/monoscript/fileName/NavMeshComponentsGUIUtility.cs: 08c52049b94db52661003d42fda4ecff -> 
  custom:scripting/monoscript/fileName/ConverterItemInfo.cs: 9fb131dfa28a9ed6b6d00fd9cf83ece4 -> 
  custom:CustomObjectIndexerAttribute: 9a22284fe3817be447336de3de66b15e -> 
  custom:scripting/monoscript/fileName/NavMeshAssetManager.cs: 79eb4858c2054289cd611249ab36b0a5 -> 
  custom:scripting/monoscript/fileName/NavMeshSurfaceEditor.cs: adb1294e971eab992abc2e3e7e051565 -> 
  custom:container-demuxer-webm: 4f35f7cbe854078d1ac9338744f61a02 -> 
  custom:scripting/monoscript/fileName/NavMeshModifierVolume.cs: 8dc531216c72b86c60b86e16ff3da10b -> 
  custom:scripting/monoscript/fileName/NavMeshUpdaterUtility.cs: 5eb03802e6dba19b3e13aaf384805cac -> 
  custom:scripting/monoscript/fileName/NavigationPreferences.cs: ada9399a4f085d4c824cc06527e7fcae -> 
  custom:scripting/monoscript/fileName/NavMeshUpdaterEditor.cs: 169704080eda430978bba61ddedeb304 -> 
  custom:scripting/precompiled-assembly-types:Unity.AI.Navigation.Editor.ConversionSystem: 27c718e5de2659aeeb663e092dc21158 -> 
  custom:scripting/monoscript/fileName/NavMeshModifierEditor.cs: b8675d28116f43f78881455a7301fe8c -> 
  custom:container-muxer-webm: aa71ff27fc2769a1b78a27578f13a17b -> 
  custom:video-decoder-webm-vp8: 9c59270c3fd7afecdb556c50c9e8de78 -> 
  custom:scripting/precompiled-assembly-types:Unity.AI.Navigation.Editor: 7eaf38f66973fde07200cf372b24130e -> 
  custom:scripting/monoscript/fileName/HelpUrls.cs: c1a90585e3e9c9d25f58f9141655f24f -> 
  custom:scripting/monoscript/fileName/EditorStyles.cs: 86b9f4d8fe570a8d8295bfc466c975cf -> 
  custom:SearchIndexIgnoredProperties: e643bd26f0fe6173181afceb89e7c659 -> 
  custom:scripting/precompiled-assembly-types:Unity.AI.Navigation.Updater: d2095ddf03fd615830d6dacf5841450d -> 
  custom:scripting/monoscript/fileName/NavMeshLinkEditor.cs: aed8ae070d922149bb2ba3de06889ff6 -> 
  custom:AudioImporter_EditorPlatform: d09bf68614088b80899f8185d706f6e7 -> 
  custom:scripting/monoscript/fileName/NavMeshModifier.cs: 99ae5ed91bb784edc4f8312d7de046da -> 
  custom:scripting/monoscript/fileName/NavMashAvoider.cs: 599595d5a460521efccc45d4c2a8d20f -> 
  custom:scripting/monoscript/fileName/NavMeshSceneConverter.cs: baf486a1c1cdf03a3111dd113d13c2f4 -> 
  custom:scripting/monoscript/fileName/SystemConverterContainer.cs: eb4026ea01a117ce0888f693e9eed2cd -> 
  custom:scripting/monoscript/fileName/NavMeshLink.cs: 0b3d0eeb07ab57d259e8f9365538df09 -> 
  custom:scripting/monoscript/fileName/ObsoleteNavigationWindowMenuEntry.cs: c7f73386e6473f401a8e4151cac4e1e5 -> 
  custom:scripting/monoscript/fileName/InitializeConverterContext.cs: a97e19589a5774cdc2a34a28caea355f -> 
  custom:scripting/monoscript/fileName/SystemConverter.cs: c748d1769fc66e95256254a1cc1497f3 -> 
  custom:video-encoder-webm-vp8: eb34c28f22e8b96e1ab97ce403110664 -> 
  custom:audio-decoder-ogg-vorbis: bf7c407c2cedff20999df2af8eb42d56 -> 
  custom:scripting/monoscript/fileName/RunItemContext.cs: 338b2243183036c2b60f94c1b5e817c5 -> 
  custom:scripting/monoscript/fileName/Test.cs: 8289d0398bd9a051035a87365428a0e7 -> 
  custom:audio-encoder-webm-vorbis: bf7c407c2cedff20999df2af8eb42d56 -> 
  custom:scripting/monoscript/fileName/PoissonDiskSampler.cs: 52180e748fc5bf68fb8a4b4e27682930 -> 
  custom:scripting/precompiled-assembly-types:Assembly-CSharp: 1be8c69172dbdc3ce14ecc447c96b53a -> e66928de38364bb08ef9436b3612de99
  custom:scripting/monoscript/fileName/SystemConvertersEditor.cs: c127c1335f24b77ca70195bf2136c6a2 -> 
========================================================================
Received Prepare
Caller must complete domain reload
Begin MonoManager ReloadAssembly
- Loaded All Assemblies, in  0.234 seconds
Native extension for WindowsStandalone target not found
Mono: successfully reloaded assembly
- Finished resetting the current domain, in  0.525 seconds
Domain Reload Profiling: 758ms
	BeginReloadAssembly (82ms)
		ExecutionOrderSort (0ms)
		DisableScriptedObjects (3ms)
		BackupInstance (0ms)
		ReleaseScriptingObjects (0ms)
		CreateAndSetChildDomain (15ms)
	RebuildCommonClasses (17ms)
	RebuildNativeTypeToScriptingClass (5ms)
	initialDomainReloadingComplete (14ms)
	LoadAllAssembliesAndSetupDomain (114ms)
		LoadAssemblies (144ms)
		RebuildTransferFunctionScriptingTraits (0ms)
		AnalyzeDomain (13ms)
			TypeCache.Refresh (5ms)
				TypeCache.ScanAssembly (0ms)
			ScanForSourceGeneratedMonoScriptInfo (4ms)
			ResolveRequiredComponents (3ms)
	FinalizeReload (526ms)
		ReleaseScriptCaches (0ms)
		RebuildScriptCaches (0ms)
		SetupLoadedEditorAssemblies (224ms)
			LogAssemblyErrors (0ms)
			InitializePlatformSupportModulesInManaged (3ms)
			SetLoadedEditorAssemblies (2ms)
			RefreshPlugins (0ms)
			BeforeProcessingInitializeOnLoad (33ms)
			ProcessInitializeOnLoadAttributes (174ms)
			ProcessInitializeOnLoadMethodAttributes (12ms)
			AfterProcessingInitializeOnLoad (1ms)
			EditorAssembliesLoaded (0ms)
		ExecutionOrderSort2 (0ms)
		AwakeInstancesAfterBackupRestoration (4ms)
Refreshing native plugins compatible for Editor in 2.00 ms, found 3 plugins.
Preloading 0 native plugins for Editor in 0.00 ms.
Unloading 3438 Unused Serialized files (Serialized files now loaded: 0)
Unloading 15 unused Assets / (99.8 KB). Loaded Objects now: 4541.
Memory consumption went from 126.6 MB to 126.5 MB.
Total: 1.970000 ms (FindLiveObjects: 0.165800 ms CreateObjectMapping: 0.049500 ms MarkObjects: 1.714700 ms  DeleteObjects: 0.039500 ms)

Prepare: number of updated asset objects reloaded= 0
AssetImportParameters requested are different than current active one (requested -> active):
  custom:scripting/monoscript/fileName/NavMeshSurface.cs: 34aebd278d8d3d5db6b23265b9c700f9 -> 
  custom:scripting/precompiled-assembly-types:Unity.AI.Navigation: 5d8fa505e3253b9a2a456e2c28a1afb3 -> 
  custom:container-demuxer-ogg: 62fdf1f143b41e24485cea50d1cbac27 -> 
  custom:scripting/monoscript/fileName/NavMeshModifierVolumeEditor.cs: 262a50135a116189426aa01c964a744c -> 
  custom:scripting/monoscript/fileName/NavigationOverlay.cs: 2744f4e7946ebbb71339c9b1ce538d00 -> 
  custom:scripting/monoscript/fileName/PoissonDiscSampling.cs: 0c5ab15c9820bf9315795fcfabb0d889 -> 
  custom:scripting/monoscript/fileName/ConverterItemDescriptor.cs: 8182050d34c5cb602eb7913435a7abee -> 
  custom:video-codec-MediaFoundation-h265: 746d11721c4dcdbdad8f713fa42b33f4 -> 
  custom:scripting/monoscript/fileName/BuiltInToNavMeshSurfaceConverterContainer.cs: c40a906f9f99ea8a6c5aaa215767017f -> 
  custom:video-decoder-ogg-theora: a1e56fd34408186e4bbccfd4996cb3dc -> 
  custom:framework-win-MediaFoundation: 216162199b28c13a410421893ffa2e32 -> 
  custom:scripting/monoscript/fileName/NavigationWindow.cs: 7884404b71178f59d8819c380b951d7c -> 
  custom:scripting/monoscript/fileName/NavMeshComponentsGUIUtility.cs: 08c52049b94db52661003d42fda4ecff -> 
  custom:scripting/monoscript/fileName/ConverterItemInfo.cs: 9fb131dfa28a9ed6b6d00fd9cf83ece4 -> 
  custom:CustomObjectIndexerAttribute: 9a22284fe3817be447336de3de66b15e -> 
  custom:scripting/monoscript/fileName/NavMeshAssetManager.cs: 79eb4858c2054289cd611249ab36b0a5 -> 
  custom:scripting/monoscript/fileName/HidingSpotGenerator.cs: e75778abca4b6afc5582c8ed1dd3e9cd -> 
  custom:scripting/monoscript/fileName/NavMeshSurfaceEditor.cs: adb1294e971eab992abc2e3e7e051565 -> 
  custom:container-demuxer-webm: 4f35f7cbe854078d1ac9338744f61a02 -> 
  custom:scripting/monoscript/fileName/NavMeshModifierVolume.cs: 8dc531216c72b86c60b86e16ff3da10b -> 
  custom:scripting/monoscript/fileName/NavMeshUpdaterUtility.cs: 5eb03802e6dba19b3e13aaf384805cac -> 
  custom:scripting/monoscript/fileName/NavigationPreferences.cs: ada9399a4f085d4c824cc06527e7fcae -> 
  custom:scripting/monoscript/fileName/NavMeshUpdaterEditor.cs: 169704080eda430978bba61ddedeb304 -> 
  custom:scripting/precompiled-assembly-types:Unity.AI.Navigation.Editor.ConversionSystem: 27c718e5de2659aeeb663e092dc21158 -> 
  custom:scripting/monoscript/fileName/NavMeshModifierEditor.cs: b8675d28116f43f78881455a7301fe8c -> 
  custom:container-muxer-webm: aa71ff27fc2769a1b78a27578f13a17b -> 
  custom:video-decoder-webm-vp8: 9c59270c3fd7afecdb556c50c9e8de78 -> 
  custom:scripting/precompiled-assembly-types:Unity.AI.Navigation.Editor: 7eaf38f66973fde07200cf372b24130e -> 
  custom:scripting/monoscript/fileName/HelpUrls.cs: c1a90585e3e9c9d25f58f9141655f24f -> 
  custom:scripting/monoscript/fileName/EditorStyles.cs: 86b9f4d8fe570a8d8295bfc466c975cf -> 
  custom:SearchIndexIgnoredProperties: e643bd26f0fe6173181afceb89e7c659 -> 
  custom:scripting/precompiled-assembly-types:Unity.AI.Navigation.Updater: d2095ddf03fd615830d6dacf5841450d -> 
  custom:scripting/monoscript/fileName/NavMeshLinkEditor.cs: aed8ae070d922149bb2ba3de06889ff6 -> 
  custom:AudioImporter_EditorPlatform: d09bf68614088b80899f8185d706f6e7 -> 
  custom:scripting/monoscript/fileName/NavMeshModifier.cs: 99ae5ed91bb784edc4f8312d7de046da -> 
  custom:scripting/monoscript/fileName/NavMashAvoider.cs: 599595d5a460521efccc45d4c2a8d20f -> 
  custom:scripting/monoscript/fileName/NavMeshSceneConverter.cs: baf486a1c1cdf03a3111dd113d13c2f4 -> 
  custom:scripting/monoscript/fileName/SystemConverterContainer.cs: eb4026ea01a117ce0888f693e9eed2cd -> 
  custom:scripting/monoscript/fileName/NavMeshLink.cs: 0b3d0eeb07ab57d259e8f9365538df09 -> 
  custom:scripting/monoscript/fileName/ObsoleteNavigationWindowMenuEntry.cs: c7f73386e6473f401a8e4151cac4e1e5 -> 
  custom:scripting/monoscript/fileName/InitializeConverterContext.cs: a97e19589a5774cdc2a34a28caea355f -> 
  custom:scripting/monoscript/fileName/SystemConverter.cs: c748d1769fc66e95256254a1cc1497f3 -> 
  custom:video-encoder-webm-vp8: eb34c28f22e8b96e1ab97ce403110664 -> 
  custom:audio-decoder-ogg-vorbis: bf7c407c2cedff20999df2af8eb42d56 -> 
  custom:scripting/monoscript/fileName/RunItemContext.cs: 338b2243183036c2b60f94c1b5e817c5 -> 
  custom:scripting/monoscript/fileName/Test.cs: 8289d0398bd9a051035a87365428a0e7 -> 
  custom:audio-encoder-webm-vorbis: bf7c407c2cedff20999df2af8eb42d56 -> 
  custom:scripting/monoscript/fileName/PoissonDiskSampler.cs: 52180e748fc5bf68fb8a4b4e27682930 -> 
  custom:scripting/precompiled-assembly-types:Assembly-CSharp: ac96a15c64b657cc51655ce2bf34a4b9 -> e66928de38364bb08ef9436b3612de99
  custom:scripting/monoscript/fileName/SystemConvertersEditor.cs: c127c1335f24b77ca70195bf2136c6a2 -> 
========================================================================
Received Import Request.
  Time since last request: 929.443990 seconds.
  path: Assets/Test/HidingSpotGenerator.cs
  artifactKey: Guid(bf59e4be1cce1f14d9133ecaced029ad) Importer(815301076,1909f56bfc062723c751e8b465ee728b)
Start importing Assets/Test/HidingSpotGenerator.cs using Guid(bf59e4be1cce1f14d9133ecaced029ad) Importer(815301076,1909f56bfc062723c751e8b465ee728b) [PhysX] Initialized MultithreadedTaskDispatcher with 32 workers.
 -> (artifact id: '4e62ecdec9e2cc35385feff0e9e028d4') in 0.002149 seconds
Number of updated asset objects reloaded before import = 0
Number of asset objects unloaded after import = 0
========================================================================
Received Prepare
Caller must complete domain reload
Begin MonoManager ReloadAssembly
- Loaded All Assemblies, in  0.233 seconds
Native extension for WindowsStandalone target not found
Mono: successfully reloaded assembly
- Finished resetting the current domain, in  0.515 seconds
Domain Reload Profiling: 747ms
	BeginReloadAssembly (83ms)
		ExecutionOrderSort (0ms)
		DisableScriptedObjects (3ms)
		BackupInstance (0ms)
		ReleaseScriptingObjects (0ms)
		CreateAndSetChildDomain (16ms)
	RebuildCommonClasses (17ms)
	RebuildNativeTypeToScriptingClass (6ms)
	initialDomainReloadingComplete (13ms)
	LoadAllAssembliesAndSetupDomain (114ms)
		LoadAssemblies (144ms)
		RebuildTransferFunctionScriptingTraits (0ms)
		AnalyzeDomain (14ms)
			TypeCache.Refresh (5ms)
				TypeCache.ScanAssembly (0ms)
			ScanForSourceGeneratedMonoScriptInfo (4ms)
			ResolveRequiredComponents (3ms)
	FinalizeReload (515ms)
		ReleaseScriptCaches (0ms)
		RebuildScriptCaches (0ms)
		SetupLoadedEditorAssemblies (219ms)
			LogAssemblyErrors (0ms)
			InitializePlatformSupportModulesInManaged (3ms)
			SetLoadedEditorAssemblies (2ms)
			RefreshPlugins (0ms)
			BeforeProcessingInitializeOnLoad (32ms)
			ProcessInitializeOnLoadAttributes (166ms)
			ProcessInitializeOnLoadMethodAttributes (15ms)
			AfterProcessingInitializeOnLoad (1ms)
			EditorAssembliesLoaded (0ms)
		ExecutionOrderSort2 (0ms)
		AwakeInstancesAfterBackupRestoration (4ms)
Refreshing native plugins compatible for Editor in 2.42 ms, found 3 plugins.
Preloading 0 native plugins for Editor in 0.00 ms.
Unloading 3437 Unused Serialized files (Serialized files now loaded: 0)
Unloading 15 unused Assets / (99.9 KB). Loaded Objects now: 4556.
Memory consumption went from 126.4 MB to 126.3 MB.
Total: 1.753100 ms (FindLiveObjects: 0.163400 ms CreateObjectMapping: 0.050800 ms MarkObjects: 1.499100 ms  DeleteObjects: 0.039200 ms)

Prepare: number of updated asset objects reloaded= 0
AssetImportParameters requested are different than current active one (requested -> active):
  custom:scripting/monoscript/fileName/NavMeshSurface.cs: 34aebd278d8d3d5db6b23265b9c700f9 -> 
  custom:scripting/precompiled-assembly-types:Unity.AI.Navigation: 5d8fa505e3253b9a2a456e2c28a1afb3 -> 
  custom:container-demuxer-ogg: 62fdf1f143b41e24485cea50d1cbac27 -> 
  custom:scripting/monoscript/fileName/NavMeshModifierVolumeEditor.cs: 262a50135a116189426aa01c964a744c -> 
  custom:scripting/monoscript/fileName/NavigationOverlay.cs: 2744f4e7946ebbb71339c9b1ce538d00 -> 
  custom:scripting/monoscript/fileName/PoissonDiscSampling.cs: 0c5ab15c9820bf9315795fcfabb0d889 -> 
  custom:scripting/monoscript/fileName/ConverterItemDescriptor.cs: 8182050d34c5cb602eb7913435a7abee -> 
  custom:video-codec-MediaFoundation-h265: 746d11721c4dcdbdad8f713fa42b33f4 -> 
  custom:scripting/monoscript/fileName/BuiltInToNavMeshSurfaceConverterContainer.cs: c40a906f9f99ea8a6c5aaa215767017f -> 
  custom:video-decoder-ogg-theora: a1e56fd34408186e4bbccfd4996cb3dc -> 
  custom:framework-win-MediaFoundation: 216162199b28c13a410421893ffa2e32 -> 
  custom:scripting/monoscript/fileName/NavigationWindow.cs: 7884404b71178f59d8819c380b951d7c -> 
  custom:scripting/monoscript/fileName/NavMeshComponentsGUIUtility.cs: 08c52049b94db52661003d42fda4ecff -> 
  custom:scripting/monoscript/fileName/ConverterItemInfo.cs: 9fb131dfa28a9ed6b6d00fd9cf83ece4 -> 
  custom:CustomObjectIndexerAttribute: 9a22284fe3817be447336de3de66b15e -> 
  custom:scripting/monoscript/fileName/NavMeshAssetManager.cs: 79eb4858c2054289cd611249ab36b0a5 -> 
  custom:scripting/monoscript/fileName/HidingSpotGenerator.cs: e75778abca4b6afc5582c8ed1dd3e9cd -> 
  custom:scripting/monoscript/fileName/NavMeshSurfaceEditor.cs: adb1294e971eab992abc2e3e7e051565 -> 
  custom:container-demuxer-webm: 4f35f7cbe854078d1ac9338744f61a02 -> 
  custom:scripting/monoscript/fileName/NavMeshModifierVolume.cs: 8dc531216c72b86c60b86e16ff3da10b -> 
  custom:scripting/monoscript/fileName/NavMeshUpdaterUtility.cs: 5eb03802e6dba19b3e13aaf384805cac -> 
  custom:scripting/monoscript/fileName/NavigationPreferences.cs: ada9399a4f085d4c824cc06527e7fcae -> 
  custom:scripting/monoscript/fileName/NavMeshUpdaterEditor.cs: 169704080eda430978bba61ddedeb304 -> 
  custom:scripting/precompiled-assembly-types:Unity.AI.Navigation.Editor.ConversionSystem: 27c718e5de2659aeeb663e092dc21158 -> 
  custom:scripting/monoscript/fileName/NavMeshModifierEditor.cs: b8675d28116f43f78881455a7301fe8c -> 
  custom:container-muxer-webm: aa71ff27fc2769a1b78a27578f13a17b -> 
  custom:video-decoder-webm-vp8: 9c59270c3fd7afecdb556c50c9e8de78 -> 
  custom:scripting/precompiled-assembly-types:Unity.AI.Navigation.Editor: 7eaf38f66973fde07200cf372b24130e -> 
  custom:scripting/monoscript/fileName/HelpUrls.cs: c1a90585e3e9c9d25f58f9141655f24f -> 
  custom:scripting/monoscript/fileName/EditorStyles.cs: 86b9f4d8fe570a8d8295bfc466c975cf -> 
  custom:SearchIndexIgnoredProperties: e643bd26f0fe6173181afceb89e7c659 -> 
  custom:scripting/precompiled-assembly-types:Unity.AI.Navigation.Updater: d2095ddf03fd615830d6dacf5841450d -> 
  custom:scripting/monoscript/fileName/NavMeshLinkEditor.cs: aed8ae070d922149bb2ba3de06889ff6 -> 
  custom:AudioImporter_EditorPlatform: d09bf68614088b80899f8185d706f6e7 -> 
  custom:scripting/monoscript/fileName/NavMeshModifier.cs: 99ae5ed91bb784edc4f8312d7de046da -> 
  custom:scripting/monoscript/fileName/NavMashAvoider.cs: 599595d5a460521efccc45d4c2a8d20f -> 
  custom:scripting/monoscript/fileName/NavMeshSceneConverter.cs: baf486a1c1cdf03a3111dd113d13c2f4 -> 
  custom:scripting/monoscript/fileName/SystemConverterContainer.cs: eb4026ea01a117ce0888f693e9eed2cd -> 
  custom:scripting/monoscript/fileName/NavMeshLink.cs: 0b3d0eeb07ab57d259e8f9365538df09 -> 
  custom:scripting/monoscript/fileName/ObsoleteNavigationWindowMenuEntry.cs: c7f73386e6473f401a8e4151cac4e1e5 -> 
  custom:scripting/monoscript/fileName/InitializeConverterContext.cs: a97e19589a5774cdc2a34a28caea355f -> 
  custom:scripting/monoscript/fileName/SystemConverter.cs: c748d1769fc66e95256254a1cc1497f3 -> 
  custom:video-encoder-webm-vp8: eb34c28f22e8b96e1ab97ce403110664 -> 
  custom:audio-decoder-ogg-vorbis: bf7c407c2cedff20999df2af8eb42d56 -> 
  custom:scripting/monoscript/fileName/RunItemContext.cs: 338b2243183036c2b60f94c1b5e817c5 -> 
  custom:scripting/monoscript/fileName/Test.cs: 8289d0398bd9a051035a87365428a0e7 -> 
  custom:audio-encoder-webm-vorbis: bf7c407c2cedff20999df2af8eb42d56 -> 
  custom:scripting/monoscript/fileName/PoissonDiskSampler.cs: 52180e748fc5bf68fb8a4b4e27682930 -> 
  custom:scripting/precompiled-assembly-types:Assembly-CSharp: ac96a15c64b657cc51655ce2bf34a4b9 -> e66928de38364bb08ef9436b3612de99
  custom:scripting/monoscript/fileName/SystemConvertersEditor.cs: c127c1335f24b77ca70195bf2136c6a2 -> 
========================================================================
Received Prepare
Caller must complete domain reload
Begin MonoManager ReloadAssembly
- Loaded All Assemblies, in  0.255 seconds
Native extension for WindowsStandalone target not found
Mono: successfully reloaded assembly
- Finished resetting the current domain, in  0.541 seconds
Domain Reload Profiling: 795ms
	BeginReloadAssembly (95ms)
		ExecutionOrderSort (0ms)
		DisableScriptedObjects (3ms)
		BackupInstance (0ms)
		ReleaseScriptingObjects (0ms)
		CreateAndSetChildDomain (22ms)
	RebuildCommonClasses (19ms)
	RebuildNativeTypeToScriptingClass (5ms)
	initialDomainReloadingComplete (15ms)
	LoadAllAssembliesAndSetupDomain (120ms)
		LoadAssemblies (156ms)
		RebuildTransferFunctionScriptingTraits (0ms)
		AnalyzeDomain (14ms)
			TypeCache.Refresh (5ms)
				TypeCache.ScanAssembly (0ms)
			ScanForSourceGeneratedMonoScriptInfo (4ms)
			ResolveRequiredComponents (3ms)
	FinalizeReload (541ms)
		ReleaseScriptCaches (0ms)
		RebuildScriptCaches (0ms)
		SetupLoadedEditorAssemblies (219ms)
			LogAssemblyErrors (0ms)
			InitializePlatformSupportModulesInManaged (3ms)
			SetLoadedEditorAssemblies (2ms)
			RefreshPlugins (0ms)
			BeforeProcessingInitializeOnLoad (32ms)
			ProcessInitializeOnLoadAttributes (170ms)
			ProcessInitializeOnLoadMethodAttributes (11ms)
			AfterProcessingInitializeOnLoad (1ms)
			EditorAssembliesLoaded (0ms)
		ExecutionOrderSort2 (0ms)
		AwakeInstancesAfterBackupRestoration (4ms)
Refreshing native plugins compatible for Editor in 1.96 ms, found 3 plugins.
Preloading 0 native plugins for Editor in 0.00 ms.
Unloading 3439 Unused Serialized files (Serialized files now loaded: 0)
Unloading 15 unused Assets / (99.8 KB). Loaded Objects now: 4572.
Memory consumption went from 126.6 MB to 126.5 MB.
Total: 1.781100 ms (FindLiveObjects: 0.154700 ms CreateObjectMapping: 0.041200 ms MarkObjects: 1.550900 ms  DeleteObjects: 0.033600 ms)

Prepare: number of updated asset objects reloaded= 0
AssetImportParameters requested are different than current active one (requested -> active):
  custom:scripting/monoscript/fileName/NavMeshSurface.cs: 34aebd278d8d3d5db6b23265b9c700f9 -> 
  custom:scripting/precompiled-assembly-types:Unity.AI.Navigation: 5d8fa505e3253b9a2a456e2c28a1afb3 -> 
  custom:container-demuxer-ogg: 62fdf1f143b41e24485cea50d1cbac27 -> 
  custom:scripting/monoscript/fileName/NavMeshModifierVolumeEditor.cs: 262a50135a116189426aa01c964a744c -> 
  custom:scripting/monoscript/fileName/NavigationOverlay.cs: 2744f4e7946ebbb71339c9b1ce538d00 -> 
  custom:scripting/monoscript/fileName/PoissonDiscSampling.cs: 0c5ab15c9820bf9315795fcfabb0d889 -> 
  custom:scripting/monoscript/fileName/ConverterItemDescriptor.cs: 8182050d34c5cb602eb7913435a7abee -> 
  custom:video-codec-MediaFoundation-h265: 746d11721c4dcdbdad8f713fa42b33f4 -> 
  custom:scripting/monoscript/fileName/BuiltInToNavMeshSurfaceConverterContainer.cs: c40a906f9f99ea8a6c5aaa215767017f -> 
  custom:video-decoder-ogg-theora: a1e56fd34408186e4bbccfd4996cb3dc -> 
  custom:scripting/monoscript/fileName/EnemyHidingAI.cs: 90f9baacad470048560d668eeb4f5f40 -> 
  custom:framework-win-MediaFoundation: 216162199b28c13a410421893ffa2e32 -> 
  custom:scripting/monoscript/fileName/NavigationWindow.cs: 7884404b71178f59d8819c380b951d7c -> 
  custom:scripting/monoscript/fileName/NavMeshComponentsGUIUtility.cs: 08c52049b94db52661003d42fda4ecff -> 
  custom:scripting/monoscript/fileName/ConverterItemInfo.cs: 9fb131dfa28a9ed6b6d00fd9cf83ece4 -> 
  custom:CustomObjectIndexerAttribute: 9a22284fe3817be447336de3de66b15e -> 
  custom:scripting/monoscript/fileName/NavMeshAssetManager.cs: 79eb4858c2054289cd611249ab36b0a5 -> 
  custom:scripting/monoscript/fileName/HidingSpotGenerator.cs: e75778abca4b6afc5582c8ed1dd3e9cd -> 
  custom:scripting/monoscript/fileName/NavMeshSurfaceEditor.cs: adb1294e971eab992abc2e3e7e051565 -> 
  custom:container-demuxer-webm: 4f35f7cbe854078d1ac9338744f61a02 -> 
  custom:scripting/monoscript/fileName/NavMeshModifierVolume.cs: 8dc531216c72b86c60b86e16ff3da10b -> 
  custom:scripting/monoscript/fileName/NavMeshUpdaterUtility.cs: 5eb03802e6dba19b3e13aaf384805cac -> 
  custom:scripting/monoscript/fileName/NavigationPreferences.cs: ada9399a4f085d4c824cc06527e7fcae -> 
  custom:scripting/monoscript/fileName/NavMeshUpdaterEditor.cs: 169704080eda430978bba61ddedeb304 -> 
  custom:scripting/precompiled-assembly-types:Unity.AI.Navigation.Editor.ConversionSystem: 27c718e5de2659aeeb663e092dc21158 -> 
  custom:scripting/monoscript/fileName/NavMeshModifierEditor.cs: b8675d28116f43f78881455a7301fe8c -> 
  custom:container-muxer-webm: aa71ff27fc2769a1b78a27578f13a17b -> 
  custom:video-decoder-webm-vp8: 9c59270c3fd7afecdb556c50c9e8de78 -> 
  custom:scripting/precompiled-assembly-types:Unity.AI.Navigation.Editor: 7eaf38f66973fde07200cf372b24130e -> 
  custom:scripting/monoscript/fileName/HelpUrls.cs: c1a90585e3e9c9d25f58f9141655f24f -> 
  custom:scripting/monoscript/fileName/EditorStyles.cs: 86b9f4d8fe570a8d8295bfc466c975cf -> 
  custom:SearchIndexIgnoredProperties: e643bd26f0fe6173181afceb89e7c659 -> 
  custom:scripting/precompiled-assembly-types:Unity.AI.Navigation.Updater: d2095ddf03fd615830d6dacf5841450d -> 
  custom:scripting/monoscript/fileName/NavMeshLinkEditor.cs: aed8ae070d922149bb2ba3de06889ff6 -> 
  custom:AudioImporter_EditorPlatform: d09bf68614088b80899f8185d706f6e7 -> 
  custom:scripting/monoscript/fileName/NavMeshModifier.cs: 99ae5ed91bb784edc4f8312d7de046da -> 
  custom:scripting/monoscript/fileName/NavMashAvoider.cs: 599595d5a460521efccc45d4c2a8d20f -> 
  custom:scripting/monoscript/fileName/NavMeshSceneConverter.cs: baf486a1c1cdf03a3111dd113d13c2f4 -> 
  custom:scripting/monoscript/fileName/SystemConverterContainer.cs: eb4026ea01a117ce0888f693e9eed2cd -> 
  custom:scripting/monoscript/fileName/NavMeshLink.cs: 0b3d0eeb07ab57d259e8f9365538df09 -> 
  custom:scripting/monoscript/fileName/ObsoleteNavigationWindowMenuEntry.cs: c7f73386e6473f401a8e4151cac4e1e5 -> 
  custom:scripting/monoscript/fileName/InitializeConverterContext.cs: a97e19589a5774cdc2a34a28caea355f -> 
  custom:scripting/monoscript/fileName/SystemConverter.cs: c748d1769fc66e95256254a1cc1497f3 -> 
  custom:video-encoder-webm-vp8: eb34c28f22e8b96e1ab97ce403110664 -> 
  custom:audio-decoder-ogg-vorbis: bf7c407c2cedff20999df2af8eb42d56 -> 
  custom:scripting/monoscript/fileName/RunItemContext.cs: 338b2243183036c2b60f94c1b5e817c5 -> 
  custom:scripting/monoscript/fileName/Test.cs: 8289d0398bd9a051035a87365428a0e7 -> 
  custom:audio-encoder-webm-vorbis: bf7c407c2cedff20999df2af8eb42d56 -> 
  custom:scripting/monoscript/fileName/PoissonDiskSampler.cs: 52180e748fc5bf68fb8a4b4e27682930 -> 
  custom:scripting/precompiled-assembly-types:Assembly-CSharp: f81420d14e8bf607242a29ad3565e5d8 -> e66928de38364bb08ef9436b3612de99
  custom:scripting/monoscript/fileName/SystemConvertersEditor.cs: c127c1335f24b77ca70195bf2136c6a2 -> 
========================================================================
Received Prepare
Caller must complete domain reload
Begin MonoManager ReloadAssembly
- Loaded All Assemblies, in  0.458 seconds
Native extension for WindowsStandalone target not found
Mono: successfully reloaded assembly
- Finished resetting the current domain, in  1.066 seconds
Domain Reload Profiling: 1521ms
	BeginReloadAssembly (149ms)
		ExecutionOrderSort (0ms)
		DisableScriptedObjects (5ms)
		BackupInstance (0ms)
		ReleaseScriptingObjects (0ms)
		CreateAndSetChildDomain (31ms)
	RebuildCommonClasses (32ms)
	RebuildNativeTypeToScriptingClass (12ms)
	initialDomainReloadingComplete (25ms)
	LoadAllAssembliesAndSetupDomain (235ms)
		LoadAssemblies (292ms)
		RebuildTransferFunctionScriptingTraits (0ms)
		AnalyzeDomain (24ms)
			TypeCache.Refresh (9ms)
				TypeCache.ScanAssembly (0ms)
			ScanForSourceGeneratedMonoScriptInfo (6ms)
			ResolveRequiredComponents (7ms)
	FinalizeReload (1067ms)
		ReleaseScriptCaches (0ms)
		RebuildScriptCaches (0ms)
		SetupLoadedEditorAssemblies (382ms)
			LogAssemblyErrors (0ms)
			InitializePlatformSupportModulesInManaged (6ms)
			SetLoadedEditorAssemblies (3ms)
			RefreshPlugins (0ms)
			BeforeProcessingInitializeOnLoad (57ms)
			ProcessInitializeOnLoadAttributes (293ms)
			ProcessInitializeOnLoadMethodAttributes (20ms)
			AfterProcessingInitializeOnLoad (3ms)
			EditorAssembliesLoaded (0ms)
		ExecutionOrderSort2 (0ms)
		AwakeInstancesAfterBackupRestoration (8ms)
Refreshing native plugins compatible for Editor in 6.02 ms, found 3 plugins.
Preloading 0 native plugins for Editor in 0.00 ms.
Unloading 3439 Unused Serialized files (Serialized files now loaded: 0)
Unloading 15 unused Assets / (99.8 KB). Loaded Objects now: 4587.
Memory consumption went from 126.7 MB to 126.6 MB.
Total: 5.016500 ms (FindLiveObjects: 0.282800 ms CreateObjectMapping: 0.084800 ms MarkObjects: 4.589200 ms  DeleteObjects: 0.058700 ms)

Prepare: number of updated asset objects reloaded= 0
AssetImportParameters requested are different than current active one (requested -> active):
  custom:scripting/monoscript/fileName/NavMeshSurface.cs: 34aebd278d8d3d5db6b23265b9c700f9 -> 
  custom:scripting/precompiled-assembly-types:Unity.AI.Navigation: 5d8fa505e3253b9a2a456e2c28a1afb3 -> 
  custom:container-demuxer-ogg: 62fdf1f143b41e24485cea50d1cbac27 -> 
  custom:scripting/monoscript/fileName/NavMeshModifierVolumeEditor.cs: 262a50135a116189426aa01c964a744c -> 
  custom:scripting/monoscript/fileName/NavigationOverlay.cs: 2744f4e7946ebbb71339c9b1ce538d00 -> 
  custom:scripting/monoscript/fileName/PoissonDiscSampling.cs: 0c5ab15c9820bf9315795fcfabb0d889 -> 
  custom:scripting/monoscript/fileName/ConverterItemDescriptor.cs: 8182050d34c5cb602eb7913435a7abee -> 
  custom:video-codec-MediaFoundation-h265: 746d11721c4dcdbdad8f713fa42b33f4 -> 
  custom:scripting/monoscript/fileName/BuiltInToNavMeshSurfaceConverterContainer.cs: c40a906f9f99ea8a6c5aaa215767017f -> 
  custom:video-decoder-ogg-theora: a1e56fd34408186e4bbccfd4996cb3dc -> 
  custom:scripting/monoscript/fileName/EnemyHidingAI.cs: 90f9baacad470048560d668eeb4f5f40 -> 
  custom:framework-win-MediaFoundation: 216162199b28c13a410421893ffa2e32 -> 
  custom:scripting/monoscript/fileName/NavigationWindow.cs: 7884404b71178f59d8819c380b951d7c -> 
  custom:scripting/monoscript/fileName/NavMeshComponentsGUIUtility.cs: 08c52049b94db52661003d42fda4ecff -> 
  custom:scripting/monoscript/fileName/ConverterItemInfo.cs: 9fb131dfa28a9ed6b6d00fd9cf83ece4 -> 
  custom:CustomObjectIndexerAttribute: 9a22284fe3817be447336de3de66b15e -> 
  custom:scripting/monoscript/fileName/NavMeshAssetManager.cs: 79eb4858c2054289cd611249ab36b0a5 -> 
  custom:scripting/monoscript/fileName/HidingSpotGenerator.cs: e75778abca4b6afc5582c8ed1dd3e9cd -> 
  custom:scripting/monoscript/fileName/NavMeshSurfaceEditor.cs: adb1294e971eab992abc2e3e7e051565 -> 
  custom:container-demuxer-webm: 4f35f7cbe854078d1ac9338744f61a02 -> 
  custom:scripting/monoscript/fileName/NavMeshModifierVolume.cs: 8dc531216c72b86c60b86e16ff3da10b -> 
  custom:scripting/monoscript/fileName/NavMeshUpdaterUtility.cs: 5eb03802e6dba19b3e13aaf384805cac -> 
  custom:scripting/monoscript/fileName/NavigationPreferences.cs: ada9399a4f085d4c824cc06527e7fcae -> 
  custom:scripting/monoscript/fileName/NavMeshUpdaterEditor.cs: 169704080eda430978bba61ddedeb304 -> 
  custom:scripting/precompiled-assembly-types:Unity.AI.Navigation.Editor.ConversionSystem: 27c718e5de2659aeeb663e092dc21158 -> 
  custom:scripting/monoscript/fileName/NavMeshModifierEditor.cs: b8675d28116f43f78881455a7301fe8c -> 
  custom:container-muxer-webm: aa71ff27fc2769a1b78a27578f13a17b -> 
  custom:video-decoder-webm-vp8: 9c59270c3fd7afecdb556c50c9e8de78 -> 
  custom:scripting/precompiled-assembly-types:Unity.AI.Navigation.Editor: 7eaf38f66973fde07200cf372b24130e -> 
  custom:scripting/monoscript/fileName/HelpUrls.cs: c1a90585e3e9c9d25f58f9141655f24f -> 
  custom:scripting/monoscript/fileName/EditorStyles.cs: 86b9f4d8fe570a8d8295bfc466c975cf -> 
  custom:SearchIndexIgnoredProperties: e643bd26f0fe6173181afceb89e7c659 -> 
  custom:scripting/precompiled-assembly-types:Unity.AI.Navigation.Updater: d2095ddf03fd615830d6dacf5841450d -> 
  custom:scripting/monoscript/fileName/NavMeshLinkEditor.cs: aed8ae070d922149bb2ba3de06889ff6 -> 
  custom:AudioImporter_EditorPlatform: d09bf68614088b80899f8185d706f6e7 -> 
  custom:scripting/monoscript/fileName/NavMeshModifier.cs: 99ae5ed91bb784edc4f8312d7de046da -> 
  custom:scripting/monoscript/fileName/NavMashAvoider.cs: 599595d5a460521efccc45d4c2a8d20f -> 
  custom:scripting/monoscript/fileName/NavMeshSceneConverter.cs: baf486a1c1cdf03a3111dd113d13c2f4 -> 
  custom:scripting/monoscript/fileName/SystemConverterContainer.cs: eb4026ea01a117ce0888f693e9eed2cd -> 
  custom:scripting/monoscript/fileName/NavMeshLink.cs: 0b3d0eeb07ab57d259e8f9365538df09 -> 
  custom:scripting/monoscript/fileName/ObsoleteNavigationWindowMenuEntry.cs: c7f73386e6473f401a8e4151cac4e1e5 -> 
  custom:scripting/monoscript/fileName/InitializeConverterContext.cs: a97e19589a5774cdc2a34a28caea355f -> 
  custom:scripting/monoscript/fileName/SystemConverter.cs: c748d1769fc66e95256254a1cc1497f3 -> 
  custom:video-encoder-webm-vp8: eb34c28f22e8b96e1ab97ce403110664 -> 
  custom:audio-decoder-ogg-vorbis: bf7c407c2cedff20999df2af8eb42d56 -> 
  custom:scripting/monoscript/fileName/RunItemContext.cs: 338b2243183036c2b60f94c1b5e817c5 -> 
  custom:scripting/monoscript/fileName/Test.cs: 8289d0398bd9a051035a87365428a0e7 -> 
  custom:audio-encoder-webm-vorbis: bf7c407c2cedff20999df2af8eb42d56 -> 
  custom:scripting/monoscript/fileName/PoissonDiskSampler.cs: 52180e748fc5bf68fb8a4b4e27682930 -> 
  custom:scripting/precompiled-assembly-types:Assembly-CSharp: f81420d14e8bf607242a29ad3565e5d8 -> e66928de38364bb08ef9436b3612de99
  custom:scripting/monoscript/fileName/SystemConvertersEditor.cs: c127c1335f24b77ca70195bf2136c6a2 -> 
========================================================================
Received Prepare
Caller must complete domain reload
Begin MonoManager ReloadAssembly
- Loaded All Assemblies, in  0.239 seconds
Native extension for WindowsStandalone target not found
Mono: successfully reloaded assembly
- Finished resetting the current domain, in  0.532 seconds
Domain Reload Profiling: 770ms
	BeginReloadAssembly (86ms)
		ExecutionOrderSort (0ms)
		DisableScriptedObjects (3ms)
		BackupInstance (0ms)
		ReleaseScriptingObjects (0ms)
		CreateAndSetChildDomain (16ms)
	RebuildCommonClasses (17ms)
	RebuildNativeTypeToScriptingClass (5ms)
	initialDomainReloadingComplete (14ms)
	LoadAllAssembliesAndSetupDomain (116ms)
		LoadAssemblies (152ms)
		RebuildTransferFunctionScriptingTraits (0ms)
		AnalyzeDomain (9ms)
			TypeCache.Refresh (4ms)
				TypeCache.ScanAssembly (0ms)
			ScanForSourceGeneratedMonoScriptInfo (0ms)
			ResolveRequiredComponents (3ms)
	FinalizeReload (532ms)
		ReleaseScriptCaches (0ms)
		RebuildScriptCaches (0ms)
		SetupLoadedEditorAssemblies (227ms)
			LogAssemblyErrors (0ms)
			InitializePlatformSupportModulesInManaged (3ms)
			SetLoadedEditorAssemblies (2ms)
			RefreshPlugins (0ms)
			BeforeProcessingInitializeOnLoad (33ms)
			ProcessInitializeOnLoadAttributes (174ms)
			ProcessInitializeOnLoadMethodAttributes (13ms)
			AfterProcessingInitializeOnLoad (1ms)
			EditorAssembliesLoaded (0ms)
		ExecutionOrderSort2 (0ms)
		AwakeInstancesAfterBackupRestoration (5ms)
Refreshing native plugins compatible for Editor in 2.35 ms, found 3 plugins.
Preloading 0 native plugins for Editor in 0.00 ms.
Unloading 3439 Unused Serialized files (Serialized files now loaded: 0)
Unloading 15 unused Assets / (99.8 KB). Loaded Objects now: 4602.
Memory consumption went from 126.7 MB to 126.6 MB.
Total: 1.905800 ms (FindLiveObjects: 0.161300 ms CreateObjectMapping: 0.044600 ms MarkObjects: 1.665000 ms  DeleteObjects: 0.034200 ms)

Prepare: number of updated asset objects reloaded= 0
AssetImportParameters requested are different than current active one (requested -> active):
  custom:scripting/monoscript/fileName/NavMeshSurface.cs: 34aebd278d8d3d5db6b23265b9c700f9 -> 
  custom:scripting/precompiled-assembly-types:Unity.AI.Navigation: 5d8fa505e3253b9a2a456e2c28a1afb3 -> 
  custom:container-demuxer-ogg: 62fdf1f143b41e24485cea50d1cbac27 -> 
  custom:scripting/monoscript/fileName/NavMeshModifierVolumeEditor.cs: 262a50135a116189426aa01c964a744c -> 
  custom:scripting/monoscript/fileName/NavigationOverlay.cs: 2744f4e7946ebbb71339c9b1ce538d00 -> 
  custom:scripting/monoscript/fileName/PoissonDiscSampling.cs: 0c5ab15c9820bf9315795fcfabb0d889 -> 
  custom:scripting/monoscript/fileName/ConverterItemDescriptor.cs: 8182050d34c5cb602eb7913435a7abee -> 
  custom:video-codec-MediaFoundation-h265: 746d11721c4dcdbdad8f713fa42b33f4 -> 
  custom:scripting/monoscript/fileName/BuiltInToNavMeshSurfaceConverterContainer.cs: c40a906f9f99ea8a6c5aaa215767017f -> 
  custom:video-decoder-ogg-theora: a1e56fd34408186e4bbccfd4996cb3dc -> 
  custom:scripting/monoscript/fileName/EnemyHidingAI.cs: 90f9baacad470048560d668eeb4f5f40 -> 
  custom:framework-win-MediaFoundation: 216162199b28c13a410421893ffa2e32 -> 
  custom:scripting/monoscript/fileName/NavigationWindow.cs: 7884404b71178f59d8819c380b951d7c -> 
  custom:scripting/monoscript/fileName/NavMeshComponentsGUIUtility.cs: 08c52049b94db52661003d42fda4ecff -> 
  custom:scripting/monoscript/fileName/ConverterItemInfo.cs: 9fb131dfa28a9ed6b6d00fd9cf83ece4 -> 
  custom:CustomObjectIndexerAttribute: 9a22284fe3817be447336de3de66b15e -> 
  custom:scripting/monoscript/fileName/NavMeshAssetManager.cs: 79eb4858c2054289cd611249ab36b0a5 -> 
  custom:scripting/monoscript/fileName/HidingSpotGenerator.cs: e75778abca4b6afc5582c8ed1dd3e9cd -> 
  custom:scripting/monoscript/fileName/NavMeshSurfaceEditor.cs: adb1294e971eab992abc2e3e7e051565 -> 
  custom:container-demuxer-webm: 4f35f7cbe854078d1ac9338744f61a02 -> 
  custom:scripting/monoscript/fileName/NavMeshModifierVolume.cs: 8dc531216c72b86c60b86e16ff3da10b -> 
  custom:scripting/monoscript/fileName/NavMeshUpdaterUtility.cs: 5eb03802e6dba19b3e13aaf384805cac -> 
  custom:scripting/monoscript/fileName/NavigationPreferences.cs: ada9399a4f085d4c824cc06527e7fcae -> 
  custom:scripting/monoscript/fileName/NavMeshUpdaterEditor.cs: 169704080eda430978bba61ddedeb304 -> 
  custom:scripting/precompiled-assembly-types:Unity.AI.Navigation.Editor.ConversionSystem: 27c718e5de2659aeeb663e092dc21158 -> 
  custom:scripting/monoscript/fileName/NavMeshModifierEditor.cs: b8675d28116f43f78881455a7301fe8c -> 
  custom:container-muxer-webm: aa71ff27fc2769a1b78a27578f13a17b -> 
  custom:video-decoder-webm-vp8: 9c59270c3fd7afecdb556c50c9e8de78 -> 
  custom:scripting/precompiled-assembly-types:Unity.AI.Navigation.Editor: 7eaf38f66973fde07200cf372b24130e -> 
  custom:scripting/monoscript/fileName/HelpUrls.cs: c1a90585e3e9c9d25f58f9141655f24f -> 
  custom:scripting/monoscript/fileName/EditorStyles.cs: 86b9f4d8fe570a8d8295bfc466c975cf -> 
  custom:SearchIndexIgnoredProperties: e643bd26f0fe6173181afceb89e7c659 -> 
  custom:scripting/precompiled-assembly-types:Unity.AI.Navigation.Updater: d2095ddf03fd615830d6dacf5841450d -> 
  custom:scripting/monoscript/fileName/NavMeshLinkEditor.cs: aed8ae070d922149bb2ba3de06889ff6 -> 
  custom:AudioImporter_EditorPlatform: d09bf68614088b80899f8185d706f6e7 -> 
  custom:scripting/monoscript/fileName/NavMeshModifier.cs: 99ae5ed91bb784edc4f8312d7de046da -> 
  custom:scripting/monoscript/fileName/NavMashAvoider.cs: 599595d5a460521efccc45d4c2a8d20f -> 
  custom:scripting/monoscript/fileName/NavMeshSceneConverter.cs: baf486a1c1cdf03a3111dd113d13c2f4 -> 
  custom:scripting/monoscript/fileName/SystemConverterContainer.cs: eb4026ea01a117ce0888f693e9eed2cd -> 
  custom:scripting/monoscript/fileName/NavMeshLink.cs: 0b3d0eeb07ab57d259e8f9365538df09 -> 
  custom:scripting/monoscript/fileName/ObsoleteNavigationWindowMenuEntry.cs: c7f73386e6473f401a8e4151cac4e1e5 -> 
  custom:scripting/monoscript/fileName/InitializeConverterContext.cs: a97e19589a5774cdc2a34a28caea355f -> 
  custom:scripting/monoscript/fileName/SystemConverter.cs: c748d1769fc66e95256254a1cc1497f3 -> 
  custom:video-encoder-webm-vp8: eb34c28f22e8b96e1ab97ce403110664 -> 
  custom:audio-decoder-ogg-vorbis: bf7c407c2cedff20999df2af8eb42d56 -> 
  custom:scripting/monoscript/fileName/RunItemContext.cs: 338b2243183036c2b60f94c1b5e817c5 -> 
  custom:scripting/monoscript/fileName/Test.cs: 8289d0398bd9a051035a87365428a0e7 -> 
  custom:audio-encoder-webm-vorbis: bf7c407c2cedff20999df2af8eb42d56 -> 
  custom:scripting/monoscript/fileName/PoissonDiskSampler.cs: 52180e748fc5bf68fb8a4b4e27682930 -> 
  custom:scripting/precompiled-assembly-types:Assembly-CSharp: f81420d14e8bf607242a29ad3565e5d8 -> e66928de38364bb08ef9436b3612de99
  custom:scripting/monoscript/fileName/SystemConvertersEditor.cs: c127c1335f24b77ca70195bf2136c6a2 -> 
========================================================================
Received Prepare
Caller must complete domain reload
Begin MonoManager ReloadAssembly
- Loaded All Assemblies, in  0.243 seconds
Native extension for WindowsStandalone target not found
Mono: successfully reloaded assembly
- Finished resetting the current domain, in  0.562 seconds
Domain Reload Profiling: 804ms
	BeginReloadAssembly (90ms)
		ExecutionOrderSort (0ms)
		DisableScriptedObjects (3ms)
		BackupInstance (0ms)
		ReleaseScriptingObjects (0ms)
		CreateAndSetChildDomain (18ms)
	RebuildCommonClasses (18ms)
	RebuildNativeTypeToScriptingClass (6ms)
	initialDomainReloadingComplete (15ms)
	LoadAllAssembliesAndSetupDomain (113ms)
		LoadAssemblies (150ms)
		RebuildTransferFunctionScriptingTraits (0ms)
		AnalyzeDomain (9ms)
			TypeCache.Refresh (4ms)
				TypeCache.ScanAssembly (0ms)
			ScanForSourceGeneratedMonoScriptInfo (0ms)
			ResolveRequiredComponents (3ms)
	FinalizeReload (562ms)
		ReleaseScriptCaches (0ms)
		RebuildScriptCaches (0ms)
		SetupLoadedEditorAssemblies (245ms)
			LogAssemblyErrors (0ms)
			InitializePlatformSupportModulesInManaged (3ms)
			SetLoadedEditorAssemblies (2ms)
			RefreshPlugins (0ms)
			BeforeProcessingInitializeOnLoad (35ms)
			ProcessInitializeOnLoadAttributes (191ms)
			ProcessInitializeOnLoadMethodAttributes (12ms)
			AfterProcessingInitializeOnLoad (1ms)
			EditorAssembliesLoaded (0ms)
		ExecutionOrderSort2 (0ms)
		AwakeInstancesAfterBackupRestoration (4ms)
Refreshing native plugins compatible for Editor in 2.40 ms, found 3 plugins.
Preloading 0 native plugins for Editor in 0.00 ms.
Unloading 3439 Unused Serialized files (Serialized files now loaded: 0)
Unloading 15 unused Assets / (99.8 KB). Loaded Objects now: 4617.
Memory consumption went from 126.7 MB to 126.6 MB.
Total: 2.117900 ms (FindLiveObjects: 0.204500 ms CreateObjectMapping: 0.103000 ms MarkObjects: 1.756000 ms  DeleteObjects: 0.053500 ms)

Prepare: number of updated asset objects reloaded= 0
AssetImportParameters requested are different than current active one (requested -> active):
  custom:scripting/monoscript/fileName/NavMeshSurface.cs: 34aebd278d8d3d5db6b23265b9c700f9 -> 
  custom:scripting/precompiled-assembly-types:Unity.AI.Navigation: 5d8fa505e3253b9a2a456e2c28a1afb3 -> 
  custom:container-demuxer-ogg: 62fdf1f143b41e24485cea50d1cbac27 -> 
  custom:scripting/monoscript/fileName/NavMeshModifierVolumeEditor.cs: 262a50135a116189426aa01c964a744c -> 
  custom:scripting/monoscript/fileName/NavigationOverlay.cs: 2744f4e7946ebbb71339c9b1ce538d00 -> 
  custom:scripting/monoscript/fileName/PoissonDiscSampling.cs: 0c5ab15c9820bf9315795fcfabb0d889 -> 
  custom:scripting/monoscript/fileName/ConverterItemDescriptor.cs: 8182050d34c5cb602eb7913435a7abee -> 
  custom:video-codec-MediaFoundation-h265: 746d11721c4dcdbdad8f713fa42b33f4 -> 
  custom:scripting/monoscript/fileName/BuiltInToNavMeshSurfaceConverterContainer.cs: c40a906f9f99ea8a6c5aaa215767017f -> 
  custom:video-decoder-ogg-theora: a1e56fd34408186e4bbccfd4996cb3dc -> 
  custom:scripting/monoscript/fileName/EnemyHidingAI.cs: 90f9baacad470048560d668eeb4f5f40 -> 
  custom:framework-win-MediaFoundation: 216162199b28c13a410421893ffa2e32 -> 
  custom:scripting/monoscript/fileName/NavigationWindow.cs: 7884404b71178f59d8819c380b951d7c -> 
  custom:scripting/monoscript/fileName/NavMeshComponentsGUIUtility.cs: 08c52049b94db52661003d42fda4ecff -> 
  custom:scripting/monoscript/fileName/ConverterItemInfo.cs: 9fb131dfa28a9ed6b6d00fd9cf83ece4 -> 
  custom:CustomObjectIndexerAttribute: 9a22284fe3817be447336de3de66b15e -> 
  custom:scripting/monoscript/fileName/NavMeshAssetManager.cs: 79eb4858c2054289cd611249ab36b0a5 -> 
  custom:scripting/monoscript/fileName/HidingSpotGenerator.cs: e75778abca4b6afc5582c8ed1dd3e9cd -> 
  custom:scripting/monoscript/fileName/NavMeshSurfaceEditor.cs: adb1294e971eab992abc2e3e7e051565 -> 
  custom:container-demuxer-webm: 4f35f7cbe854078d1ac9338744f61a02 -> 
  custom:scripting/monoscript/fileName/NavMeshModifierVolume.cs: 8dc531216c72b86c60b86e16ff3da10b -> 
  custom:scripting/monoscript/fileName/NavMeshUpdaterUtility.cs: 5eb03802e6dba19b3e13aaf384805cac -> 
  custom:scripting/monoscript/fileName/NavigationPreferences.cs: ada9399a4f085d4c824cc06527e7fcae -> 
  custom:scripting/monoscript/fileName/NavMeshUpdaterEditor.cs: 169704080eda430978bba61ddedeb304 -> 
  custom:scripting/precompiled-assembly-types:Unity.AI.Navigation.Editor.ConversionSystem: 27c718e5de2659aeeb663e092dc21158 -> 
  custom:scripting/monoscript/fileName/NavMeshModifierEditor.cs: b8675d28116f43f78881455a7301fe8c -> 
  custom:container-muxer-webm: aa71ff27fc2769a1b78a27578f13a17b -> 
  custom:video-decoder-webm-vp8: 9c59270c3fd7afecdb556c50c9e8de78 -> 
  custom:scripting/precompiled-assembly-types:Unity.AI.Navigation.Editor: 7eaf38f66973fde07200cf372b24130e -> 
  custom:scripting/monoscript/fileName/HelpUrls.cs: c1a90585e3e9c9d25f58f9141655f24f -> 
  custom:scripting/monoscript/fileName/EditorStyles.cs: 86b9f4d8fe570a8d8295bfc466c975cf -> 
  custom:SearchIndexIgnoredProperties: e643bd26f0fe6173181afceb89e7c659 -> 
  custom:scripting/precompiled-assembly-types:Unity.AI.Navigation.Updater: d2095ddf03fd615830d6dacf5841450d -> 
  custom:scripting/monoscript/fileName/NavMeshLinkEditor.cs: aed8ae070d922149bb2ba3de06889ff6 -> 
  custom:AudioImporter_EditorPlatform: d09bf68614088b80899f8185d706f6e7 -> 
  custom:scripting/monoscript/fileName/NavMeshModifier.cs: 99ae5ed91bb784edc4f8312d7de046da -> 
  custom:scripting/monoscript/fileName/NavMashAvoider.cs: 599595d5a460521efccc45d4c2a8d20f -> 
  custom:scripting/monoscript/fileName/NavMeshSceneConverter.cs: baf486a1c1cdf03a3111dd113d13c2f4 -> 
  custom:scripting/monoscript/fileName/SystemConverterContainer.cs: eb4026ea01a117ce0888f693e9eed2cd -> 
  custom:scripting/monoscript/fileName/NavMeshLink.cs: 0b3d0eeb07ab57d259e8f9365538df09 -> 
  custom:scripting/monoscript/fileName/ObsoleteNavigationWindowMenuEntry.cs: c7f73386e6473f401a8e4151cac4e1e5 -> 
  custom:scripting/monoscript/fileName/InitializeConverterContext.cs: a97e19589a5774cdc2a34a28caea355f -> 
  custom:scripting/monoscript/fileName/SystemConverter.cs: c748d1769fc66e95256254a1cc1497f3 -> 
  custom:video-encoder-webm-vp8: eb34c28f22e8b96e1ab97ce403110664 -> 
  custom:audio-decoder-ogg-vorbis: bf7c407c2cedff20999df2af8eb42d56 -> 
  custom:scripting/monoscript/fileName/RunItemContext.cs: 338b2243183036c2b60f94c1b5e817c5 -> 
  custom:scripting/monoscript/fileName/Test.cs: 8289d0398bd9a051035a87365428a0e7 -> 
  custom:audio-encoder-webm-vorbis: bf7c407c2cedff20999df2af8eb42d56 -> 
  custom:scripting/monoscript/fileName/PoissonDiskSampler.cs: 52180e748fc5bf68fb8a4b4e27682930 -> 
  custom:scripting/precompiled-assembly-types:Assembly-CSharp: f81420d14e8bf607242a29ad3565e5d8 -> e66928de38364bb08ef9436b3612de99
  custom:scripting/monoscript/fileName/SystemConvertersEditor.cs: c127c1335f24b77ca70195bf2136c6a2 -> 
========================================================================
Received Prepare
Caller must complete domain reload
Begin MonoManager ReloadAssembly
- Loaded All Assemblies, in  0.441 seconds
Native extension for WindowsStandalone target not found
Mono: successfully reloaded assembly
- Finished resetting the current domain, in  0.608 seconds
Domain Reload Profiling: 1047ms
	BeginReloadAssembly (138ms)
		ExecutionOrderSort (0ms)
		DisableScriptedObjects (5ms)
		BackupInstance (0ms)
		ReleaseScriptingObjects (0ms)
		CreateAndSetChildDomain (31ms)
	RebuildCommonClasses (30ms)
	RebuildNativeTypeToScriptingClass (10ms)
	initialDomainReloadingComplete (26ms)
	LoadAllAssembliesAndSetupDomain (235ms)
		LoadAssemblies (300ms)
		RebuildTransferFunctionScriptingTraits (0ms)
		AnalyzeDomain (17ms)
			TypeCache.Refresh (8ms)
				TypeCache.ScanAssembly (0ms)
			ScanForSourceGeneratedMonoScriptInfo (0ms)
			ResolveRequiredComponents (7ms)
	FinalizeReload (609ms)
		ReleaseScriptCaches (0ms)
		RebuildScriptCaches (0ms)
		SetupLoadedEditorAssemblies (241ms)
			LogAssemblyErrors (0ms)
			InitializePlatformSupportModulesInManaged (3ms)
			SetLoadedEditorAssemblies (2ms)
			RefreshPlugins (0ms)
			BeforeProcessingInitializeOnLoad (35ms)
			ProcessInitializeOnLoadAttributes (188ms)
			ProcessInitializeOnLoadMethodAttributes (12ms)
			AfterProcessingInitializeOnLoad (1ms)
			EditorAssembliesLoaded (0ms)
		ExecutionOrderSort2 (0ms)
		AwakeInstancesAfterBackupRestoration (4ms)
Refreshing native plugins compatible for Editor in 2.44 ms, found 3 plugins.
Preloading 0 native plugins for Editor in 0.00 ms.
Unloading 3439 Unused Serialized files (Serialized files now loaded: 0)
Unloading 15 unused Assets / (99.9 KB). Loaded Objects now: 4632.
Memory consumption went from 126.7 MB to 126.6 MB.
Total: 1.950400 ms (FindLiveObjects: 0.204300 ms CreateObjectMapping: 0.049100 ms MarkObjects: 1.659800 ms  DeleteObjects: 0.036800 ms)

Prepare: number of updated asset objects reloaded= 0
AssetImportParameters requested are different than current active one (requested -> active):
  custom:scripting/monoscript/fileName/NavMeshSurface.cs: 34aebd278d8d3d5db6b23265b9c700f9 -> 
  custom:scripting/precompiled-assembly-types:Unity.AI.Navigation: 5d8fa505e3253b9a2a456e2c28a1afb3 -> 
  custom:container-demuxer-ogg: 62fdf1f143b41e24485cea50d1cbac27 -> 
  custom:scripting/monoscript/fileName/NavMeshModifierVolumeEditor.cs: 262a50135a116189426aa01c964a744c -> 
  custom:scripting/monoscript/fileName/NavigationOverlay.cs: 2744f4e7946ebbb71339c9b1ce538d00 -> 
  custom:scripting/monoscript/fileName/PoissonDiscSampling.cs: 0c5ab15c9820bf9315795fcfabb0d889 -> 
  custom:scripting/monoscript/fileName/ConverterItemDescriptor.cs: 8182050d34c5cb602eb7913435a7abee -> 
  custom:video-codec-MediaFoundation-h265: 746d11721c4dcdbdad8f713fa42b33f4 -> 
  custom:scripting/monoscript/fileName/BuiltInToNavMeshSurfaceConverterContainer.cs: c40a906f9f99ea8a6c5aaa215767017f -> 
  custom:video-decoder-ogg-theora: a1e56fd34408186e4bbccfd4996cb3dc -> 
  custom:scripting/monoscript/fileName/EnemyHidingAI.cs: 90f9baacad470048560d668eeb4f5f40 -> 
  custom:framework-win-MediaFoundation: 216162199b28c13a410421893ffa2e32 -> 
  custom:scripting/monoscript/fileName/NavigationWindow.cs: 7884404b71178f59d8819c380b951d7c -> 
  custom:scripting/monoscript/fileName/NavMeshComponentsGUIUtility.cs: 08c52049b94db52661003d42fda4ecff -> 
  custom:scripting/monoscript/fileName/ConverterItemInfo.cs: 9fb131dfa28a9ed6b6d00fd9cf83ece4 -> 
  custom:CustomObjectIndexerAttribute: 9a22284fe3817be447336de3de66b15e -> 
  custom:scripting/monoscript/fileName/NavMeshAssetManager.cs: 79eb4858c2054289cd611249ab36b0a5 -> 
  custom:scripting/monoscript/fileName/HidingSpotGenerator.cs: e75778abca4b6afc5582c8ed1dd3e9cd -> 
  custom:scripting/monoscript/fileName/NavMeshSurfaceEditor.cs: adb1294e971eab992abc2e3e7e051565 -> 
  custom:container-demuxer-webm: 4f35f7cbe854078d1ac9338744f61a02 -> 
  custom:scripting/monoscript/fileName/NavMeshModifierVolume.cs: 8dc531216c72b86c60b86e16ff3da10b -> 
  custom:scripting/monoscript/fileName/NavMeshUpdaterUtility.cs: 5eb03802e6dba19b3e13aaf384805cac -> 
  custom:scripting/monoscript/fileName/NavigationPreferences.cs: ada9399a4f085d4c824cc06527e7fcae -> 
  custom:scripting/monoscript/fileName/NavMeshUpdaterEditor.cs: 169704080eda430978bba61ddedeb304 -> 
  custom:scripting/precompiled-assembly-types:Unity.AI.Navigation.Editor.ConversionSystem: 27c718e5de2659aeeb663e092dc21158 -> 
  custom:scripting/monoscript/fileName/NavMeshModifierEditor.cs: b8675d28116f43f78881455a7301fe8c -> 
  custom:container-muxer-webm: aa71ff27fc2769a1b78a27578f13a17b -> 
  custom:video-decoder-webm-vp8: 9c59270c3fd7afecdb556c50c9e8de78 -> 
  custom:scripting/precompiled-assembly-types:Unity.AI.Navigation.Editor: 7eaf38f66973fde07200cf372b24130e -> 
  custom:scripting/monoscript/fileName/HelpUrls.cs: c1a90585e3e9c9d25f58f9141655f24f -> 
  custom:scripting/monoscript/fileName/EditorStyles.cs: 86b9f4d8fe570a8d8295bfc466c975cf -> 
  custom:SearchIndexIgnoredProperties: e643bd26f0fe6173181afceb89e7c659 -> 
  custom:scripting/precompiled-assembly-types:Unity.AI.Navigation.Updater: d2095ddf03fd615830d6dacf5841450d -> 
  custom:scripting/monoscript/fileName/NavMeshLinkEditor.cs: aed8ae070d922149bb2ba3de06889ff6 -> 
  custom:AudioImporter_EditorPlatform: d09bf68614088b80899f8185d706f6e7 -> 
  custom:scripting/monoscript/fileName/NavMeshModifier.cs: 99ae5ed91bb784edc4f8312d7de046da -> 
  custom:scripting/monoscript/fileName/NavMashAvoider.cs: 599595d5a460521efccc45d4c2a8d20f -> 
  custom:scripting/monoscript/fileName/NavMeshSceneConverter.cs: baf486a1c1cdf03a3111dd113d13c2f4 -> 
  custom:scripting/monoscript/fileName/SystemConverterContainer.cs: eb4026ea01a117ce0888f693e9eed2cd -> 
  custom:scripting/monoscript/fileName/NavMeshLink.cs: 0b3d0eeb07ab57d259e8f9365538df09 -> 
  custom:scripting/monoscript/fileName/ObsoleteNavigationWindowMenuEntry.cs: c7f73386e6473f401a8e4151cac4e1e5 -> 
  custom:scripting/monoscript/fileName/InitializeConverterContext.cs: a97e19589a5774cdc2a34a28caea355f -> 
  custom:scripting/monoscript/fileName/SystemConverter.cs: c748d1769fc66e95256254a1cc1497f3 -> 
  custom:video-encoder-webm-vp8: eb34c28f22e8b96e1ab97ce403110664 -> 
  custom:audio-decoder-ogg-vorbis: bf7c407c2cedff20999df2af8eb42d56 -> 
  custom:scripting/monoscript/fileName/RunItemContext.cs: 338b2243183036c2b60f94c1b5e817c5 -> 
  custom:scripting/monoscript/fileName/Test.cs: 8289d0398bd9a051035a87365428a0e7 -> 
  custom:audio-encoder-webm-vorbis: bf7c407c2cedff20999df2af8eb42d56 -> 
  custom:scripting/monoscript/fileName/PoissonDiskSampler.cs: 52180e748fc5bf68fb8a4b4e27682930 -> 
  custom:scripting/precompiled-assembly-types:Assembly-CSharp: f81420d14e8bf607242a29ad3565e5d8 -> e66928de38364bb08ef9436b3612de99
  custom:scripting/monoscript/fileName/SystemConvertersEditor.cs: c127c1335f24b77ca70195bf2136c6a2 -> 
========================================================================
Received Prepare
Caller must complete domain reload
Begin MonoManager ReloadAssembly
- Loaded All Assemblies, in  0.234 seconds
Native extension for WindowsStandalone target not found
Mono: successfully reloaded assembly
- Finished resetting the current domain, in  0.571 seconds
Domain Reload Profiling: 805ms
	BeginReloadAssembly (84ms)
		ExecutionOrderSort (0ms)
		DisableScriptedObjects (3ms)
		BackupInstance (0ms)
		ReleaseScriptingObjects (0ms)
		CreateAndSetChildDomain (16ms)
	RebuildCommonClasses (17ms)
	RebuildNativeTypeToScriptingClass (6ms)
	initialDomainReloadingComplete (14ms)
	LoadAllAssembliesAndSetupDomain (112ms)
		LoadAssemblies (148ms)
		RebuildTransferFunctionScriptingTraits (0ms)
		AnalyzeDomain (9ms)
			TypeCache.Refresh (4ms)
				TypeCache.ScanAssembly (0ms)
			ScanForSourceGeneratedMonoScriptInfo (0ms)
			ResolveRequiredComponents (3ms)
	FinalizeReload (572ms)
		ReleaseScriptCaches (0ms)
		RebuildScriptCaches (0ms)
		SetupLoadedEditorAssemblies (241ms)
			LogAssemblyErrors (0ms)
			InitializePlatformSupportModulesInManaged (3ms)
			SetLoadedEditorAssemblies (2ms)
			RefreshPlugins (0ms)
			BeforeProcessingInitializeOnLoad (36ms)
			ProcessInitializeOnLoadAttributes (187ms)
			ProcessInitializeOnLoadMethodAttributes (12ms)
			AfterProcessingInitializeOnLoad (1ms)
			EditorAssembliesLoaded (0ms)
		ExecutionOrderSort2 (0ms)
		AwakeInstancesAfterBackupRestoration (5ms)
Refreshing native plugins compatible for Editor in 2.84 ms, found 3 plugins.
Preloading 0 native plugins for Editor in 0.00 ms.
Unloading 3439 Unused Serialized files (Serialized files now loaded: 0)
Unloading 15 unused Assets / (99.9 KB). Loaded Objects now: 4647.
Memory consumption went from 126.7 MB to 126.6 MB.
Total: 1.928300 ms (FindLiveObjects: 0.197600 ms CreateObjectMapping: 0.052400 ms MarkObjects: 1.641300 ms  DeleteObjects: 0.036400 ms)

Prepare: number of updated asset objects reloaded= 0
AssetImportParameters requested are different than current active one (requested -> active):
  custom:scripting/monoscript/fileName/NavMeshSurface.cs: 34aebd278d8d3d5db6b23265b9c700f9 -> 
  custom:scripting/precompiled-assembly-types:Unity.AI.Navigation: 5d8fa505e3253b9a2a456e2c28a1afb3 -> 
  custom:container-demuxer-ogg: 62fdf1f143b41e24485cea50d1cbac27 -> 
  custom:scripting/monoscript/fileName/NavMeshModifierVolumeEditor.cs: 262a50135a116189426aa01c964a744c -> 
  custom:scripting/monoscript/fileName/NavigationOverlay.cs: 2744f4e7946ebbb71339c9b1ce538d00 -> 
  custom:scripting/monoscript/fileName/PoissonDiscSampling.cs: 0c5ab15c9820bf9315795fcfabb0d889 -> 
  custom:scripting/monoscript/fileName/ConverterItemDescriptor.cs: 8182050d34c5cb602eb7913435a7abee -> 
  custom:video-codec-MediaFoundation-h265: 746d11721c4dcdbdad8f713fa42b33f4 -> 
  custom:scripting/monoscript/fileName/BuiltInToNavMeshSurfaceConverterContainer.cs: c40a906f9f99ea8a6c5aaa215767017f -> 
  custom:video-decoder-ogg-theora: a1e56fd34408186e4bbccfd4996cb3dc -> 
  custom:scripting/monoscript/fileName/EnemyHidingAI.cs: 90f9baacad470048560d668eeb4f5f40 -> 
  custom:framework-win-MediaFoundation: 216162199b28c13a410421893ffa2e32 -> 
  custom:scripting/monoscript/fileName/NavigationWindow.cs: 7884404b71178f59d8819c380b951d7c -> 
  custom:scripting/monoscript/fileName/NavMeshComponentsGUIUtility.cs: 08c52049b94db52661003d42fda4ecff -> 
  custom:scripting/monoscript/fileName/ConverterItemInfo.cs: 9fb131dfa28a9ed6b6d00fd9cf83ece4 -> 
  custom:CustomObjectIndexerAttribute: 9a22284fe3817be447336de3de66b15e -> 
  custom:scripting/monoscript/fileName/NavMeshAssetManager.cs: 79eb4858c2054289cd611249ab36b0a5 -> 
  custom:scripting/monoscript/fileName/HidingSpotGenerator.cs: e75778abca4b6afc5582c8ed1dd3e9cd -> 
  custom:scripting/monoscript/fileName/NavMeshSurfaceEditor.cs: adb1294e971eab992abc2e3e7e051565 -> 
  custom:container-demuxer-webm: 4f35f7cbe854078d1ac9338744f61a02 -> 
  custom:scripting/monoscript/fileName/NavMeshModifierVolume.cs: 8dc531216c72b86c60b86e16ff3da10b -> 
  custom:scripting/monoscript/fileName/NavMeshUpdaterUtility.cs: 5eb03802e6dba19b3e13aaf384805cac -> 
  custom:scripting/monoscript/fileName/NavigationPreferences.cs: ada9399a4f085d4c824cc06527e7fcae -> 
  custom:scripting/monoscript/fileName/NavMeshUpdaterEditor.cs: 169704080eda430978bba61ddedeb304 -> 
  custom:scripting/precompiled-assembly-types:Unity.AI.Navigation.Editor.ConversionSystem: 27c718e5de2659aeeb663e092dc21158 -> 
  custom:scripting/monoscript/fileName/NavMeshModifierEditor.cs: b8675d28116f43f78881455a7301fe8c -> 
  custom:container-muxer-webm: aa71ff27fc2769a1b78a27578f13a17b -> 
  custom:video-decoder-webm-vp8: 9c59270c3fd7afecdb556c50c9e8de78 -> 
  custom:scripting/precompiled-assembly-types:Unity.AI.Navigation.Editor: 7eaf38f66973fde07200cf372b24130e -> 
  custom:scripting/monoscript/fileName/HelpUrls.cs: c1a90585e3e9c9d25f58f9141655f24f -> 
  custom:scripting/monoscript/fileName/EditorStyles.cs: 86b9f4d8fe570a8d8295bfc466c975cf -> 
  custom:SearchIndexIgnoredProperties: e643bd26f0fe6173181afceb89e7c659 -> 
  custom:scripting/precompiled-assembly-types:Unity.AI.Navigation.Updater: d2095ddf03fd615830d6dacf5841450d -> 
  custom:scripting/monoscript/fileName/NavMeshLinkEditor.cs: aed8ae070d922149bb2ba3de06889ff6 -> 
  custom:AudioImporter_EditorPlatform: d09bf68614088b80899f8185d706f6e7 -> 
  custom:scripting/monoscript/fileName/NavMeshModifier.cs: 99ae5ed91bb784edc4f8312d7de046da -> 
  custom:scripting/monoscript/fileName/NavMashAvoider.cs: 599595d5a460521efccc45d4c2a8d20f -> 
  custom:scripting/monoscript/fileName/NavMeshSceneConverter.cs: baf486a1c1cdf03a3111dd113d13c2f4 -> 
  custom:scripting/monoscript/fileName/SystemConverterContainer.cs: eb4026ea01a117ce0888f693e9eed2cd -> 
  custom:scripting/monoscript/fileName/NavMeshLink.cs: 0b3d0eeb07ab57d259e8f9365538df09 -> 
  custom:scripting/monoscript/fileName/ObsoleteNavigationWindowMenuEntry.cs: c7f73386e6473f401a8e4151cac4e1e5 -> 
  custom:scripting/monoscript/fileName/InitializeConverterContext.cs: a97e19589a5774cdc2a34a28caea355f -> 
  custom:scripting/monoscript/fileName/SystemConverter.cs: c748d1769fc66e95256254a1cc1497f3 -> 
  custom:video-encoder-webm-vp8: eb34c28f22e8b96e1ab97ce403110664 -> 
  custom:audio-decoder-ogg-vorbis: bf7c407c2cedff20999df2af8eb42d56 -> 
  custom:scripting/monoscript/fileName/RunItemContext.cs: 338b2243183036c2b60f94c1b5e817c5 -> 
  custom:scripting/monoscript/fileName/Test.cs: 8289d0398bd9a051035a87365428a0e7 -> 
  custom:audio-encoder-webm-vorbis: bf7c407c2cedff20999df2af8eb42d56 -> 
  custom:scripting/monoscript/fileName/PoissonDiskSampler.cs: 52180e748fc5bf68fb8a4b4e27682930 -> 
  custom:scripting/precompiled-assembly-types:Assembly-CSharp: f81420d14e8bf607242a29ad3565e5d8 -> e66928de38364bb08ef9436b3612de99
  custom:scripting/monoscript/fileName/SystemConvertersEditor.cs: c127c1335f24b77ca70195bf2136c6a2 -> 
========================================================================
Received Prepare
Caller must complete domain reload
Begin MonoManager ReloadAssembly
- Loaded All Assemblies, in  0.248 seconds
Native extension for WindowsStandalone target not found
Mono: successfully reloaded assembly
- Finished resetting the current domain, in  0.536 seconds
Domain Reload Profiling: 783ms
	BeginReloadAssembly (86ms)
		ExecutionOrderSort (0ms)
		DisableScriptedObjects (3ms)
		BackupInstance (0ms)
		ReleaseScriptingObjects (0ms)
		CreateAndSetChildDomain (16ms)
	RebuildCommonClasses (18ms)
	RebuildNativeTypeToScriptingClass (5ms)
	initialDomainReloadingComplete (13ms)
	LoadAllAssembliesAndSetupDomain (124ms)
		LoadAssemblies (161ms)
		RebuildTransferFunctionScriptingTraits (0ms)
		AnalyzeDomain (9ms)
			TypeCache.Refresh (4ms)
				TypeCache.ScanAssembly (0ms)
			ScanForSourceGeneratedMonoScriptInfo (0ms)
			ResolveRequiredComponents (4ms)
	FinalizeReload (536ms)
		ReleaseScriptCaches (0ms)
		RebuildScriptCaches (0ms)
		SetupLoadedEditorAssemblies (235ms)
			LogAssemblyErrors (0ms)
			InitializePlatformSupportModulesInManaged (3ms)
			SetLoadedEditorAssemblies (2ms)
			RefreshPlugins (0ms)
			BeforeProcessingInitializeOnLoad (32ms)
			ProcessInitializeOnLoadAttributes (183ms)
			ProcessInitializeOnLoadMethodAttributes (14ms)
			AfterProcessingInitializeOnLoad (1ms)
			EditorAssembliesLoaded (0ms)
		ExecutionOrderSort2 (0ms)
		AwakeInstancesAfterBackupRestoration (5ms)
Refreshing native plugins compatible for Editor in 2.55 ms, found 3 plugins.
Preloading 0 native plugins for Editor in 0.00 ms.
Unloading 3439 Unused Serialized files (Serialized files now loaded: 0)
Unloading 15 unused Assets / (99.8 KB). Loaded Objects now: 4662.
Memory consumption went from 126.8 MB to 126.7 MB.
Total: 1.958000 ms (FindLiveObjects: 0.161700 ms CreateObjectMapping: 0.079900 ms MarkObjects: 1.683500 ms  DeleteObjects: 0.032400 ms)

Prepare: number of updated asset objects reloaded= 0
AssetImportParameters requested are different than current active one (requested -> active):
  custom:scripting/monoscript/fileName/NavMeshSurface.cs: 34aebd278d8d3d5db6b23265b9c700f9 -> 
  custom:scripting/precompiled-assembly-types:Unity.AI.Navigation: 5d8fa505e3253b9a2a456e2c28a1afb3 -> 
  custom:container-demuxer-ogg: 62fdf1f143b41e24485cea50d1cbac27 -> 
  custom:scripting/monoscript/fileName/NavMeshModifierVolumeEditor.cs: 262a50135a116189426aa01c964a744c -> 
  custom:scripting/monoscript/fileName/NavigationOverlay.cs: 2744f4e7946ebbb71339c9b1ce538d00 -> 
  custom:scripting/monoscript/fileName/PoissonDiscSampling.cs: 0c5ab15c9820bf9315795fcfabb0d889 -> 
  custom:scripting/monoscript/fileName/ConverterItemDescriptor.cs: 8182050d34c5cb602eb7913435a7abee -> 
  custom:video-codec-MediaFoundation-h265: 746d11721c4dcdbdad8f713fa42b33f4 -> 
  custom:scripting/monoscript/fileName/BuiltInToNavMeshSurfaceConverterContainer.cs: c40a906f9f99ea8a6c5aaa215767017f -> 
  custom:video-decoder-ogg-theora: a1e56fd34408186e4bbccfd4996cb3dc -> 
  custom:scripting/monoscript/fileName/EnemyHidingAI.cs: 90f9baacad470048560d668eeb4f5f40 -> 
  custom:framework-win-MediaFoundation: 216162199b28c13a410421893ffa2e32 -> 
  custom:scripting/monoscript/fileName/NavigationWindow.cs: 7884404b71178f59d8819c380b951d7c -> 
  custom:scripting/monoscript/fileName/NavMeshComponentsGUIUtility.cs: 08c52049b94db52661003d42fda4ecff -> 
  custom:scripting/monoscript/fileName/ConverterItemInfo.cs: 9fb131dfa28a9ed6b6d00fd9cf83ece4 -> 
  custom:CustomObjectIndexerAttribute: 9a22284fe3817be447336de3de66b15e -> 
  custom:scripting/monoscript/fileName/NavMeshAssetManager.cs: 79eb4858c2054289cd611249ab36b0a5 -> 
  custom:scripting/monoscript/fileName/HidingSpotGenerator.cs: e75778abca4b6afc5582c8ed1dd3e9cd -> 
  custom:scripting/monoscript/fileName/NavMeshSurfaceEditor.cs: adb1294e971eab992abc2e3e7e051565 -> 
  custom:container-demuxer-webm: 4f35f7cbe854078d1ac9338744f61a02 -> 
  custom:scripting/monoscript/fileName/NavMeshModifierVolume.cs: 8dc531216c72b86c60b86e16ff3da10b -> 
  custom:scripting/monoscript/fileName/NavMeshUpdaterUtility.cs: 5eb03802e6dba19b3e13aaf384805cac -> 
  custom:scripting/monoscript/fileName/NavigationPreferences.cs: ada9399a4f085d4c824cc06527e7fcae -> 
  custom:scripting/monoscript/fileName/NavMeshUpdaterEditor.cs: 169704080eda430978bba61ddedeb304 -> 
  custom:scripting/precompiled-assembly-types:Unity.AI.Navigation.Editor.ConversionSystem: 27c718e5de2659aeeb663e092dc21158 -> 
  custom:scripting/monoscript/fileName/NavMeshModifierEditor.cs: b8675d28116f43f78881455a7301fe8c -> 
  custom:container-muxer-webm: aa71ff27fc2769a1b78a27578f13a17b -> 
  custom:video-decoder-webm-vp8: 9c59270c3fd7afecdb556c50c9e8de78 -> 
  custom:scripting/precompiled-assembly-types:Unity.AI.Navigation.Editor: 7eaf38f66973fde07200cf372b24130e -> 
  custom:scripting/monoscript/fileName/HelpUrls.cs: c1a90585e3e9c9d25f58f9141655f24f -> 
  custom:scripting/monoscript/fileName/EditorStyles.cs: 86b9f4d8fe570a8d8295bfc466c975cf -> 
  custom:SearchIndexIgnoredProperties: e643bd26f0fe6173181afceb89e7c659 -> 
  custom:scripting/precompiled-assembly-types:Unity.AI.Navigation.Updater: d2095ddf03fd615830d6dacf5841450d -> 
  custom:scripting/monoscript/fileName/NavMeshLinkEditor.cs: aed8ae070d922149bb2ba3de06889ff6 -> 
  custom:AudioImporter_EditorPlatform: d09bf68614088b80899f8185d706f6e7 -> 
  custom:scripting/monoscript/fileName/NavMeshModifier.cs: 99ae5ed91bb784edc4f8312d7de046da -> 
  custom:scripting/monoscript/fileName/NavMashAvoider.cs: 599595d5a460521efccc45d4c2a8d20f -> 
  custom:scripting/monoscript/fileName/NavMeshSceneConverter.cs: baf486a1c1cdf03a3111dd113d13c2f4 -> 
  custom:scripting/monoscript/fileName/SystemConverterContainer.cs: eb4026ea01a117ce0888f693e9eed2cd -> 
  custom:scripting/monoscript/fileName/NavMeshLink.cs: 0b3d0eeb07ab57d259e8f9365538df09 -> 
  custom:scripting/monoscript/fileName/ObsoleteNavigationWindowMenuEntry.cs: c7f73386e6473f401a8e4151cac4e1e5 -> 
  custom:scripting/monoscript/fileName/InitializeConverterContext.cs: a97e19589a5774cdc2a34a28caea355f -> 
  custom:scripting/monoscript/fileName/SystemConverter.cs: c748d1769fc66e95256254a1cc1497f3 -> 
  custom:video-encoder-webm-vp8: eb34c28f22e8b96e1ab97ce403110664 -> 
  custom:audio-decoder-ogg-vorbis: bf7c407c2cedff20999df2af8eb42d56 -> 
  custom:scripting/monoscript/fileName/RunItemContext.cs: 338b2243183036c2b60f94c1b5e817c5 -> 
  custom:scripting/monoscript/fileName/Test.cs: 8289d0398bd9a051035a87365428a0e7 -> 
  custom:audio-encoder-webm-vorbis: bf7c407c2cedff20999df2af8eb42d56 -> 
  custom:scripting/monoscript/fileName/PoissonDiskSampler.cs: 52180e748fc5bf68fb8a4b4e27682930 -> 
  custom:scripting/precompiled-assembly-types:Assembly-CSharp: f81420d14e8bf607242a29ad3565e5d8 -> e66928de38364bb08ef9436b3612de99
  custom:scripting/monoscript/fileName/SystemConvertersEditor.cs: c127c1335f24b77ca70195bf2136c6a2 -> 
========================================================================
Received Prepare
Caller must complete domain reload
Begin MonoManager ReloadAssembly
- Loaded All Assemblies, in  0.236 seconds
Native extension for WindowsStandalone target not found
Mono: successfully reloaded assembly
- Finished resetting the current domain, in  0.569 seconds
Domain Reload Profiling: 804ms
	BeginReloadAssembly (82ms)
		ExecutionOrderSort (0ms)
		DisableScriptedObjects (3ms)
		BackupInstance (0ms)
		ReleaseScriptingObjects (0ms)
		CreateAndSetChildDomain (14ms)
	RebuildCommonClasses (18ms)
	RebuildNativeTypeToScriptingClass (6ms)
	initialDomainReloadingComplete (14ms)
	LoadAllAssembliesAndSetupDomain (116ms)
		LoadAssemblies (146ms)
		RebuildTransferFunctionScriptingTraits (0ms)
		AnalyzeDomain (13ms)
			TypeCache.Refresh (5ms)
				TypeCache.ScanAssembly (0ms)
			ScanForSourceGeneratedMonoScriptInfo (4ms)
			ResolveRequiredComponents (3ms)
	FinalizeReload (570ms)
		ReleaseScriptCaches (0ms)
		RebuildScriptCaches (0ms)
		SetupLoadedEditorAssemblies (210ms)
			LogAssemblyErrors (0ms)
			InitializePlatformSupportModulesInManaged (3ms)
			SetLoadedEditorAssemblies (2ms)
			RefreshPlugins (0ms)
			BeforeProcessingInitializeOnLoad (31ms)
			ProcessInitializeOnLoadAttributes (163ms)
			ProcessInitializeOnLoadMethodAttributes (10ms)
			AfterProcessingInitializeOnLoad (1ms)
			EditorAssembliesLoaded (0ms)
		ExecutionOrderSort2 (0ms)
		AwakeInstancesAfterBackupRestoration (4ms)
Refreshing native plugins compatible for Editor in 1.98 ms, found 3 plugins.
Preloading 0 native plugins for Editor in 0.00 ms.
Unloading 3436 Unused Serialized files (Serialized files now loaded: 0)
Unloading 18 unused Assets / (102.2 KB). Loaded Objects now: 4674.
Memory consumption went from 126.7 MB to 126.6 MB.
Total: 1.813600 ms (FindLiveObjects: 0.164900 ms CreateObjectMapping: 0.042100 ms MarkObjects: 1.562800 ms  DeleteObjects: 0.043400 ms)

Prepare: number of updated asset objects reloaded= 0
AssetImportParameters requested are different than current active one (requested -> active):
  custom:scripting/monoscript/fileName/NavMeshSurface.cs: 34aebd278d8d3d5db6b23265b9c700f9 -> 
  custom:scripting/precompiled-assembly-types:Unity.AI.Navigation: 5d8fa505e3253b9a2a456e2c28a1afb3 -> 
  custom:container-demuxer-ogg: 62fdf1f143b41e24485cea50d1cbac27 -> 
  custom:scripting/monoscript/fileName/NavMeshModifierVolumeEditor.cs: 262a50135a116189426aa01c964a744c -> 
  custom:scripting/monoscript/fileName/NavigationOverlay.cs: 2744f4e7946ebbb71339c9b1ce538d00 -> 
  custom:scripting/monoscript/fileName/PoissonDiscSampling.cs: 0c5ab15c9820bf9315795fcfabb0d889 -> 
  custom:scripting/monoscript/fileName/ConverterItemDescriptor.cs: 8182050d34c5cb602eb7913435a7abee -> 
  custom:video-codec-MediaFoundation-h265: 746d11721c4dcdbdad8f713fa42b33f4 -> 
  custom:scripting/monoscript/fileName/BuiltInToNavMeshSurfaceConverterContainer.cs: c40a906f9f99ea8a6c5aaa215767017f -> 
  custom:video-decoder-ogg-theora: a1e56fd34408186e4bbccfd4996cb3dc -> 
  custom:scripting/monoscript/fileName/EnemyHidingAI.cs: 90f9baacad470048560d668eeb4f5f40 -> 
  custom:framework-win-MediaFoundation: 216162199b28c13a410421893ffa2e32 -> 
  custom:scripting/monoscript/fileName/NavigationWindow.cs: 7884404b71178f59d8819c380b951d7c -> 
  custom:scripting/monoscript/fileName/NavMeshComponentsGUIUtility.cs: 08c52049b94db52661003d42fda4ecff -> 
  custom:scripting/monoscript/fileName/ConverterItemInfo.cs: 9fb131dfa28a9ed6b6d00fd9cf83ece4 -> 
  custom:CustomObjectIndexerAttribute: 9a22284fe3817be447336de3de66b15e -> 
  custom:scripting/monoscript/fileName/NavMeshAssetManager.cs: 79eb4858c2054289cd611249ab36b0a5 -> 
  custom:scripting/monoscript/fileName/HidingSpotGenerator.cs: e75778abca4b6afc5582c8ed1dd3e9cd -> 
  custom:scripting/monoscript/fileName/NavMeshSurfaceEditor.cs: adb1294e971eab992abc2e3e7e051565 -> 
  custom:container-demuxer-webm: 4f35f7cbe854078d1ac9338744f61a02 -> 
  custom:scripting/monoscript/fileName/NavMeshModifierVolume.cs: 8dc531216c72b86c60b86e16ff3da10b -> 
  custom:scripting/monoscript/fileName/NavMeshUpdaterUtility.cs: 5eb03802e6dba19b3e13aaf384805cac -> 
  custom:scripting/monoscript/fileName/NavigationPreferences.cs: ada9399a4f085d4c824cc06527e7fcae -> 
  custom:scripting/monoscript/fileName/NavMeshUpdaterEditor.cs: 169704080eda430978bba61ddedeb304 -> 
  custom:scripting/precompiled-assembly-types:Unity.AI.Navigation.Editor.ConversionSystem: 27c718e5de2659aeeb663e092dc21158 -> 
  custom:scripting/monoscript/fileName/NavMeshModifierEditor.cs: b8675d28116f43f78881455a7301fe8c -> 
  custom:container-muxer-webm: aa71ff27fc2769a1b78a27578f13a17b -> 
  custom:video-decoder-webm-vp8: 9c59270c3fd7afecdb556c50c9e8de78 -> 
  custom:scripting/precompiled-assembly-types:Unity.AI.Navigation.Editor: 7eaf38f66973fde07200cf372b24130e -> 
  custom:scripting/monoscript/fileName/HelpUrls.cs: c1a90585e3e9c9d25f58f9141655f24f -> 
  custom:scripting/monoscript/fileName/EditorStyles.cs: 86b9f4d8fe570a8d8295bfc466c975cf -> 
  custom:SearchIndexIgnoredProperties: e643bd26f0fe6173181afceb89e7c659 -> 
  custom:scripting/precompiled-assembly-types:Unity.AI.Navigation.Updater: d2095ddf03fd615830d6dacf5841450d -> 
  custom:scripting/monoscript/fileName/NavMeshLinkEditor.cs: aed8ae070d922149bb2ba3de06889ff6 -> 
  custom:AudioImporter_EditorPlatform: d09bf68614088b80899f8185d706f6e7 -> 
  custom:scripting/monoscript/fileName/NavMeshModifier.cs: 99ae5ed91bb784edc4f8312d7de046da -> 
  custom:scripting/monoscript/fileName/NavMashAvoider.cs: 599595d5a460521efccc45d4c2a8d20f -> 
  custom:scripting/monoscript/fileName/NavMeshSceneConverter.cs: baf486a1c1cdf03a3111dd113d13c2f4 -> 
  custom:scripting/monoscript/fileName/SystemConverterContainer.cs: eb4026ea01a117ce0888f693e9eed2cd -> 
  custom:scripting/monoscript/fileName/NavMeshLink.cs: 0b3d0eeb07ab57d259e8f9365538df09 -> 
  custom:scripting/monoscript/fileName/ObsoleteNavigationWindowMenuEntry.cs: c7f73386e6473f401a8e4151cac4e1e5 -> 
  custom:scripting/monoscript/fileName/InitializeConverterContext.cs: a97e19589a5774cdc2a34a28caea355f -> 
  custom:scripting/monoscript/fileName/SystemConverter.cs: c748d1769fc66e95256254a1cc1497f3 -> 
  custom:video-encoder-webm-vp8: eb34c28f22e8b96e1ab97ce403110664 -> 
  custom:audio-decoder-ogg-vorbis: bf7c407c2cedff20999df2af8eb42d56 -> 
  custom:scripting/monoscript/fileName/RunItemContext.cs: 338b2243183036c2b60f94c1b5e817c5 -> 
  custom:scripting/monoscript/fileName/Test.cs: 8289d0398bd9a051035a87365428a0e7 -> 
  custom:audio-encoder-webm-vorbis: bf7c407c2cedff20999df2af8eb42d56 -> 
  custom:scripting/monoscript/fileName/PoissonDiskSampler.cs: 52180e748fc5bf68fb8a4b4e27682930 -> 
  custom:scripting/precompiled-assembly-types:Assembly-CSharp: 2df12c1cc141295cfeb17ded0fd01b12 -> e66928de38364bb08ef9436b3612de99
  custom:scripting/monoscript/fileName/SystemConvertersEditor.cs: c127c1335f24b77ca70195bf2136c6a2 -> 
========================================================================
Received Prepare
Caller must complete domain reload
Begin MonoManager ReloadAssembly
- Loaded All Assemblies, in  0.436 seconds
Native extension for WindowsStandalone target not found
Mono: successfully reloaded assembly
- Finished resetting the current domain, in  1.138 seconds
Domain Reload Profiling: 1570ms
	BeginReloadAssembly (142ms)
		ExecutionOrderSort (0ms)
		DisableScriptedObjects (7ms)
		BackupInstance (0ms)
		ReleaseScriptingObjects (0ms)
		CreateAndSetChildDomain (34ms)
	RebuildCommonClasses (31ms)
	RebuildNativeTypeToScriptingClass (11ms)
	initialDomainReloadingComplete (25ms)
	LoadAllAssembliesAndSetupDomain (222ms)
		LoadAssemblies (280ms)
		RebuildTransferFunctionScriptingTraits (0ms)
		AnalyzeDomain (22ms)
			TypeCache.Refresh (8ms)
				TypeCache.ScanAssembly (0ms)
			ScanForSourceGeneratedMonoScriptInfo (6ms)
			ResolveRequiredComponents (6ms)
	FinalizeReload (1138ms)
		ReleaseScriptCaches (0ms)
		RebuildScriptCaches (0ms)
		SetupLoadedEditorAssemblies (434ms)
			LogAssemblyErrors (0ms)
			InitializePlatformSupportModulesInManaged (5ms)
			SetLoadedEditorAssemblies (3ms)
			RefreshPlugins (0ms)
			BeforeProcessingInitializeOnLoad (57ms)
			ProcessInitializeOnLoadAttributes (346ms)
			ProcessInitializeOnLoadMethodAttributes (21ms)
			AfterProcessingInitializeOnLoad (3ms)
			EditorAssembliesLoaded (0ms)
		ExecutionOrderSort2 (0ms)
		AwakeInstancesAfterBackupRestoration (8ms)
Refreshing native plugins compatible for Editor in 4.52 ms, found 3 plugins.
Preloading 0 native plugins for Editor in 0.00 ms.
Unloading 3436 Unused Serialized files (Serialized files now loaded: 0)
Unloading 15 unused Assets / (99.8 KB). Loaded Objects now: 4689.
Memory consumption went from 126.7 MB to 126.6 MB.
Total: 2.926500 ms (FindLiveObjects: 0.306400 ms CreateObjectMapping: 0.081500 ms MarkObjects: 2.489400 ms  DeleteObjects: 0.048200 ms)

Prepare: number of updated asset objects reloaded= 0
AssetImportParameters requested are different than current active one (requested -> active):
  custom:scripting/monoscript/fileName/NavMeshSurface.cs: 34aebd278d8d3d5db6b23265b9c700f9 -> 
  custom:scripting/precompiled-assembly-types:Unity.AI.Navigation: 5d8fa505e3253b9a2a456e2c28a1afb3 -> 
  custom:container-demuxer-ogg: 62fdf1f143b41e24485cea50d1cbac27 -> 
  custom:scripting/monoscript/fileName/NavMeshModifierVolumeEditor.cs: 262a50135a116189426aa01c964a744c -> 
  custom:scripting/monoscript/fileName/NavigationOverlay.cs: 2744f4e7946ebbb71339c9b1ce538d00 -> 
  custom:scripting/monoscript/fileName/PoissonDiscSampling.cs: 0c5ab15c9820bf9315795fcfabb0d889 -> 
  custom:scripting/monoscript/fileName/ConverterItemDescriptor.cs: 8182050d34c5cb602eb7913435a7abee -> 
  custom:video-codec-MediaFoundation-h265: 746d11721c4dcdbdad8f713fa42b33f4 -> 
  custom:scripting/monoscript/fileName/BuiltInToNavMeshSurfaceConverterContainer.cs: c40a906f9f99ea8a6c5aaa215767017f -> 
  custom:video-decoder-ogg-theora: a1e56fd34408186e4bbccfd4996cb3dc -> 
  custom:scripting/monoscript/fileName/EnemyHidingAI.cs: 90f9baacad470048560d668eeb4f5f40 -> 
  custom:framework-win-MediaFoundation: 216162199b28c13a410421893ffa2e32 -> 
  custom:scripting/monoscript/fileName/NavigationWindow.cs: 7884404b71178f59d8819c380b951d7c -> 
  custom:scripting/monoscript/fileName/NavMeshComponentsGUIUtility.cs: 08c52049b94db52661003d42fda4ecff -> 
  custom:scripting/monoscript/fileName/ConverterItemInfo.cs: 9fb131dfa28a9ed6b6d00fd9cf83ece4 -> 
  custom:CustomObjectIndexerAttribute: 9a22284fe3817be447336de3de66b15e -> 
  custom:scripting/monoscript/fileName/NavMeshAssetManager.cs: 79eb4858c2054289cd611249ab36b0a5 -> 
  custom:scripting/monoscript/fileName/HidingSpotGenerator.cs: e75778abca4b6afc5582c8ed1dd3e9cd -> 
  custom:scripting/monoscript/fileName/NavMeshSurfaceEditor.cs: adb1294e971eab992abc2e3e7e051565 -> 
  custom:container-demuxer-webm: 4f35f7cbe854078d1ac9338744f61a02 -> 
  custom:scripting/monoscript/fileName/NavMeshModifierVolume.cs: 8dc531216c72b86c60b86e16ff3da10b -> 
  custom:scripting/monoscript/fileName/NavMeshUpdaterUtility.cs: 5eb03802e6dba19b3e13aaf384805cac -> 
  custom:scripting/monoscript/fileName/NavigationPreferences.cs: ada9399a4f085d4c824cc06527e7fcae -> 
  custom:scripting/monoscript/fileName/NavMeshUpdaterEditor.cs: 169704080eda430978bba61ddedeb304 -> 
  custom:scripting/precompiled-assembly-types:Unity.AI.Navigation.Editor.ConversionSystem: 27c718e5de2659aeeb663e092dc21158 -> 
  custom:scripting/monoscript/fileName/NavMeshModifierEditor.cs: b8675d28116f43f78881455a7301fe8c -> 
  custom:container-muxer-webm: aa71ff27fc2769a1b78a27578f13a17b -> 
  custom:video-decoder-webm-vp8: 9c59270c3fd7afecdb556c50c9e8de78 -> 
  custom:scripting/precompiled-assembly-types:Unity.AI.Navigation.Editor: 7eaf38f66973fde07200cf372b24130e -> 
  custom:scripting/monoscript/fileName/HelpUrls.cs: c1a90585e3e9c9d25f58f9141655f24f -> 
  custom:scripting/monoscript/fileName/EditorStyles.cs: 86b9f4d8fe570a8d8295bfc466c975cf -> 
  custom:SearchIndexIgnoredProperties: e643bd26f0fe6173181afceb89e7c659 -> 
  custom:scripting/precompiled-assembly-types:Unity.AI.Navigation.Updater: d2095ddf03fd615830d6dacf5841450d -> 
  custom:scripting/monoscript/fileName/NavMeshLinkEditor.cs: aed8ae070d922149bb2ba3de06889ff6 -> 
  custom:AudioImporter_EditorPlatform: d09bf68614088b80899f8185d706f6e7 -> 
  custom:scripting/monoscript/fileName/NavMeshModifier.cs: 99ae5ed91bb784edc4f8312d7de046da -> 
  custom:scripting/monoscript/fileName/NavMashAvoider.cs: 599595d5a460521efccc45d4c2a8d20f -> 
  custom:scripting/monoscript/fileName/NavMeshSceneConverter.cs: baf486a1c1cdf03a3111dd113d13c2f4 -> 
  custom:scripting/monoscript/fileName/SystemConverterContainer.cs: eb4026ea01a117ce0888f693e9eed2cd -> 
  custom:scripting/monoscript/fileName/NavMeshLink.cs: 0b3d0eeb07ab57d259e8f9365538df09 -> 
  custom:scripting/monoscript/fileName/ObsoleteNavigationWindowMenuEntry.cs: c7f73386e6473f401a8e4151cac4e1e5 -> 
  custom:scripting/monoscript/fileName/InitializeConverterContext.cs: a97e19589a5774cdc2a34a28caea355f -> 
  custom:scripting/monoscript/fileName/SystemConverter.cs: c748d1769fc66e95256254a1cc1497f3 -> 
  custom:video-encoder-webm-vp8: eb34c28f22e8b96e1ab97ce403110664 -> 
  custom:audio-decoder-ogg-vorbis: bf7c407c2cedff20999df2af8eb42d56 -> 
  custom:scripting/monoscript/fileName/RunItemContext.cs: 338b2243183036c2b60f94c1b5e817c5 -> 
  custom:scripting/monoscript/fileName/Test.cs: 8289d0398bd9a051035a87365428a0e7 -> 
  custom:audio-encoder-webm-vorbis: bf7c407c2cedff20999df2af8eb42d56 -> 
  custom:scripting/monoscript/fileName/PoissonDiskSampler.cs: 52180e748fc5bf68fb8a4b4e27682930 -> 
  custom:scripting/precompiled-assembly-types:Assembly-CSharp: 2df12c1cc141295cfeb17ded0fd01b12 -> e66928de38364bb08ef9436b3612de99
  custom:scripting/monoscript/fileName/SystemConvertersEditor.cs: c127c1335f24b77ca70195bf2136c6a2 -> 
========================================================================
Received Prepare
Caller must complete domain reload
Begin MonoManager ReloadAssembly
- Loaded All Assemblies, in  0.466 seconds
Native extension for WindowsStandalone target not found
Mono: successfully reloaded assembly
- Finished resetting the current domain, in  1.157 seconds
Domain Reload Profiling: 1622ms
	BeginReloadAssembly (159ms)
		ExecutionOrderSort (0ms)
		DisableScriptedObjects (5ms)
		BackupInstance (0ms)
		ReleaseScriptingObjects (0ms)
		CreateAndSetChildDomain (36ms)
	RebuildCommonClasses (32ms)
	RebuildNativeTypeToScriptingClass (11ms)
	initialDomainReloadingComplete (27ms)
	LoadAllAssembliesAndSetupDomain (232ms)
		LoadAssemblies (293ms)
		RebuildTransferFunctionScriptingTraits (0ms)
		AnalyzeDomain (22ms)
			TypeCache.Refresh (8ms)
				TypeCache.ScanAssembly (0ms)
			ScanForSourceGeneratedMonoScriptInfo (6ms)
			ResolveRequiredComponents (6ms)
	FinalizeReload (1160ms)
		ReleaseScriptCaches (0ms)
		RebuildScriptCaches (0ms)
		SetupLoadedEditorAssemblies (397ms)
			LogAssemblyErrors (0ms)
			InitializePlatformSupportModulesInManaged (5ms)
			SetLoadedEditorAssemblies (4ms)
			RefreshPlugins (0ms)
			BeforeProcessingInitializeOnLoad (58ms)
			ProcessInitializeOnLoadAttributes (299ms)
			ProcessInitializeOnLoadMethodAttributes (22ms)
			AfterProcessingInitializeOnLoad (6ms)
			EditorAssembliesLoaded (4ms)
		ExecutionOrderSort2 (0ms)
		AwakeInstancesAfterBackupRestoration (18ms)
Refreshing native plugins compatible for Editor in 5.37 ms, found 3 plugins.
Preloading 0 native plugins for Editor in 0.00 ms.
Unloading 3436 Unused Serialized files (Serialized files now loaded: 0)
Unloading 15 unused Assets / (99.8 KB). Loaded Objects now: 4704.
Memory consumption went from 126.7 MB to 126.6 MB.
Total: 5.572700 ms (FindLiveObjects: 0.269500 ms CreateObjectMapping: 0.084200 ms MarkObjects: 5.172500 ms  DeleteObjects: 0.045700 ms)

Prepare: number of updated asset objects reloaded= 0
AssetImportParameters requested are different than current active one (requested -> active):
  custom:scripting/monoscript/fileName/NavMeshSurface.cs: 34aebd278d8d3d5db6b23265b9c700f9 -> 
  custom:scripting/precompiled-assembly-types:Unity.AI.Navigation: 5d8fa505e3253b9a2a456e2c28a1afb3 -> 
  custom:container-demuxer-ogg: 62fdf1f143b41e24485cea50d1cbac27 -> 
  custom:scripting/monoscript/fileName/NavMeshModifierVolumeEditor.cs: 262a50135a116189426aa01c964a744c -> 
  custom:scripting/monoscript/fileName/NavigationOverlay.cs: 2744f4e7946ebbb71339c9b1ce538d00 -> 
  custom:scripting/monoscript/fileName/PoissonDiscSampling.cs: 0c5ab15c9820bf9315795fcfabb0d889 -> 
  custom:scripting/monoscript/fileName/ConverterItemDescriptor.cs: 8182050d34c5cb602eb7913435a7abee -> 
  custom:video-codec-MediaFoundation-h265: 746d11721c4dcdbdad8f713fa42b33f4 -> 
  custom:scripting/monoscript/fileName/BuiltInToNavMeshSurfaceConverterContainer.cs: c40a906f9f99ea8a6c5aaa215767017f -> 
  custom:video-decoder-ogg-theora: a1e56fd34408186e4bbccfd4996cb3dc -> 
  custom:scripting/monoscript/fileName/EnemyHidingAI.cs: 90f9baacad470048560d668eeb4f5f40 -> 
  custom:framework-win-MediaFoundation: 216162199b28c13a410421893ffa2e32 -> 
  custom:scripting/monoscript/fileName/NavigationWindow.cs: 7884404b71178f59d8819c380b951d7c -> 
  custom:scripting/monoscript/fileName/NavMeshComponentsGUIUtility.cs: 08c52049b94db52661003d42fda4ecff -> 
  custom:scripting/monoscript/fileName/ConverterItemInfo.cs: 9fb131dfa28a9ed6b6d00fd9cf83ece4 -> 
  custom:CustomObjectIndexerAttribute: 9a22284fe3817be447336de3de66b15e -> 
  custom:scripting/monoscript/fileName/NavMeshAssetManager.cs: 79eb4858c2054289cd611249ab36b0a5 -> 
  custom:scripting/monoscript/fileName/HidingSpotGenerator.cs: e75778abca4b6afc5582c8ed1dd3e9cd -> 
  custom:scripting/monoscript/fileName/NavMeshSurfaceEditor.cs: adb1294e971eab992abc2e3e7e051565 -> 
  custom:container-demuxer-webm: 4f35f7cbe854078d1ac9338744f61a02 -> 
  custom:scripting/monoscript/fileName/NavMeshModifierVolume.cs: 8dc531216c72b86c60b86e16ff3da10b -> 
  custom:scripting/monoscript/fileName/NavMeshUpdaterUtility.cs: 5eb03802e6dba19b3e13aaf384805cac -> 
  custom:scripting/monoscript/fileName/NavigationPreferences.cs: ada9399a4f085d4c824cc06527e7fcae -> 
  custom:scripting/monoscript/fileName/NavMeshUpdaterEditor.cs: 169704080eda430978bba61ddedeb304 -> 
  custom:scripting/precompiled-assembly-types:Unity.AI.Navigation.Editor.ConversionSystem: 27c718e5de2659aeeb663e092dc21158 -> 
  custom:scripting/monoscript/fileName/NavMeshModifierEditor.cs: b8675d28116f43f78881455a7301fe8c -> 
  custom:container-muxer-webm: aa71ff27fc2769a1b78a27578f13a17b -> 
  custom:video-decoder-webm-vp8: 9c59270c3fd7afecdb556c50c9e8de78 -> 
  custom:scripting/precompiled-assembly-types:Unity.AI.Navigation.Editor: 7eaf38f66973fde07200cf372b24130e -> 
  custom:scripting/monoscript/fileName/HelpUrls.cs: c1a90585e3e9c9d25f58f9141655f24f -> 
  custom:scripting/monoscript/fileName/EditorStyles.cs: 86b9f4d8fe570a8d8295bfc466c975cf -> 
  custom:SearchIndexIgnoredProperties: e643bd26f0fe6173181afceb89e7c659 -> 
  custom:scripting/precompiled-assembly-types:Unity.AI.Navigation.Updater: d2095ddf03fd615830d6dacf5841450d -> 
  custom:scripting/monoscript/fileName/NavMeshLinkEditor.cs: aed8ae070d922149bb2ba3de06889ff6 -> 
  custom:AudioImporter_EditorPlatform: d09bf68614088b80899f8185d706f6e7 -> 
  custom:scripting/monoscript/fileName/NavMeshModifier.cs: 99ae5ed91bb784edc4f8312d7de046da -> 
  custom:scripting/monoscript/fileName/NavMashAvoider.cs: 599595d5a460521efccc45d4c2a8d20f -> 
  custom:scripting/monoscript/fileName/NavMeshSceneConverter.cs: baf486a1c1cdf03a3111dd113d13c2f4 -> 
  custom:scripting/monoscript/fileName/SystemConverterContainer.cs: eb4026ea01a117ce0888f693e9eed2cd -> 
  custom:scripting/monoscript/fileName/NavMeshLink.cs: 0b3d0eeb07ab57d259e8f9365538df09 -> 
  custom:scripting/monoscript/fileName/ObsoleteNavigationWindowMenuEntry.cs: c7f73386e6473f401a8e4151cac4e1e5 -> 
  custom:scripting/monoscript/fileName/InitializeConverterContext.cs: a97e19589a5774cdc2a34a28caea355f -> 
  custom:scripting/monoscript/fileName/SystemConverter.cs: c748d1769fc66e95256254a1cc1497f3 -> 
  custom:video-encoder-webm-vp8: eb34c28f22e8b96e1ab97ce403110664 -> 
  custom:audio-decoder-ogg-vorbis: bf7c407c2cedff20999df2af8eb42d56 -> 
  custom:scripting/monoscript/fileName/RunItemContext.cs: 338b2243183036c2b60f94c1b5e817c5 -> 
  custom:scripting/monoscript/fileName/Test.cs: 8289d0398bd9a051035a87365428a0e7 -> 
  custom:audio-encoder-webm-vorbis: bf7c407c2cedff20999df2af8eb42d56 -> 
  custom:scripting/monoscript/fileName/PoissonDiskSampler.cs: 52180e748fc5bf68fb8a4b4e27682930 -> 
  custom:scripting/precompiled-assembly-types:Assembly-CSharp: 2df12c1cc141295cfeb17ded0fd01b12 -> e66928de38364bb08ef9436b3612de99
  custom:scripting/monoscript/fileName/SystemConvertersEditor.cs: c127c1335f24b77ca70195bf2136c6a2 -> 
========================================================================
Received Prepare
Caller must complete domain reload
Begin MonoManager ReloadAssembly
- Loaded All Assemblies, in  0.241 seconds
Native extension for WindowsStandalone target not found
Mono: successfully reloaded assembly
- Finished resetting the current domain, in  0.530 seconds
Domain Reload Profiling: 770ms
	BeginReloadAssembly (84ms)
		ExecutionOrderSort (0ms)
		DisableScriptedObjects (3ms)
		BackupInstance (0ms)
		ReleaseScriptingObjects (0ms)
		CreateAndSetChildDomain (16ms)
	RebuildCommonClasses (19ms)
	RebuildNativeTypeToScriptingClass (6ms)
	initialDomainReloadingComplete (16ms)
	LoadAllAssembliesAndSetupDomain (116ms)
		LoadAssemblies (151ms)
		RebuildTransferFunctionScriptingTraits (0ms)
		AnalyzeDomain (9ms)
			TypeCache.Refresh (4ms)
				TypeCache.ScanAssembly (0ms)
			ScanForSourceGeneratedMonoScriptInfo (0ms)
			ResolveRequiredComponents (3ms)
	FinalizeReload (530ms)
		ReleaseScriptCaches (0ms)
		RebuildScriptCaches (0ms)
		SetupLoadedEditorAssemblies (224ms)
			LogAssemblyErrors (0ms)
			InitializePlatformSupportModulesInManaged (3ms)
			SetLoadedEditorAssemblies (2ms)
			RefreshPlugins (0ms)
			BeforeProcessingInitializeOnLoad (34ms)
			ProcessInitializeOnLoadAttributes (171ms)
			ProcessInitializeOnLoadMethodAttributes (13ms)
			AfterProcessingInitializeOnLoad (1ms)
			EditorAssembliesLoaded (0ms)
		ExecutionOrderSort2 (0ms)
		AwakeInstancesAfterBackupRestoration (5ms)
Refreshing native plugins compatible for Editor in 2.68 ms, found 3 plugins.
Preloading 0 native plugins for Editor in 0.00 ms.
Unloading 3436 Unused Serialized files (Serialized files now loaded: 0)
Unloading 15 unused Assets / (99.8 KB). Loaded Objects now: 4719.
Memory consumption went from 126.7 MB to 126.6 MB.
Total: 1.870000 ms (FindLiveObjects: 0.174000 ms CreateObjectMapping: 0.106800 ms MarkObjects: 1.555700 ms  DeleteObjects: 0.032800 ms)

Prepare: number of updated asset objects reloaded= 0
AssetImportParameters requested are different than current active one (requested -> active):
  custom:scripting/monoscript/fileName/NavMeshSurface.cs: 34aebd278d8d3d5db6b23265b9c700f9 -> 
  custom:scripting/precompiled-assembly-types:Unity.AI.Navigation: 5d8fa505e3253b9a2a456e2c28a1afb3 -> 
  custom:container-demuxer-ogg: 62fdf1f143b41e24485cea50d1cbac27 -> 
  custom:scripting/monoscript/fileName/NavMeshModifierVolumeEditor.cs: 262a50135a116189426aa01c964a744c -> 
  custom:scripting/monoscript/fileName/NavigationOverlay.cs: 2744f4e7946ebbb71339c9b1ce538d00 -> 
  custom:scripting/monoscript/fileName/PoissonDiscSampling.cs: 0c5ab15c9820bf9315795fcfabb0d889 -> 
  custom:scripting/monoscript/fileName/ConverterItemDescriptor.cs: 8182050d34c5cb602eb7913435a7abee -> 
  custom:video-codec-MediaFoundation-h265: 746d11721c4dcdbdad8f713fa42b33f4 -> 
  custom:scripting/monoscript/fileName/BuiltInToNavMeshSurfaceConverterContainer.cs: c40a906f9f99ea8a6c5aaa215767017f -> 
  custom:video-decoder-ogg-theora: a1e56fd34408186e4bbccfd4996cb3dc -> 
  custom:scripting/monoscript/fileName/EnemyHidingAI.cs: 90f9baacad470048560d668eeb4f5f40 -> 
  custom:framework-win-MediaFoundation: 216162199b28c13a410421893ffa2e32 -> 
  custom:scripting/monoscript/fileName/NavigationWindow.cs: 7884404b71178f59d8819c380b951d7c -> 
  custom:scripting/monoscript/fileName/NavMeshComponentsGUIUtility.cs: 08c52049b94db52661003d42fda4ecff -> 
  custom:scripting/monoscript/fileName/ConverterItemInfo.cs: 9fb131dfa28a9ed6b6d00fd9cf83ece4 -> 
  custom:CustomObjectIndexerAttribute: 9a22284fe3817be447336de3de66b15e -> 
  custom:scripting/monoscript/fileName/NavMeshAssetManager.cs: 79eb4858c2054289cd611249ab36b0a5 -> 
  custom:scripting/monoscript/fileName/HidingSpotGenerator.cs: e75778abca4b6afc5582c8ed1dd3e9cd -> 
  custom:scripting/monoscript/fileName/NavMeshSurfaceEditor.cs: adb1294e971eab992abc2e3e7e051565 -> 
  custom:container-demuxer-webm: 4f35f7cbe854078d1ac9338744f61a02 -> 
  custom:scripting/monoscript/fileName/NavMeshModifierVolume.cs: 8dc531216c72b86c60b86e16ff3da10b -> 
  custom:scripting/monoscript/fileName/NavMeshUpdaterUtility.cs: 5eb03802e6dba19b3e13aaf384805cac -> 
  custom:scripting/monoscript/fileName/NavigationPreferences.cs: ada9399a4f085d4c824cc06527e7fcae -> 
  custom:scripting/monoscript/fileName/NavMeshUpdaterEditor.cs: 169704080eda430978bba61ddedeb304 -> 
  custom:scripting/precompiled-assembly-types:Unity.AI.Navigation.Editor.ConversionSystem: 27c718e5de2659aeeb663e092dc21158 -> 
  custom:scripting/monoscript/fileName/NavMeshModifierEditor.cs: b8675d28116f43f78881455a7301fe8c -> 
  custom:container-muxer-webm: aa71ff27fc2769a1b78a27578f13a17b -> 
  custom:video-decoder-webm-vp8: 9c59270c3fd7afecdb556c50c9e8de78 -> 
  custom:scripting/precompiled-assembly-types:Unity.AI.Navigation.Editor: 7eaf38f66973fde07200cf372b24130e -> 
  custom:scripting/monoscript/fileName/HelpUrls.cs: c1a90585e3e9c9d25f58f9141655f24f -> 
  custom:scripting/monoscript/fileName/EditorStyles.cs: 86b9f4d8fe570a8d8295bfc466c975cf -> 
  custom:SearchIndexIgnoredProperties: e643bd26f0fe6173181afceb89e7c659 -> 
  custom:scripting/precompiled-assembly-types:Unity.AI.Navigation.Updater: d2095ddf03fd615830d6dacf5841450d -> 
  custom:scripting/monoscript/fileName/NavMeshLinkEditor.cs: aed8ae070d922149bb2ba3de06889ff6 -> 
  custom:AudioImporter_EditorPlatform: d09bf68614088b80899f8185d706f6e7 -> 
  custom:scripting/monoscript/fileName/NavMeshModifier.cs: 99ae5ed91bb784edc4f8312d7de046da -> 
  custom:scripting/monoscript/fileName/NavMashAvoider.cs: 599595d5a460521efccc45d4c2a8d20f -> 
  custom:scripting/monoscript/fileName/NavMeshSceneConverter.cs: baf486a1c1cdf03a3111dd113d13c2f4 -> 
  custom:scripting/monoscript/fileName/SystemConverterContainer.cs: eb4026ea01a117ce0888f693e9eed2cd -> 
  custom:scripting/monoscript/fileName/NavMeshLink.cs: 0b3d0eeb07ab57d259e8f9365538df09 -> 
  custom:scripting/monoscript/fileName/ObsoleteNavigationWindowMenuEntry.cs: c7f73386e6473f401a8e4151cac4e1e5 -> 
  custom:scripting/monoscript/fileName/InitializeConverterContext.cs: a97e19589a5774cdc2a34a28caea355f -> 
  custom:scripting/monoscript/fileName/SystemConverter.cs: c748d1769fc66e95256254a1cc1497f3 -> 
  custom:video-encoder-webm-vp8: eb34c28f22e8b96e1ab97ce403110664 -> 
  custom:audio-decoder-ogg-vorbis: bf7c407c2cedff20999df2af8eb42d56 -> 
  custom:scripting/monoscript/fileName/RunItemContext.cs: 338b2243183036c2b60f94c1b5e817c5 -> 
  custom:scripting/monoscript/fileName/Test.cs: 8289d0398bd9a051035a87365428a0e7 -> 
  custom:audio-encoder-webm-vorbis: bf7c407c2cedff20999df2af8eb42d56 -> 
  custom:scripting/monoscript/fileName/PoissonDiskSampler.cs: 52180e748fc5bf68fb8a4b4e27682930 -> 
  custom:scripting/precompiled-assembly-types:Assembly-CSharp: 2df12c1cc141295cfeb17ded0fd01b12 -> e66928de38364bb08ef9436b3612de99
  custom:scripting/monoscript/fileName/SystemConvertersEditor.cs: c127c1335f24b77ca70195bf2136c6a2 -> 
========================================================================
Received Prepare
Caller must complete domain reload
Begin MonoManager ReloadAssembly
- Loaded All Assemblies, in  0.245 seconds
Native extension for WindowsStandalone target not found
Mono: successfully reloaded assembly
- Finished resetting the current domain, in  0.502 seconds
Domain Reload Profiling: 746ms
	BeginReloadAssembly (85ms)
		ExecutionOrderSort (0ms)
		DisableScriptedObjects (3ms)
		BackupInstance (0ms)
		ReleaseScriptingObjects (0ms)
		CreateAndSetChildDomain (17ms)
	RebuildCommonClasses (18ms)
	RebuildNativeTypeToScriptingClass (7ms)
	initialDomainReloadingComplete (14ms)
	LoadAllAssembliesAndSetupDomain (121ms)
		LoadAssemblies (150ms)
		RebuildTransferFunctionScriptingTraits (0ms)
		AnalyzeDomain (14ms)
			TypeCache.Refresh (6ms)
				TypeCache.ScanAssembly (0ms)
			ScanForSourceGeneratedMonoScriptInfo (4ms)
			ResolveRequiredComponents (3ms)
	FinalizeReload (502ms)
		ReleaseScriptCaches (0ms)
		RebuildScriptCaches (0ms)
		SetupLoadedEditorAssemblies (218ms)
			LogAssemblyErrors (0ms)
			InitializePlatformSupportModulesInManaged (3ms)
			SetLoadedEditorAssemblies (2ms)
			RefreshPlugins (0ms)
			BeforeProcessingInitializeOnLoad (33ms)
			ProcessInitializeOnLoadAttributes (168ms)
			ProcessInitializeOnLoadMethodAttributes (10ms)
			AfterProcessingInitializeOnLoad (1ms)
			EditorAssembliesLoaded (0ms)
		ExecutionOrderSort2 (0ms)
		AwakeInstancesAfterBackupRestoration (4ms)
Refreshing native plugins compatible for Editor in 2.00 ms, found 3 plugins.
Preloading 0 native plugins for Editor in 0.00 ms.
Unloading 3437 Unused Serialized files (Serialized files now loaded: 0)
Unloading 15 unused Assets / (99.8 KB). Loaded Objects now: 4735.
Memory consumption went from 126.8 MB to 126.7 MB.
Total: 1.928500 ms (FindLiveObjects: 0.223300 ms CreateObjectMapping: 0.063800 ms MarkObjects: 1.604400 ms  DeleteObjects: 0.036000 ms)

Prepare: number of updated asset objects reloaded= 0
AssetImportParameters requested are different than current active one (requested -> active):
  custom:scripting/monoscript/fileName/NavMeshSurface.cs: 34aebd278d8d3d5db6b23265b9c700f9 -> 
  custom:scripting/precompiled-assembly-types:Unity.AI.Navigation: 5d8fa505e3253b9a2a456e2c28a1afb3 -> 
  custom:container-demuxer-ogg: 62fdf1f143b41e24485cea50d1cbac27 -> 
  custom:scripting/monoscript/fileName/NavMeshModifierVolumeEditor.cs: 262a50135a116189426aa01c964a744c -> 
  custom:scripting/monoscript/fileName/NavigationOverlay.cs: 2744f4e7946ebbb71339c9b1ce538d00 -> 
  custom:scripting/monoscript/fileName/PoissonDiscSampling.cs: 0c5ab15c9820bf9315795fcfabb0d889 -> 
  custom:scripting/monoscript/fileName/ConverterItemDescriptor.cs: 8182050d34c5cb602eb7913435a7abee -> 
  custom:video-codec-MediaFoundation-h265: 746d11721c4dcdbdad8f713fa42b33f4 -> 
  custom:scripting/monoscript/fileName/BuiltInToNavMeshSurfaceConverterContainer.cs: c40a906f9f99ea8a6c5aaa215767017f -> 
  custom:video-decoder-ogg-theora: a1e56fd34408186e4bbccfd4996cb3dc -> 
  custom:scripting/monoscript/fileName/EnemyHidingAI.cs: 90f9baacad470048560d668eeb4f5f40 -> 
  custom:framework-win-MediaFoundation: 216162199b28c13a410421893ffa2e32 -> 
  custom:scripting/monoscript/fileName/NewBehaviourScript.cs: b21687ddb03d73bd9f0c1daecb9714de -> 
  custom:scripting/monoscript/fileName/NavigationWindow.cs: 7884404b71178f59d8819c380b951d7c -> 
  custom:scripting/monoscript/fileName/NavMeshComponentsGUIUtility.cs: 08c52049b94db52661003d42fda4ecff -> 
  custom:scripting/monoscript/fileName/ConverterItemInfo.cs: 9fb131dfa28a9ed6b6d00fd9cf83ece4 -> 
  custom:CustomObjectIndexerAttribute: 9a22284fe3817be447336de3de66b15e -> 
  custom:scripting/monoscript/fileName/NavMeshAssetManager.cs: 79eb4858c2054289cd611249ab36b0a5 -> 
  custom:scripting/monoscript/fileName/HidingSpotGenerator.cs: e75778abca4b6afc5582c8ed1dd3e9cd -> 
  custom:scripting/monoscript/fileName/NavMeshSurfaceEditor.cs: adb1294e971eab992abc2e3e7e051565 -> 
  custom:container-demuxer-webm: 4f35f7cbe854078d1ac9338744f61a02 -> 
  custom:scripting/monoscript/fileName/NavMeshModifierVolume.cs: 8dc531216c72b86c60b86e16ff3da10b -> 
  custom:scripting/monoscript/fileName/NavMeshUpdaterUtility.cs: 5eb03802e6dba19b3e13aaf384805cac -> 
  custom:scripting/monoscript/fileName/NavigationPreferences.cs: ada9399a4f085d4c824cc06527e7fcae -> 
  custom:scripting/monoscript/fileName/NavMeshUpdaterEditor.cs: 169704080eda430978bba61ddedeb304 -> 
  custom:scripting/precompiled-assembly-types:Unity.AI.Navigation.Editor.ConversionSystem: 27c718e5de2659aeeb663e092dc21158 -> 
  custom:scripting/monoscript/fileName/NavMeshModifierEditor.cs: b8675d28116f43f78881455a7301fe8c -> 
  custom:container-muxer-webm: aa71ff27fc2769a1b78a27578f13a17b -> 
  custom:video-decoder-webm-vp8: 9c59270c3fd7afecdb556c50c9e8de78 -> 
  custom:scripting/precompiled-assembly-types:Unity.AI.Navigation.Editor: 7eaf38f66973fde07200cf372b24130e -> 
  custom:scripting/monoscript/fileName/HelpUrls.cs: c1a90585e3e9c9d25f58f9141655f24f -> 
  custom:scripting/monoscript/fileName/EditorStyles.cs: 86b9f4d8fe570a8d8295bfc466c975cf -> 
  custom:SearchIndexIgnoredProperties: e643bd26f0fe6173181afceb89e7c659 -> 
  custom:scripting/precompiled-assembly-types:Unity.AI.Navigation.Updater: d2095ddf03fd615830d6dacf5841450d -> 
  custom:scripting/monoscript/fileName/NavMeshLinkEditor.cs: aed8ae070d922149bb2ba3de06889ff6 -> 
  custom:AudioImporter_EditorPlatform: d09bf68614088b80899f8185d706f6e7 -> 
  custom:scripting/monoscript/fileName/NavMeshModifier.cs: 99ae5ed91bb784edc4f8312d7de046da -> 
  custom:scripting/monoscript/fileName/NavMashAvoider.cs: 599595d5a460521efccc45d4c2a8d20f -> 
  custom:scripting/monoscript/fileName/NavMeshSceneConverter.cs: baf486a1c1cdf03a3111dd113d13c2f4 -> 
  custom:scripting/monoscript/fileName/SystemConverterContainer.cs: eb4026ea01a117ce0888f693e9eed2cd -> 
  custom:scripting/monoscript/fileName/NavMeshLink.cs: 0b3d0eeb07ab57d259e8f9365538df09 -> 
  custom:scripting/monoscript/fileName/ObsoleteNavigationWindowMenuEntry.cs: c7f73386e6473f401a8e4151cac4e1e5 -> 
  custom:scripting/monoscript/fileName/InitializeConverterContext.cs: a97e19589a5774cdc2a34a28caea355f -> 
  custom:scripting/monoscript/fileName/SystemConverter.cs: c748d1769fc66e95256254a1cc1497f3 -> 
  custom:video-encoder-webm-vp8: eb34c28f22e8b96e1ab97ce403110664 -> 
  custom:audio-decoder-ogg-vorbis: bf7c407c2cedff20999df2af8eb42d56 -> 
  custom:scripting/monoscript/fileName/RunItemContext.cs: 338b2243183036c2b60f94c1b5e817c5 -> 
  custom:scripting/monoscript/fileName/Test.cs: 8289d0398bd9a051035a87365428a0e7 -> 
  custom:audio-encoder-webm-vorbis: bf7c407c2cedff20999df2af8eb42d56 -> 
  custom:scripting/monoscript/fileName/PoissonDiskSampler.cs: 52180e748fc5bf68fb8a4b4e27682930 -> 
  custom:scripting/precompiled-assembly-types:Assembly-CSharp: 288d1eab684e48b05c803c4044cc733d -> e66928de38364bb08ef9436b3612de99
  custom:scripting/monoscript/fileName/SystemConvertersEditor.cs: c127c1335f24b77ca70195bf2136c6a2 -> 
========================================================================
Received Prepare
Caller must complete domain reload
Begin MonoManager ReloadAssembly
- Loaded All Assemblies, in  0.241 seconds
Native extension for WindowsStandalone target not found
Mono: successfully reloaded assembly
- Finished resetting the current domain, in  0.505 seconds
Domain Reload Profiling: 745ms
	BeginReloadAssembly (88ms)
		ExecutionOrderSort (0ms)
		DisableScriptedObjects (3ms)
		BackupInstance (0ms)
		ReleaseScriptingObjects (0ms)
		CreateAndSetChildDomain (17ms)
	RebuildCommonClasses (17ms)
	RebuildNativeTypeToScriptingClass (6ms)
	initialDomainReloadingComplete (14ms)
	LoadAllAssembliesAndSetupDomain (115ms)
		LoadAssemblies (150ms)
		RebuildTransferFunctionScriptingTraits (0ms)
		AnalyzeDomain (13ms)
			TypeCache.Refresh (5ms)
				TypeCache.ScanAssembly (0ms)
			ScanForSourceGeneratedMonoScriptInfo (4ms)
			ResolveRequiredComponents (3ms)
	FinalizeReload (505ms)
		ReleaseScriptCaches (0ms)
		RebuildScriptCaches (0ms)
		SetupLoadedEditorAssemblies (214ms)
			LogAssemblyErrors (0ms)
			InitializePlatformSupportModulesInManaged (3ms)
			SetLoadedEditorAssemblies (2ms)
			RefreshPlugins (0ms)
			BeforeProcessingInitializeOnLoad (32ms)
			ProcessInitializeOnLoadAttributes (166ms)
			ProcessInitializeOnLoadMethodAttributes (11ms)
			AfterProcessingInitializeOnLoad (1ms)
			EditorAssembliesLoaded (0ms)
		ExecutionOrderSort2 (0ms)
		AwakeInstancesAfterBackupRestoration (4ms)
Refreshing native plugins compatible for Editor in 2.51 ms, found 3 plugins.
Preloading 0 native plugins for Editor in 0.00 ms.
Unloading 3436 Unused Serialized files (Serialized files now loaded: 0)
Unloading 16 unused Assets / (100.4 KB). Loaded Objects now: 4749.
Memory consumption went from 126.8 MB to 126.7 MB.
Total: 1.859200 ms (FindLiveObjects: 0.167900 ms CreateObjectMapping: 0.050200 ms MarkObjects: 1.605200 ms  DeleteObjects: 0.035400 ms)

Prepare: number of updated asset objects reloaded= 0
AssetImportParameters requested are different than current active one (requested -> active):
  custom:scripting/monoscript/fileName/NavMeshSurface.cs: 34aebd278d8d3d5db6b23265b9c700f9 -> 
  custom:scripting/precompiled-assembly-types:Unity.AI.Navigation: 5d8fa505e3253b9a2a456e2c28a1afb3 -> 
  custom:container-demuxer-ogg: 62fdf1f143b41e24485cea50d1cbac27 -> 
  custom:scripting/monoscript/fileName/NavMeshModifierVolumeEditor.cs: 262a50135a116189426aa01c964a744c -> 
  custom:scripting/monoscript/fileName/NavigationOverlay.cs: 2744f4e7946ebbb71339c9b1ce538d00 -> 
  custom:scripting/monoscript/fileName/PoissonDiscSampling.cs: 0c5ab15c9820bf9315795fcfabb0d889 -> 
  custom:scripting/monoscript/fileName/ConverterItemDescriptor.cs: 8182050d34c5cb602eb7913435a7abee -> 
  custom:video-codec-MediaFoundation-h265: 746d11721c4dcdbdad8f713fa42b33f4 -> 
  custom:scripting/monoscript/fileName/BuiltInToNavMeshSurfaceConverterContainer.cs: c40a906f9f99ea8a6c5aaa215767017f -> 
  custom:video-decoder-ogg-theora: a1e56fd34408186e4bbccfd4996cb3dc -> 
  custom:scripting/monoscript/fileName/EnemyHidingAI.cs: 90f9baacad470048560d668eeb4f5f40 -> 
  custom:framework-win-MediaFoundation: 216162199b28c13a410421893ffa2e32 -> 
  custom:scripting/monoscript/fileName/NewBehaviourScript.cs: b21687ddb03d73bd9f0c1daecb9714de -> 
  custom:scripting/monoscript/fileName/NavigationWindow.cs: 7884404b71178f59d8819c380b951d7c -> 
  custom:scripting/monoscript/fileName/NavMeshComponentsGUIUtility.cs: 08c52049b94db52661003d42fda4ecff -> 
  custom:scripting/monoscript/fileName/ConverterItemInfo.cs: 9fb131dfa28a9ed6b6d00fd9cf83ece4 -> 
  custom:CustomObjectIndexerAttribute: 9a22284fe3817be447336de3de66b15e -> 
  custom:scripting/monoscript/fileName/NavMeshAssetManager.cs: 79eb4858c2054289cd611249ab36b0a5 -> 
  custom:scripting/monoscript/fileName/HidingSpotGenerator.cs: e75778abca4b6afc5582c8ed1dd3e9cd -> 
  custom:scripting/monoscript/fileName/NavMeshSurfaceEditor.cs: adb1294e971eab992abc2e3e7e051565 -> 
  custom:container-demuxer-webm: 4f35f7cbe854078d1ac9338744f61a02 -> 
  custom:scripting/monoscript/fileName/NavMeshModifierVolume.cs: 8dc531216c72b86c60b86e16ff3da10b -> 
  custom:scripting/monoscript/fileName/NavMeshUpdaterUtility.cs: 5eb03802e6dba19b3e13aaf384805cac -> 
  custom:scripting/monoscript/fileName/NavigationPreferences.cs: ada9399a4f085d4c824cc06527e7fcae -> 
  custom:scripting/monoscript/fileName/NavMeshUpdaterEditor.cs: 169704080eda430978bba61ddedeb304 -> 
  custom:scripting/precompiled-assembly-types:Unity.AI.Navigation.Editor.ConversionSystem: 27c718e5de2659aeeb663e092dc21158 -> 
  custom:scripting/monoscript/fileName/NavMeshModifierEditor.cs: b8675d28116f43f78881455a7301fe8c -> 
  custom:container-muxer-webm: aa71ff27fc2769a1b78a27578f13a17b -> 
  custom:video-decoder-webm-vp8: 9c59270c3fd7afecdb556c50c9e8de78 -> 
  custom:scripting/precompiled-assembly-types:Unity.AI.Navigation.Editor: 7eaf38f66973fde07200cf372b24130e -> 
  custom:scripting/monoscript/fileName/HelpUrls.cs: c1a90585e3e9c9d25f58f9141655f24f -> 
  custom:scripting/monoscript/fileName/EditorStyles.cs: 86b9f4d8fe570a8d8295bfc466c975cf -> 
  custom:SearchIndexIgnoredProperties: e643bd26f0fe6173181afceb89e7c659 -> 
  custom:scripting/precompiled-assembly-types:Unity.AI.Navigation.Updater: d2095ddf03fd615830d6dacf5841450d -> 
  custom:scripting/monoscript/fileName/NavMeshLinkEditor.cs: aed8ae070d922149bb2ba3de06889ff6 -> 
  custom:AudioImporter_EditorPlatform: d09bf68614088b80899f8185d706f6e7 -> 
  custom:scripting/monoscript/fileName/NavMeshModifier.cs: 99ae5ed91bb784edc4f8312d7de046da -> 
  custom:scripting/monoscript/fileName/NavMashAvoider.cs: 599595d5a460521efccc45d4c2a8d20f -> 
  custom:scripting/monoscript/fileName/NavMeshSceneConverter.cs: baf486a1c1cdf03a3111dd113d13c2f4 -> 
  custom:scripting/monoscript/fileName/SystemConverterContainer.cs: eb4026ea01a117ce0888f693e9eed2cd -> 
  custom:scripting/monoscript/fileName/NavMeshLink.cs: 0b3d0eeb07ab57d259e8f9365538df09 -> 
  custom:scripting/monoscript/fileName/ObsoleteNavigationWindowMenuEntry.cs: c7f73386e6473f401a8e4151cac4e1e5 -> 
  custom:scripting/monoscript/fileName/InitializeConverterContext.cs: a97e19589a5774cdc2a34a28caea355f -> 
  custom:scripting/monoscript/fileName/SystemConverter.cs: c748d1769fc66e95256254a1cc1497f3 -> 
  custom:video-encoder-webm-vp8: eb34c28f22e8b96e1ab97ce403110664 -> 
  custom:audio-decoder-ogg-vorbis: bf7c407c2cedff20999df2af8eb42d56 -> 
  custom:scripting/monoscript/fileName/RunItemContext.cs: 338b2243183036c2b60f94c1b5e817c5 -> 
  custom:scripting/monoscript/fileName/Test.cs: 8289d0398bd9a051035a87365428a0e7 -> 
  custom:audio-encoder-webm-vorbis: bf7c407c2cedff20999df2af8eb42d56 -> 
  custom:scripting/monoscript/fileName/PoissonDiskSampler.cs: 52180e748fc5bf68fb8a4b4e27682930 -> 
  custom:scripting/precompiled-assembly-types:Assembly-CSharp: 2df12c1cc141295cfeb17ded0fd01b12 -> e66928de38364bb08ef9436b3612de99
  custom:scripting/monoscript/fileName/SystemConvertersEditor.cs: c127c1335f24b77ca70195bf2136c6a2 -> 
========================================================================
Received Prepare
Caller must complete domain reload
Begin MonoManager ReloadAssembly
- Loaded All Assemblies, in  0.239 seconds
Native extension for WindowsStandalone target not found
Mono: successfully reloaded assembly
- Finished resetting the current domain, in  0.605 seconds
Domain Reload Profiling: 843ms
	BeginReloadAssembly (86ms)
		ExecutionOrderSort (0ms)
		DisableScriptedObjects (3ms)
		BackupInstance (0ms)
		ReleaseScriptingObjects (0ms)
		CreateAndSetChildDomain (15ms)
	RebuildCommonClasses (18ms)
	RebuildNativeTypeToScriptingClass (6ms)
	initialDomainReloadingComplete (15ms)
	LoadAllAssembliesAndSetupDomain (113ms)
		LoadAssemblies (147ms)
		RebuildTransferFunctionScriptingTraits (0ms)
		AnalyzeDomain (13ms)
			TypeCache.Refresh (5ms)
				TypeCache.ScanAssembly (0ms)
			ScanForSourceGeneratedMonoScriptInfo (4ms)
			ResolveRequiredComponents (3ms)
	FinalizeReload (605ms)
		ReleaseScriptCaches (0ms)
		RebuildScriptCaches (0ms)
		SetupLoadedEditorAssemblies (222ms)
			LogAssemblyErrors (0ms)
			InitializePlatformSupportModulesInManaged (3ms)
			SetLoadedEditorAssemblies (2ms)
			RefreshPlugins (0ms)
			BeforeProcessingInitializeOnLoad (33ms)
			ProcessInitializeOnLoadAttributes (172ms)
			ProcessInitializeOnLoadMethodAttributes (11ms)
			AfterProcessingInitializeOnLoad (1ms)
			EditorAssembliesLoaded (0ms)
		ExecutionOrderSort2 (0ms)
		AwakeInstancesAfterBackupRestoration (4ms)
Refreshing native plugins compatible for Editor in 2.63 ms, found 3 plugins.
Preloading 0 native plugins for Editor in 0.00 ms.
Unloading 3437 Unused Serialized files (Serialized files now loaded: 0)
Unloading 15 unused Assets / (99.8 KB). Loaded Objects now: 4765.
Memory consumption went from 126.8 MB to 126.7 MB.
Total: 1.802000 ms (FindLiveObjects: 0.177000 ms CreateObjectMapping: 0.054600 ms MarkObjects: 1.531500 ms  DeleteObjects: 0.038000 ms)

Prepare: number of updated asset objects reloaded= 0
AssetImportParameters requested are different than current active one (requested -> active):
  custom:scripting/monoscript/fileName/NavMeshSurface.cs: 34aebd278d8d3d5db6b23265b9c700f9 -> 
  custom:scripting/precompiled-assembly-types:Unity.AI.Navigation: 5d8fa505e3253b9a2a456e2c28a1afb3 -> 
  custom:container-demuxer-ogg: 62fdf1f143b41e24485cea50d1cbac27 -> 
  custom:scripting/monoscript/fileName/NavMeshModifierVolumeEditor.cs: 262a50135a116189426aa01c964a744c -> 
  custom:scripting/monoscript/fileName/NavigationOverlay.cs: 2744f4e7946ebbb71339c9b1ce538d00 -> 
  custom:scripting/monoscript/fileName/PoissonDiscSampling.cs: 2b9b6207abd924ee8549a290ace27cd3 -> 
  custom:scripting/monoscript/fileName/ConverterItemDescriptor.cs: 8182050d34c5cb602eb7913435a7abee -> 
  custom:video-codec-MediaFoundation-h265: 746d11721c4dcdbdad8f713fa42b33f4 -> 
  custom:scripting/monoscript/fileName/BuiltInToNavMeshSurfaceConverterContainer.cs: c40a906f9f99ea8a6c5aaa215767017f -> 
  custom:video-decoder-ogg-theora: a1e56fd34408186e4bbccfd4996cb3dc -> 
  custom:scripting/monoscript/fileName/EnemyHidingAI.cs: 90f9baacad470048560d668eeb4f5f40 -> 
  custom:framework-win-MediaFoundation: 216162199b28c13a410421893ffa2e32 -> 
  custom:scripting/monoscript/fileName/NewBehaviourScript.cs: b21687ddb03d73bd9f0c1daecb9714de -> 
  custom:scripting/monoscript/fileName/NavigationWindow.cs: 7884404b71178f59d8819c380b951d7c -> 
  custom:scripting/monoscript/fileName/NavMeshComponentsGUIUtility.cs: 08c52049b94db52661003d42fda4ecff -> 
  custom:scripting/monoscript/fileName/ConverterItemInfo.cs: 9fb131dfa28a9ed6b6d00fd9cf83ece4 -> 
  custom:CustomObjectIndexerAttribute: 9a22284fe3817be447336de3de66b15e -> 
  custom:scripting/monoscript/fileName/NavMeshAssetManager.cs: 79eb4858c2054289cd611249ab36b0a5 -> 
  custom:scripting/monoscript/fileName/HidingSpotGenerator.cs: e75778abca4b6afc5582c8ed1dd3e9cd -> 
  custom:scripting/monoscript/fileName/NavMeshSurfaceEditor.cs: adb1294e971eab992abc2e3e7e051565 -> 
  custom:container-demuxer-webm: 4f35f7cbe854078d1ac9338744f61a02 -> 
  custom:scripting/monoscript/fileName/NavMeshModifierVolume.cs: 8dc531216c72b86c60b86e16ff3da10b -> 
  custom:scripting/monoscript/fileName/NavMeshUpdaterUtility.cs: 5eb03802e6dba19b3e13aaf384805cac -> 
  custom:scripting/monoscript/fileName/NavigationPreferences.cs: ada9399a4f085d4c824cc06527e7fcae -> 
  custom:scripting/monoscript/fileName/NavMeshUpdaterEditor.cs: 169704080eda430978bba61ddedeb304 -> 
  custom:scripting/precompiled-assembly-types:Unity.AI.Navigation.Editor.ConversionSystem: 27c718e5de2659aeeb663e092dc21158 -> 
  custom:scripting/monoscript/fileName/NavMeshModifierEditor.cs: b8675d28116f43f78881455a7301fe8c -> 
  custom:container-muxer-webm: aa71ff27fc2769a1b78a27578f13a17b -> 
  custom:video-decoder-webm-vp8: 9c59270c3fd7afecdb556c50c9e8de78 -> 
  custom:scripting/precompiled-assembly-types:Unity.AI.Navigation.Editor: 7eaf38f66973fde07200cf372b24130e -> 
  custom:scripting/monoscript/fileName/HelpUrls.cs: c1a90585e3e9c9d25f58f9141655f24f -> 
  custom:scripting/monoscript/fileName/EditorStyles.cs: 86b9f4d8fe570a8d8295bfc466c975cf -> 
  custom:SearchIndexIgnoredProperties: e643bd26f0fe6173181afceb89e7c659 -> 
  custom:scripting/precompiled-assembly-types:Unity.AI.Navigation.Updater: d2095ddf03fd615830d6dacf5841450d -> 
  custom:scripting/monoscript/fileName/NavMeshLinkEditor.cs: aed8ae070d922149bb2ba3de06889ff6 -> 
  custom:AudioImporter_EditorPlatform: d09bf68614088b80899f8185d706f6e7 -> 
  custom:scripting/monoscript/fileName/NavMeshModifier.cs: 99ae5ed91bb784edc4f8312d7de046da -> 
  custom:scripting/monoscript/fileName/NavMashAvoider.cs: 599595d5a460521efccc45d4c2a8d20f -> 
  custom:scripting/monoscript/fileName/NavMeshSceneConverter.cs: baf486a1c1cdf03a3111dd113d13c2f4 -> 
  custom:scripting/monoscript/fileName/SystemConverterContainer.cs: eb4026ea01a117ce0888f693e9eed2cd -> 
  custom:scripting/monoscript/fileName/NavMeshLink.cs: 0b3d0eeb07ab57d259e8f9365538df09 -> 
  custom:scripting/monoscript/fileName/ObsoleteNavigationWindowMenuEntry.cs: c7f73386e6473f401a8e4151cac4e1e5 -> 
  custom:scripting/monoscript/fileName/InitializeConverterContext.cs: a97e19589a5774cdc2a34a28caea355f -> 
  custom:scripting/monoscript/fileName/SystemConverter.cs: c748d1769fc66e95256254a1cc1497f3 -> 
  custom:video-encoder-webm-vp8: eb34c28f22e8b96e1ab97ce403110664 -> 
  custom:audio-decoder-ogg-vorbis: bf7c407c2cedff20999df2af8eb42d56 -> 
  custom:scripting/monoscript/fileName/RunItemContext.cs: 338b2243183036c2b60f94c1b5e817c5 -> 
  custom:scripting/monoscript/fileName/Test.cs: 8289d0398bd9a051035a87365428a0e7 -> 
  custom:audio-encoder-webm-vorbis: bf7c407c2cedff20999df2af8eb42d56 -> 
  custom:scripting/monoscript/fileName/PoissonDiskSampler.cs: 52180e748fc5bf68fb8a4b4e27682930 -> 
  custom:scripting/precompiled-assembly-types:Assembly-CSharp: d0d7ffb7a53712d26fa61c65f0de2062 -> e66928de38364bb08ef9436b3612de99
  custom:scripting/monoscript/fileName/SystemConvertersEditor.cs: c127c1335f24b77ca70195bf2136c6a2 -> 
========================================================================
Received Prepare
Caller must complete domain reload
Begin MonoManager ReloadAssembly
- Loaded All Assemblies, in  0.237 seconds
Native extension for WindowsStandalone target not found
Mono: successfully reloaded assembly
- Finished resetting the current domain, in  0.514 seconds
Domain Reload Profiling: 750ms
	BeginReloadAssembly (83ms)
		ExecutionOrderSort (0ms)
		DisableScriptedObjects (3ms)
		BackupInstance (0ms)
		ReleaseScriptingObjects (0ms)
		CreateAndSetChildDomain (16ms)
	RebuildCommonClasses (17ms)
	RebuildNativeTypeToScriptingClass (6ms)
	initialDomainReloadingComplete (14ms)
	LoadAllAssembliesAndSetupDomain (116ms)
		LoadAssemblies (146ms)
		RebuildTransferFunctionScriptingTraits (0ms)
		AnalyzeDomain (14ms)
			TypeCache.Refresh (5ms)
				TypeCache.ScanAssembly (0ms)
			ScanForSourceGeneratedMonoScriptInfo (4ms)
			ResolveRequiredComponents (3ms)
	FinalizeReload (515ms)
		ReleaseScriptCaches (0ms)
		RebuildScriptCaches (0ms)
		SetupLoadedEditorAssemblies (219ms)
			LogAssemblyErrors (0ms)
			InitializePlatformSupportModulesInManaged (3ms)
			SetLoadedEditorAssemblies (2ms)
			RefreshPlugins (0ms)
			BeforeProcessingInitializeOnLoad (33ms)
			ProcessInitializeOnLoadAttributes (170ms)
			ProcessInitializeOnLoadMethodAttributes (10ms)
			AfterProcessingInitializeOnLoad (1ms)
			EditorAssembliesLoaded (0ms)
		ExecutionOrderSort2 (0ms)
		AwakeInstancesAfterBackupRestoration (4ms)
Refreshing native plugins compatible for Editor in 1.95 ms, found 3 plugins.
Preloading 0 native plugins for Editor in 0.00 ms.
Unloading 3437 Unused Serialized files (Serialized files now loaded: 0)
Unloading 15 unused Assets / (99.8 KB). Loaded Objects now: 4780.
Memory consumption went from 126.8 MB to 126.7 MB.
Total: 1.795800 ms (FindLiveObjects: 0.163400 ms CreateObjectMapping: 0.050100 ms MarkObjects: 1.546700 ms  DeleteObjects: 0.035000 ms)

Prepare: number of updated asset objects reloaded= 0
AssetImportParameters requested are different than current active one (requested -> active):
  custom:scripting/monoscript/fileName/NavMeshSurface.cs: 34aebd278d8d3d5db6b23265b9c700f9 -> 
  custom:scripting/precompiled-assembly-types:Unity.AI.Navigation: 5d8fa505e3253b9a2a456e2c28a1afb3 -> 
  custom:container-demuxer-ogg: 62fdf1f143b41e24485cea50d1cbac27 -> 
  custom:scripting/monoscript/fileName/NavMeshModifierVolumeEditor.cs: 262a50135a116189426aa01c964a744c -> 
  custom:scripting/monoscript/fileName/NavigationOverlay.cs: 2744f4e7946ebbb71339c9b1ce538d00 -> 
  custom:scripting/monoscript/fileName/PoissonDiscSampling.cs: 0c5ab15c9820bf9315795fcfabb0d889 -> 
  custom:scripting/monoscript/fileName/ConverterItemDescriptor.cs: 8182050d34c5cb602eb7913435a7abee -> 
  custom:video-codec-MediaFoundation-h265: 746d11721c4dcdbdad8f713fa42b33f4 -> 
  custom:scripting/monoscript/fileName/BuiltInToNavMeshSurfaceConverterContainer.cs: c40a906f9f99ea8a6c5aaa215767017f -> 
  custom:video-decoder-ogg-theora: a1e56fd34408186e4bbccfd4996cb3dc -> 
  custom:scripting/monoscript/fileName/EnemyHidingAI.cs: 90f9baacad470048560d668eeb4f5f40 -> 
  custom:framework-win-MediaFoundation: 216162199b28c13a410421893ffa2e32 -> 
  custom:scripting/monoscript/fileName/NewBehaviourScript.cs: b21687ddb03d73bd9f0c1daecb9714de -> 
  custom:scripting/monoscript/fileName/NavigationWindow.cs: 7884404b71178f59d8819c380b951d7c -> 
  custom:scripting/monoscript/fileName/NavMeshComponentsGUIUtility.cs: 08c52049b94db52661003d42fda4ecff -> 
  custom:scripting/monoscript/fileName/ConverterItemInfo.cs: 9fb131dfa28a9ed6b6d00fd9cf83ece4 -> 
  custom:CustomObjectIndexerAttribute: 9a22284fe3817be447336de3de66b15e -> 
  custom:scripting/monoscript/fileName/NavMeshAssetManager.cs: 79eb4858c2054289cd611249ab36b0a5 -> 
  custom:scripting/monoscript/fileName/HidingSpotGenerator.cs: e75778abca4b6afc5582c8ed1dd3e9cd -> 
  custom:scripting/monoscript/fileName/NavMeshSurfaceEditor.cs: adb1294e971eab992abc2e3e7e051565 -> 
  custom:container-demuxer-webm: 4f35f7cbe854078d1ac9338744f61a02 -> 
  custom:scripting/monoscript/fileName/NavMeshModifierVolume.cs: 8dc531216c72b86c60b86e16ff3da10b -> 
  custom:scripting/monoscript/fileName/NavMeshUpdaterUtility.cs: 5eb03802e6dba19b3e13aaf384805cac -> 
  custom:scripting/monoscript/fileName/NavigationPreferences.cs: ada9399a4f085d4c824cc06527e7fcae -> 
  custom:scripting/monoscript/fileName/NavMeshUpdaterEditor.cs: 169704080eda430978bba61ddedeb304 -> 
  custom:scripting/precompiled-assembly-types:Unity.AI.Navigation.Editor.ConversionSystem: 27c718e5de2659aeeb663e092dc21158 -> 
  custom:scripting/monoscript/fileName/NavMeshModifierEditor.cs: b8675d28116f43f78881455a7301fe8c -> 
  custom:container-muxer-webm: aa71ff27fc2769a1b78a27578f13a17b -> 
  custom:video-decoder-webm-vp8: 9c59270c3fd7afecdb556c50c9e8de78 -> 
  custom:scripting/precompiled-assembly-types:Unity.AI.Navigation.Editor: 7eaf38f66973fde07200cf372b24130e -> 
  custom:scripting/monoscript/fileName/HelpUrls.cs: c1a90585e3e9c9d25f58f9141655f24f -> 
  custom:scripting/monoscript/fileName/EditorStyles.cs: 86b9f4d8fe570a8d8295bfc466c975cf -> 
  custom:SearchIndexIgnoredProperties: e643bd26f0fe6173181afceb89e7c659 -> 
  custom:scripting/precompiled-assembly-types:Unity.AI.Navigation.Updater: d2095ddf03fd615830d6dacf5841450d -> 
  custom:scripting/monoscript/fileName/NavMeshLinkEditor.cs: aed8ae070d922149bb2ba3de06889ff6 -> 
  custom:AudioImporter_EditorPlatform: d09bf68614088b80899f8185d706f6e7 -> 
  custom:scripting/monoscript/fileName/NavMeshModifier.cs: 99ae5ed91bb784edc4f8312d7de046da -> 
  custom:scripting/monoscript/fileName/NavMashAvoider.cs: 599595d5a460521efccc45d4c2a8d20f -> 
  custom:scripting/monoscript/fileName/NavMeshSceneConverter.cs: baf486a1c1cdf03a3111dd113d13c2f4 -> 
  custom:scripting/monoscript/fileName/SystemConverterContainer.cs: eb4026ea01a117ce0888f693e9eed2cd -> 
  custom:scripting/monoscript/fileName/NavMeshLink.cs: 0b3d0eeb07ab57d259e8f9365538df09 -> 
  custom:scripting/monoscript/fileName/ObsoleteNavigationWindowMenuEntry.cs: c7f73386e6473f401a8e4151cac4e1e5 -> 
  custom:scripting/monoscript/fileName/InitializeConverterContext.cs: a97e19589a5774cdc2a34a28caea355f -> 
  custom:scripting/monoscript/fileName/SystemConverter.cs: c748d1769fc66e95256254a1cc1497f3 -> 
  custom:video-encoder-webm-vp8: eb34c28f22e8b96e1ab97ce403110664 -> 
  custom:audio-decoder-ogg-vorbis: bf7c407c2cedff20999df2af8eb42d56 -> 
  custom:scripting/monoscript/fileName/RunItemContext.cs: 338b2243183036c2b60f94c1b5e817c5 -> 
  custom:scripting/monoscript/fileName/Test.cs: 8289d0398bd9a051035a87365428a0e7 -> 
  custom:audio-encoder-webm-vorbis: bf7c407c2cedff20999df2af8eb42d56 -> 
  custom:scripting/monoscript/fileName/PoissonDiskSampler.cs: 52180e748fc5bf68fb8a4b4e27682930 -> 
  custom:scripting/precompiled-assembly-types:Assembly-CSharp: 1be8c69172dbdc3ce14ecc447c96b53a -> e66928de38364bb08ef9436b3612de99
  custom:scripting/monoscript/fileName/SystemConvertersEditor.cs: c127c1335f24b77ca70195bf2136c6a2 -> 
========================================================================
Received Prepare
Caller must complete domain reload
Begin MonoManager ReloadAssembly
- Loaded All Assemblies, in  0.250 seconds
Native extension for WindowsStandalone target not found
Mono: successfully reloaded assembly
- Finished resetting the current domain, in  0.593 seconds
Domain Reload Profiling: 842ms
	BeginReloadAssembly (91ms)
		ExecutionOrderSort (0ms)
		DisableScriptedObjects (3ms)
		BackupInstance (0ms)
		ReleaseScriptingObjects (0ms)
		CreateAndSetChildDomain (18ms)
	RebuildCommonClasses (18ms)
	RebuildNativeTypeToScriptingClass (6ms)
	initialDomainReloadingComplete (14ms)
	LoadAllAssembliesAndSetupDomain (120ms)
		LoadAssemblies (151ms)
		RebuildTransferFunctionScriptingTraits (0ms)
		AnalyzeDomain (15ms)
			TypeCache.Refresh (6ms)
				TypeCache.ScanAssembly (0ms)
			ScanForSourceGeneratedMonoScriptInfo (4ms)
			ResolveRequiredComponents (3ms)
	FinalizeReload (594ms)
		ReleaseScriptCaches (0ms)
		RebuildScriptCaches (0ms)
		SetupLoadedEditorAssemblies (226ms)
			LogAssemblyErrors (0ms)
			InitializePlatformSupportModulesInManaged (4ms)
			SetLoadedEditorAssemblies (2ms)
			RefreshPlugins (0ms)
			BeforeProcessingInitializeOnLoad (32ms)
			ProcessInitializeOnLoadAttributes (174ms)
			ProcessInitializeOnLoadMethodAttributes (12ms)
			AfterProcessingInitializeOnLoad (1ms)
			EditorAssembliesLoaded (0ms)
		ExecutionOrderSort2 (0ms)
		AwakeInstancesAfterBackupRestoration (4ms)
Refreshing native plugins compatible for Editor in 2.44 ms, found 3 plugins.
Preloading 0 native plugins for Editor in 0.00 ms.
Unloading 3438 Unused Serialized files (Serialized files now loaded: 0)
Unloading 15 unused Assets / (99.7 KB). Loaded Objects now: 4796.
Memory consumption went from 126.8 MB to 126.7 MB.
Total: 1.907200 ms (FindLiveObjects: 0.193600 ms CreateObjectMapping: 0.053000 ms MarkObjects: 1.623700 ms  DeleteObjects: 0.036200 ms)

Prepare: number of updated asset objects reloaded= 0
AssetImportParameters requested are different than current active one (requested -> active):
  custom:scripting/monoscript/fileName/NavMeshSurface.cs: 34aebd278d8d3d5db6b23265b9c700f9 -> 
  custom:scripting/precompiled-assembly-types:Unity.AI.Navigation: 5d8fa505e3253b9a2a456e2c28a1afb3 -> 
  custom:container-demuxer-ogg: 62fdf1f143b41e24485cea50d1cbac27 -> 
  custom:scripting/monoscript/fileName/NavMeshModifierVolumeEditor.cs: 262a50135a116189426aa01c964a744c -> 
  custom:scripting/monoscript/fileName/NavigationOverlay.cs: 2744f4e7946ebbb71339c9b1ce538d00 -> 
  custom:scripting/monoscript/fileName/PoissonDiscSampling.cs: 0c5ab15c9820bf9315795fcfabb0d889 -> 
  custom:scripting/monoscript/fileName/ConverterItemDescriptor.cs: 8182050d34c5cb602eb7913435a7abee -> 
  custom:video-codec-MediaFoundation-h265: 746d11721c4dcdbdad8f713fa42b33f4 -> 
  custom:scripting/monoscript/fileName/BuiltInToNavMeshSurfaceConverterContainer.cs: c40a906f9f99ea8a6c5aaa215767017f -> 
  custom:video-decoder-ogg-theora: a1e56fd34408186e4bbccfd4996cb3dc -> 
  custom:scripting/monoscript/fileName/EnemyHidingAI.cs: 90f9baacad470048560d668eeb4f5f40 -> 
  custom:framework-win-MediaFoundation: 216162199b28c13a410421893ffa2e32 -> 
  custom:scripting/monoscript/fileName/NewBehaviourScript.cs: b21687ddb03d73bd9f0c1daecb9714de -> 
  custom:scripting/monoscript/fileName/NavigationWindow.cs: 7884404b71178f59d8819c380b951d7c -> 
  custom:scripting/monoscript/fileName/NavMeshComponentsGUIUtility.cs: 08c52049b94db52661003d42fda4ecff -> 
  custom:scripting/monoscript/fileName/ConverterItemInfo.cs: 9fb131dfa28a9ed6b6d00fd9cf83ece4 -> 
  custom:CustomObjectIndexerAttribute: 9a22284fe3817be447336de3de66b15e -> 
  custom:scripting/monoscript/fileName/NavMeshAssetManager.cs: 79eb4858c2054289cd611249ab36b0a5 -> 
  custom:scripting/monoscript/fileName/HidingSpotGenerator.cs: e75778abca4b6afc5582c8ed1dd3e9cd -> 
  custom:scripting/monoscript/fileName/NavMeshSurfaceEditor.cs: adb1294e971eab992abc2e3e7e051565 -> 
  custom:container-demuxer-webm: 4f35f7cbe854078d1ac9338744f61a02 -> 
  custom:scripting/monoscript/fileName/NavMeshModifierVolume.cs: 8dc531216c72b86c60b86e16ff3da10b -> 
  custom:scripting/monoscript/fileName/NavMeshUpdaterUtility.cs: 5eb03802e6dba19b3e13aaf384805cac -> 
  custom:scripting/monoscript/fileName/NavigationPreferences.cs: ada9399a4f085d4c824cc06527e7fcae -> 
  custom:scripting/monoscript/fileName/NavMeshUpdaterEditor.cs: 169704080eda430978bba61ddedeb304 -> 
  custom:scripting/precompiled-assembly-types:Unity.AI.Navigation.Editor.ConversionSystem: 27c718e5de2659aeeb663e092dc21158 -> 
  custom:scripting/monoscript/fileName/NavMeshModifierEditor.cs: b8675d28116f43f78881455a7301fe8c -> 
  custom:container-muxer-webm: aa71ff27fc2769a1b78a27578f13a17b -> 
  custom:video-decoder-webm-vp8: 9c59270c3fd7afecdb556c50c9e8de78 -> 
  custom:scripting/precompiled-assembly-types:Unity.AI.Navigation.Editor: 7eaf38f66973fde07200cf372b24130e -> 
  custom:scripting/monoscript/fileName/HelpUrls.cs: c1a90585e3e9c9d25f58f9141655f24f -> 
  custom:scripting/monoscript/fileName/EditorStyles.cs: 86b9f4d8fe570a8d8295bfc466c975cf -> 
  custom:SearchIndexIgnoredProperties: e643bd26f0fe6173181afceb89e7c659 -> 
  custom:scripting/precompiled-assembly-types:Unity.AI.Navigation.Updater: d2095ddf03fd615830d6dacf5841450d -> 
  custom:scripting/monoscript/fileName/NavMeshLinkEditor.cs: aed8ae070d922149bb2ba3de06889ff6 -> 
  custom:AudioImporter_EditorPlatform: d09bf68614088b80899f8185d706f6e7 -> 
  custom:scripting/monoscript/fileName/NavMeshModifier.cs: 99ae5ed91bb784edc4f8312d7de046da -> 
  custom:scripting/monoscript/fileName/NavMashAvoider.cs: 599595d5a460521efccc45d4c2a8d20f -> 
  custom:scripting/monoscript/fileName/NavMeshSceneConverter.cs: baf486a1c1cdf03a3111dd113d13c2f4 -> 
  custom:scripting/monoscript/fileName/SystemConverterContainer.cs: eb4026ea01a117ce0888f693e9eed2cd -> 
  custom:scripting/monoscript/fileName/NavMeshLink.cs: 0b3d0eeb07ab57d259e8f9365538df09 -> 
  custom:scripting/monoscript/fileName/ObsoleteNavigationWindowMenuEntry.cs: c7f73386e6473f401a8e4151cac4e1e5 -> 
  custom:scripting/monoscript/fileName/InitializeConverterContext.cs: a97e19589a5774cdc2a34a28caea355f -> 
  custom:scripting/monoscript/fileName/SystemConverter.cs: c748d1769fc66e95256254a1cc1497f3 -> 
  custom:video-encoder-webm-vp8: eb34c28f22e8b96e1ab97ce403110664 -> 
  custom:audio-decoder-ogg-vorbis: bf7c407c2cedff20999df2af8eb42d56 -> 
  custom:scripting/monoscript/fileName/PoissonGizmoGenerator.cs: 4357ffb2bcb068fc43e54690f1b98fb4 -> 
  custom:scripting/monoscript/fileName/RunItemContext.cs: 338b2243183036c2b60f94c1b5e817c5 -> 
  custom:scripting/monoscript/fileName/Test.cs: 8289d0398bd9a051035a87365428a0e7 -> 
  custom:audio-encoder-webm-vorbis: bf7c407c2cedff20999df2af8eb42d56 -> 
  custom:scripting/monoscript/fileName/PoissonDiskSampler.cs: 52180e748fc5bf68fb8a4b4e27682930 -> 
  custom:scripting/precompiled-assembly-types:Assembly-CSharp: 39dd95e310eb854aeb8a9390d1f5b04c -> e66928de38364bb08ef9436b3612de99
  custom:scripting/monoscript/fileName/SystemConvertersEditor.cs: c127c1335f24b77ca70195bf2136c6a2 -> 
========================================================================
Received Prepare
Caller must complete domain reload
Begin MonoManager ReloadAssembly
- Loaded All Assemblies, in  0.475 seconds
Native extension for WindowsStandalone target not found
Mono: successfully reloaded assembly
- Finished resetting the current domain, in  1.062 seconds
Domain Reload Profiling: 1536ms
	BeginReloadAssembly (151ms)
		ExecutionOrderSort (0ms)
		DisableScriptedObjects (5ms)
		BackupInstance (0ms)
		ReleaseScriptingObjects (0ms)
		CreateAndSetChildDomain (32ms)
	RebuildCommonClasses (32ms)
	RebuildNativeTypeToScriptingClass (11ms)
	initialDomainReloadingComplete (24ms)
	LoadAllAssembliesAndSetupDomain (256ms)
		LoadAssemblies (300ms)
		RebuildTransferFunctionScriptingTraits (0ms)
		AnalyzeDomain (36ms)
			TypeCache.Refresh (11ms)
				TypeCache.ScanAssembly (0ms)
			ScanForSourceGeneratedMonoScriptInfo (10ms)
			ResolveRequiredComponents (12ms)
	FinalizeReload (1062ms)
		ReleaseScriptCaches (0ms)
		RebuildScriptCaches (0ms)
		SetupLoadedEditorAssemblies (391ms)
			LogAssemblyErrors (0ms)
			InitializePlatformSupportModulesInManaged (5ms)
			SetLoadedEditorAssemblies (3ms)
			RefreshPlugins (0ms)
			BeforeProcessingInitializeOnLoad (59ms)
			ProcessInitializeOnLoadAttributes (297ms)
			ProcessInitializeOnLoadMethodAttributes (22ms)
			AfterProcessingInitializeOnLoad (5ms)
			EditorAssembliesLoaded (0ms)
		ExecutionOrderSort2 (0ms)
		AwakeInstancesAfterBackupRestoration (13ms)
Refreshing native plugins compatible for Editor in 4.57 ms, found 3 plugins.
Preloading 0 native plugins for Editor in 0.00 ms.
Unloading 3438 Unused Serialized files (Serialized files now loaded: 0)
Unloading 15 unused Assets / (99.9 KB). Loaded Objects now: 4811.
Memory consumption went from 126.8 MB to 126.7 MB.
Total: 6.389100 ms (FindLiveObjects: 0.302800 ms CreateObjectMapping: 0.092500 ms MarkObjects: 5.838700 ms  DeleteObjects: 0.154100 ms)

Prepare: number of updated asset objects reloaded= 0
AssetImportParameters requested are different than current active one (requested -> active):
  custom:scripting/monoscript/fileName/NavMeshSurface.cs: 34aebd278d8d3d5db6b23265b9c700f9 -> 
  custom:scripting/precompiled-assembly-types:Unity.AI.Navigation: 5d8fa505e3253b9a2a456e2c28a1afb3 -> 
  custom:container-demuxer-ogg: 62fdf1f143b41e24485cea50d1cbac27 -> 
  custom:scripting/monoscript/fileName/NavMeshModifierVolumeEditor.cs: 262a50135a116189426aa01c964a744c -> 
  custom:scripting/monoscript/fileName/NavigationOverlay.cs: 2744f4e7946ebbb71339c9b1ce538d00 -> 
  custom:scripting/monoscript/fileName/PoissonDiscSampling.cs: 0c5ab15c9820bf9315795fcfabb0d889 -> 
  custom:scripting/monoscript/fileName/ConverterItemDescriptor.cs: 8182050d34c5cb602eb7913435a7abee -> 
  custom:video-codec-MediaFoundation-h265: 746d11721c4dcdbdad8f713fa42b33f4 -> 
  custom:scripting/monoscript/fileName/BuiltInToNavMeshSurfaceConverterContainer.cs: c40a906f9f99ea8a6c5aaa215767017f -> 
  custom:video-decoder-ogg-theora: a1e56fd34408186e4bbccfd4996cb3dc -> 
  custom:scripting/monoscript/fileName/EnemyHidingAI.cs: 90f9baacad470048560d668eeb4f5f40 -> 
  custom:framework-win-MediaFoundation: 216162199b28c13a410421893ffa2e32 -> 
  custom:scripting/monoscript/fileName/NewBehaviourScript.cs: b21687ddb03d73bd9f0c1daecb9714de -> 
  custom:scripting/monoscript/fileName/NavigationWindow.cs: 7884404b71178f59d8819c380b951d7c -> 
  custom:scripting/monoscript/fileName/NavMeshComponentsGUIUtility.cs: 08c52049b94db52661003d42fda4ecff -> 
  custom:scripting/monoscript/fileName/ConverterItemInfo.cs: 9fb131dfa28a9ed6b6d00fd9cf83ece4 -> 
  custom:CustomObjectIndexerAttribute: 9a22284fe3817be447336de3de66b15e -> 
  custom:scripting/monoscript/fileName/NavMeshAssetManager.cs: 79eb4858c2054289cd611249ab36b0a5 -> 
  custom:scripting/monoscript/fileName/HidingSpotGenerator.cs: e75778abca4b6afc5582c8ed1dd3e9cd -> 
  custom:scripting/monoscript/fileName/NavMeshSurfaceEditor.cs: adb1294e971eab992abc2e3e7e051565 -> 
  custom:container-demuxer-webm: 4f35f7cbe854078d1ac9338744f61a02 -> 
  custom:scripting/monoscript/fileName/NavMeshModifierVolume.cs: 8dc531216c72b86c60b86e16ff3da10b -> 
  custom:scripting/monoscript/fileName/NavMeshUpdaterUtility.cs: 5eb03802e6dba19b3e13aaf384805cac -> 
  custom:scripting/monoscript/fileName/NavigationPreferences.cs: ada9399a4f085d4c824cc06527e7fcae -> 
  custom:scripting/monoscript/fileName/NavMeshUpdaterEditor.cs: 169704080eda430978bba61ddedeb304 -> 
  custom:scripting/precompiled-assembly-types:Unity.AI.Navigation.Editor.ConversionSystem: 27c718e5de2659aeeb663e092dc21158 -> 
  custom:scripting/monoscript/fileName/NavMeshModifierEditor.cs: b8675d28116f43f78881455a7301fe8c -> 
  custom:container-muxer-webm: aa71ff27fc2769a1b78a27578f13a17b -> 
  custom:video-decoder-webm-vp8: 9c59270c3fd7afecdb556c50c9e8de78 -> 
  custom:scripting/precompiled-assembly-types:Unity.AI.Navigation.Editor: 7eaf38f66973fde07200cf372b24130e -> 
  custom:scripting/monoscript/fileName/HelpUrls.cs: c1a90585e3e9c9d25f58f9141655f24f -> 
  custom:scripting/monoscript/fileName/EditorStyles.cs: 86b9f4d8fe570a8d8295bfc466c975cf -> 
  custom:SearchIndexIgnoredProperties: e643bd26f0fe6173181afceb89e7c659 -> 
  custom:scripting/precompiled-assembly-types:Unity.AI.Navigation.Updater: d2095ddf03fd615830d6dacf5841450d -> 
  custom:scripting/monoscript/fileName/NavMeshLinkEditor.cs: aed8ae070d922149bb2ba3de06889ff6 -> 
  custom:AudioImporter_EditorPlatform: d09bf68614088b80899f8185d706f6e7 -> 
  custom:scripting/monoscript/fileName/NavMeshModifier.cs: 99ae5ed91bb784edc4f8312d7de046da -> 
  custom:scripting/monoscript/fileName/NavMashAvoider.cs: 599595d5a460521efccc45d4c2a8d20f -> 
  custom:scripting/monoscript/fileName/NavMeshSceneConverter.cs: baf486a1c1cdf03a3111dd113d13c2f4 -> 
  custom:scripting/monoscript/fileName/SystemConverterContainer.cs: eb4026ea01a117ce0888f693e9eed2cd -> 
  custom:scripting/monoscript/fileName/NavMeshLink.cs: 0b3d0eeb07ab57d259e8f9365538df09 -> 
  custom:scripting/monoscript/fileName/ObsoleteNavigationWindowMenuEntry.cs: c7f73386e6473f401a8e4151cac4e1e5 -> 
  custom:scripting/monoscript/fileName/InitializeConverterContext.cs: a97e19589a5774cdc2a34a28caea355f -> 
  custom:scripting/monoscript/fileName/SystemConverter.cs: c748d1769fc66e95256254a1cc1497f3 -> 
  custom:video-encoder-webm-vp8: eb34c28f22e8b96e1ab97ce403110664 -> 
  custom:audio-decoder-ogg-vorbis: bf7c407c2cedff20999df2af8eb42d56 -> 
  custom:scripting/monoscript/fileName/PoissonGizmoGenerator.cs: 4357ffb2bcb068fc43e54690f1b98fb4 -> 
  custom:scripting/monoscript/fileName/RunItemContext.cs: 338b2243183036c2b60f94c1b5e817c5 -> 
  custom:scripting/monoscript/fileName/Test.cs: 8289d0398bd9a051035a87365428a0e7 -> 
  custom:audio-encoder-webm-vorbis: bf7c407c2cedff20999df2af8eb42d56 -> 
  custom:scripting/monoscript/fileName/PoissonDiskSampler.cs: 52180e748fc5bf68fb8a4b4e27682930 -> 
  custom:scripting/precompiled-assembly-types:Assembly-CSharp: 39dd95e310eb854aeb8a9390d1f5b04c -> e66928de38364bb08ef9436b3612de99
  custom:scripting/monoscript/fileName/SystemConvertersEditor.cs: c127c1335f24b77ca70195bf2136c6a2 -> 
========================================================================
Received Prepare
Caller must complete domain reload
Begin MonoManager ReloadAssembly
- Loaded All Assemblies, in  0.248 seconds
Native extension for WindowsStandalone target not found
Mono: successfully reloaded assembly
- Finished resetting the current domain, in  0.533 seconds
Domain Reload Profiling: 780ms
	BeginReloadAssembly (85ms)
		ExecutionOrderSort (0ms)
		DisableScriptedObjects (3ms)
		BackupInstance (0ms)
		ReleaseScriptingObjects (0ms)
		CreateAndSetChildDomain (17ms)
	RebuildCommonClasses (17ms)
	RebuildNativeTypeToScriptingClass (6ms)
	initialDomainReloadingComplete (14ms)
	LoadAllAssembliesAndSetupDomain (125ms)
		LoadAssemblies (160ms)
		RebuildTransferFunctionScriptingTraits (0ms)
		AnalyzeDomain (9ms)
			TypeCache.Refresh (4ms)
				TypeCache.ScanAssembly (0ms)
			ScanForSourceGeneratedMonoScriptInfo (0ms)
			ResolveRequiredComponents (3ms)
	FinalizeReload (533ms)
		ReleaseScriptCaches (0ms)
		RebuildScriptCaches (0ms)
		SetupLoadedEditorAssemblies (229ms)
			LogAssemblyErrors (0ms)
			InitializePlatformSupportModulesInManaged (3ms)
			SetLoadedEditorAssemblies (2ms)
			RefreshPlugins (0ms)
			BeforeProcessingInitializeOnLoad (33ms)
			ProcessInitializeOnLoadAttributes (178ms)
			ProcessInitializeOnLoadMethodAttributes (11ms)
			AfterProcessingInitializeOnLoad (1ms)
			EditorAssembliesLoaded (0ms)
		ExecutionOrderSort2 (0ms)
		AwakeInstancesAfterBackupRestoration (4ms)
Refreshing native plugins compatible for Editor in 2.04 ms, found 3 plugins.
Preloading 0 native plugins for Editor in 0.00 ms.
Unloading 3438 Unused Serialized files (Serialized files now loaded: 0)
Unloading 15 unused Assets / (99.9 KB). Loaded Objects now: 4826.
Memory consumption went from 126.8 MB to 126.8 MB.
Total: 1.905600 ms (FindLiveObjects: 0.177400 ms CreateObjectMapping: 0.051600 ms MarkObjects: 1.641700 ms  DeleteObjects: 0.034300 ms)

Prepare: number of updated asset objects reloaded= 0
AssetImportParameters requested are different than current active one (requested -> active):
  custom:scripting/monoscript/fileName/NavMeshSurface.cs: 34aebd278d8d3d5db6b23265b9c700f9 -> 
  custom:scripting/precompiled-assembly-types:Unity.AI.Navigation: 5d8fa505e3253b9a2a456e2c28a1afb3 -> 
  custom:container-demuxer-ogg: 62fdf1f143b41e24485cea50d1cbac27 -> 
  custom:scripting/monoscript/fileName/NavMeshModifierVolumeEditor.cs: 262a50135a116189426aa01c964a744c -> 
  custom:scripting/monoscript/fileName/NavigationOverlay.cs: 2744f4e7946ebbb71339c9b1ce538d00 -> 
  custom:scripting/monoscript/fileName/PoissonDiscSampling.cs: 0c5ab15c9820bf9315795fcfabb0d889 -> 
  custom:scripting/monoscript/fileName/ConverterItemDescriptor.cs: 8182050d34c5cb602eb7913435a7abee -> 
  custom:video-codec-MediaFoundation-h265: 746d11721c4dcdbdad8f713fa42b33f4 -> 
  custom:scripting/monoscript/fileName/BuiltInToNavMeshSurfaceConverterContainer.cs: c40a906f9f99ea8a6c5aaa215767017f -> 
  custom:video-decoder-ogg-theora: a1e56fd34408186e4bbccfd4996cb3dc -> 
  custom:scripting/monoscript/fileName/EnemyHidingAI.cs: 90f9baacad470048560d668eeb4f5f40 -> 
  custom:framework-win-MediaFoundation: 216162199b28c13a410421893ffa2e32 -> 
  custom:scripting/monoscript/fileName/NewBehaviourScript.cs: b21687ddb03d73bd9f0c1daecb9714de -> 
  custom:scripting/monoscript/fileName/NavigationWindow.cs: 7884404b71178f59d8819c380b951d7c -> 
  custom:scripting/monoscript/fileName/NavMeshComponentsGUIUtility.cs: 08c52049b94db52661003d42fda4ecff -> 
  custom:scripting/monoscript/fileName/ConverterItemInfo.cs: 9fb131dfa28a9ed6b6d00fd9cf83ece4 -> 
  custom:CustomObjectIndexerAttribute: 9a22284fe3817be447336de3de66b15e -> 
  custom:scripting/monoscript/fileName/NavMeshAssetManager.cs: 79eb4858c2054289cd611249ab36b0a5 -> 
  custom:scripting/monoscript/fileName/HidingSpotGenerator.cs: e75778abca4b6afc5582c8ed1dd3e9cd -> 
  custom:scripting/monoscript/fileName/NavMeshSurfaceEditor.cs: adb1294e971eab992abc2e3e7e051565 -> 
  custom:container-demuxer-webm: 4f35f7cbe854078d1ac9338744f61a02 -> 
  custom:scripting/monoscript/fileName/NavMeshModifierVolume.cs: 8dc531216c72b86c60b86e16ff3da10b -> 
  custom:scripting/monoscript/fileName/NavMeshUpdaterUtility.cs: 5eb03802e6dba19b3e13aaf384805cac -> 
  custom:scripting/monoscript/fileName/NavigationPreferences.cs: ada9399a4f085d4c824cc06527e7fcae -> 
  custom:scripting/monoscript/fileName/NavMeshUpdaterEditor.cs: 169704080eda430978bba61ddedeb304 -> 
  custom:scripting/precompiled-assembly-types:Unity.AI.Navigation.Editor.ConversionSystem: 27c718e5de2659aeeb663e092dc21158 -> 
  custom:scripting/monoscript/fileName/NavMeshModifierEditor.cs: b8675d28116f43f78881455a7301fe8c -> 
  custom:container-muxer-webm: aa71ff27fc2769a1b78a27578f13a17b -> 
  custom:video-decoder-webm-vp8: 9c59270c3fd7afecdb556c50c9e8de78 -> 
  custom:scripting/precompiled-assembly-types:Unity.AI.Navigation.Editor: 7eaf38f66973fde07200cf372b24130e -> 
  custom:scripting/monoscript/fileName/HelpUrls.cs: c1a90585e3e9c9d25f58f9141655f24f -> 
  custom:scripting/monoscript/fileName/EditorStyles.cs: 86b9f4d8fe570a8d8295bfc466c975cf -> 
  custom:SearchIndexIgnoredProperties: e643bd26f0fe6173181afceb89e7c659 -> 
  custom:scripting/precompiled-assembly-types:Unity.AI.Navigation.Updater: d2095ddf03fd615830d6dacf5841450d -> 
  custom:scripting/monoscript/fileName/NavMeshLinkEditor.cs: aed8ae070d922149bb2ba3de06889ff6 -> 
  custom:AudioImporter_EditorPlatform: d09bf68614088b80899f8185d706f6e7 -> 
  custom:scripting/monoscript/fileName/NavMeshModifier.cs: 99ae5ed91bb784edc4f8312d7de046da -> 
  custom:scripting/monoscript/fileName/NavMashAvoider.cs: 599595d5a460521efccc45d4c2a8d20f -> 
  custom:scripting/monoscript/fileName/NavMeshSceneConverter.cs: baf486a1c1cdf03a3111dd113d13c2f4 -> 
  custom:scripting/monoscript/fileName/SystemConverterContainer.cs: eb4026ea01a117ce0888f693e9eed2cd -> 
  custom:scripting/monoscript/fileName/NavMeshLink.cs: 0b3d0eeb07ab57d259e8f9365538df09 -> 
  custom:scripting/monoscript/fileName/ObsoleteNavigationWindowMenuEntry.cs: c7f73386e6473f401a8e4151cac4e1e5 -> 
  custom:scripting/monoscript/fileName/InitializeConverterContext.cs: a97e19589a5774cdc2a34a28caea355f -> 
  custom:scripting/monoscript/fileName/SystemConverter.cs: c748d1769fc66e95256254a1cc1497f3 -> 
  custom:video-encoder-webm-vp8: eb34c28f22e8b96e1ab97ce403110664 -> 
  custom:audio-decoder-ogg-vorbis: bf7c407c2cedff20999df2af8eb42d56 -> 
  custom:scripting/monoscript/fileName/PoissonGizmoGenerator.cs: 4357ffb2bcb068fc43e54690f1b98fb4 -> 
  custom:scripting/monoscript/fileName/RunItemContext.cs: 338b2243183036c2b60f94c1b5e817c5 -> 
  custom:scripting/monoscript/fileName/Test.cs: 8289d0398bd9a051035a87365428a0e7 -> 
  custom:audio-encoder-webm-vorbis: bf7c407c2cedff20999df2af8eb42d56 -> 
  custom:scripting/monoscript/fileName/PoissonDiskSampler.cs: 52180e748fc5bf68fb8a4b4e27682930 -> 
  custom:scripting/precompiled-assembly-types:Assembly-CSharp: 39dd95e310eb854aeb8a9390d1f5b04c -> e66928de38364bb08ef9436b3612de99
  custom:scripting/monoscript/fileName/SystemConvertersEditor.cs: c127c1335f24b77ca70195bf2136c6a2 -> 
========================================================================
Received Prepare
Caller must complete domain reload
Begin MonoManager ReloadAssembly
- Loaded All Assemblies, in  0.252 seconds
Native extension for WindowsStandalone target not found
Mono: successfully reloaded assembly
- Finished resetting the current domain, in  0.598 seconds
Domain Reload Profiling: 849ms
	BeginReloadAssembly (87ms)
		ExecutionOrderSort (0ms)
		DisableScriptedObjects (3ms)
		BackupInstance (0ms)
		ReleaseScriptingObjects (0ms)
		CreateAndSetChildDomain (16ms)
	RebuildCommonClasses (18ms)
	RebuildNativeTypeToScriptingClass (6ms)
	initialDomainReloadingComplete (15ms)
	LoadAllAssembliesAndSetupDomain (125ms)
		LoadAssemblies (157ms)
		RebuildTransferFunctionScriptingTraits (0ms)
		AnalyzeDomain (14ms)
			TypeCache.Refresh (6ms)
				TypeCache.ScanAssembly (0ms)
			ScanForSourceGeneratedMonoScriptInfo (4ms)
			ResolveRequiredComponents (3ms)
	FinalizeReload (598ms)
		ReleaseScriptCaches (0ms)
		RebuildScriptCaches (0ms)
		SetupLoadedEditorAssemblies (242ms)
			LogAssemblyErrors (0ms)
			InitializePlatformSupportModulesInManaged (3ms)
			SetLoadedEditorAssemblies (2ms)
			RefreshPlugins (0ms)
			BeforeProcessingInitializeOnLoad (32ms)
			ProcessInitializeOnLoadAttributes (191ms)
			ProcessInitializeOnLoadMethodAttributes (13ms)
			AfterProcessingInitializeOnLoad (1ms)
			EditorAssembliesLoaded (0ms)
		ExecutionOrderSort2 (0ms)
		AwakeInstancesAfterBackupRestoration (5ms)
Refreshing native plugins compatible for Editor in 2.34 ms, found 3 plugins.
Preloading 0 native plugins for Editor in 0.00 ms.
Unloading 3436 Unused Serialized files (Serialized files now loaded: 0)
Unloading 17 unused Assets / (101.0 KB). Loaded Objects now: 4839.
Memory consumption went from 126.8 MB to 126.7 MB.
Total: 1.830500 ms (FindLiveObjects: 0.182900 ms CreateObjectMapping: 0.051900 ms MarkObjects: 1.557700 ms  DeleteObjects: 0.037300 ms)

Prepare: number of updated asset objects reloaded= 0
AssetImportParameters requested are different than current active one (requested -> active):
  custom:scripting/monoscript/fileName/NavMeshSurface.cs: 34aebd278d8d3d5db6b23265b9c700f9 -> 
  custom:scripting/precompiled-assembly-types:Unity.AI.Navigation: 5d8fa505e3253b9a2a456e2c28a1afb3 -> 
  custom:container-demuxer-ogg: 62fdf1f143b41e24485cea50d1cbac27 -> 
  custom:scripting/monoscript/fileName/NavMeshModifierVolumeEditor.cs: 262a50135a116189426aa01c964a744c -> 
  custom:scripting/monoscript/fileName/NavigationOverlay.cs: 2744f4e7946ebbb71339c9b1ce538d00 -> 
  custom:scripting/monoscript/fileName/PoissonDiscSampling.cs: 0c5ab15c9820bf9315795fcfabb0d889 -> 
  custom:scripting/monoscript/fileName/ConverterItemDescriptor.cs: 8182050d34c5cb602eb7913435a7abee -> 
  custom:video-codec-MediaFoundation-h265: 746d11721c4dcdbdad8f713fa42b33f4 -> 
  custom:scripting/monoscript/fileName/BuiltInToNavMeshSurfaceConverterContainer.cs: c40a906f9f99ea8a6c5aaa215767017f -> 
  custom:video-decoder-ogg-theora: a1e56fd34408186e4bbccfd4996cb3dc -> 
  custom:scripting/monoscript/fileName/EnemyHidingAI.cs: 90f9baacad470048560d668eeb4f5f40 -> 
  custom:framework-win-MediaFoundation: 216162199b28c13a410421893ffa2e32 -> 
  custom:scripting/monoscript/fileName/NewBehaviourScript.cs: b21687ddb03d73bd9f0c1daecb9714de -> 
  custom:scripting/monoscript/fileName/NavigationWindow.cs: 7884404b71178f59d8819c380b951d7c -> 
  custom:scripting/monoscript/fileName/NavMeshComponentsGUIUtility.cs: 08c52049b94db52661003d42fda4ecff -> 
  custom:scripting/monoscript/fileName/ConverterItemInfo.cs: 9fb131dfa28a9ed6b6d00fd9cf83ece4 -> 
  custom:CustomObjectIndexerAttribute: 9a22284fe3817be447336de3de66b15e -> 
  custom:scripting/monoscript/fileName/NavMeshAssetManager.cs: 79eb4858c2054289cd611249ab36b0a5 -> 
  custom:scripting/monoscript/fileName/HidingSpotGenerator.cs: e75778abca4b6afc5582c8ed1dd3e9cd -> 
  custom:scripting/monoscript/fileName/NavMeshSurfaceEditor.cs: adb1294e971eab992abc2e3e7e051565 -> 
  custom:container-demuxer-webm: 4f35f7cbe854078d1ac9338744f61a02 -> 
  custom:scripting/monoscript/fileName/NavMeshModifierVolume.cs: 8dc531216c72b86c60b86e16ff3da10b -> 
  custom:scripting/monoscript/fileName/NavMeshUpdaterUtility.cs: 5eb03802e6dba19b3e13aaf384805cac -> 
  custom:scripting/monoscript/fileName/NavigationPreferences.cs: ada9399a4f085d4c824cc06527e7fcae -> 
  custom:scripting/monoscript/fileName/NavMeshUpdaterEditor.cs: 169704080eda430978bba61ddedeb304 -> 
  custom:scripting/precompiled-assembly-types:Unity.AI.Navigation.Editor.ConversionSystem: 27c718e5de2659aeeb663e092dc21158 -> 
  custom:scripting/monoscript/fileName/NavMeshModifierEditor.cs: b8675d28116f43f78881455a7301fe8c -> 
  custom:container-muxer-webm: aa71ff27fc2769a1b78a27578f13a17b -> 
  custom:video-decoder-webm-vp8: 9c59270c3fd7afecdb556c50c9e8de78 -> 
  custom:scripting/precompiled-assembly-types:Unity.AI.Navigation.Editor: 7eaf38f66973fde07200cf372b24130e -> 
  custom:scripting/monoscript/fileName/HelpUrls.cs: c1a90585e3e9c9d25f58f9141655f24f -> 
  custom:scripting/monoscript/fileName/EditorStyles.cs: 86b9f4d8fe570a8d8295bfc466c975cf -> 
  custom:SearchIndexIgnoredProperties: e643bd26f0fe6173181afceb89e7c659 -> 
  custom:scripting/precompiled-assembly-types:Unity.AI.Navigation.Updater: d2095ddf03fd615830d6dacf5841450d -> 
  custom:scripting/monoscript/fileName/NavMeshLinkEditor.cs: aed8ae070d922149bb2ba3de06889ff6 -> 
  custom:AudioImporter_EditorPlatform: d09bf68614088b80899f8185d706f6e7 -> 
  custom:scripting/monoscript/fileName/NavMeshModifier.cs: 99ae5ed91bb784edc4f8312d7de046da -> 
  custom:scripting/monoscript/fileName/NavMashAvoider.cs: 599595d5a460521efccc45d4c2a8d20f -> 
  custom:scripting/monoscript/fileName/NavMeshSceneConverter.cs: baf486a1c1cdf03a3111dd113d13c2f4 -> 
  custom:scripting/monoscript/fileName/SystemConverterContainer.cs: eb4026ea01a117ce0888f693e9eed2cd -> 
  custom:scripting/monoscript/fileName/NavMeshLink.cs: 0b3d0eeb07ab57d259e8f9365538df09 -> 
  custom:scripting/monoscript/fileName/ObsoleteNavigationWindowMenuEntry.cs: c7f73386e6473f401a8e4151cac4e1e5 -> 
  custom:scripting/monoscript/fileName/InitializeConverterContext.cs: a97e19589a5774cdc2a34a28caea355f -> 
  custom:scripting/monoscript/fileName/SystemConverter.cs: c748d1769fc66e95256254a1cc1497f3 -> 
  custom:video-encoder-webm-vp8: eb34c28f22e8b96e1ab97ce403110664 -> 
  custom:audio-decoder-ogg-vorbis: bf7c407c2cedff20999df2af8eb42d56 -> 
  custom:scripting/monoscript/fileName/PoissonGizmoGenerator.cs: 4357ffb2bcb068fc43e54690f1b98fb4 -> 
  custom:scripting/monoscript/fileName/RunItemContext.cs: 338b2243183036c2b60f94c1b5e817c5 -> 
  custom:scripting/monoscript/fileName/Test.cs: 8289d0398bd9a051035a87365428a0e7 -> 
  custom:audio-encoder-webm-vorbis: bf7c407c2cedff20999df2af8eb42d56 -> 
  custom:scripting/monoscript/fileName/PoissonDiskSampler.cs: 52180e748fc5bf68fb8a4b4e27682930 -> 
  custom:scripting/precompiled-assembly-types:Assembly-CSharp: 2df12c1cc141295cfeb17ded0fd01b12 -> e66928de38364bb08ef9436b3612de99
  custom:scripting/monoscript/fileName/SystemConvertersEditor.cs: c127c1335f24b77ca70195bf2136c6a2 -> 
========================================================================
Received Prepare
Caller must complete domain reload
Begin MonoManager ReloadAssembly
- Loaded All Assemblies, in  0.248 seconds
Native extension for WindowsStandalone target not found
Mono: successfully reloaded assembly
- Finished resetting the current domain, in  0.545 seconds
Domain Reload Profiling: 792ms
	BeginReloadAssembly (83ms)
		ExecutionOrderSort (0ms)
		DisableScriptedObjects (3ms)
		BackupInstance (0ms)
		ReleaseScriptingObjects (0ms)
		CreateAndSetChildDomain (16ms)
	RebuildCommonClasses (17ms)
	RebuildNativeTypeToScriptingClass (6ms)
	initialDomainReloadingComplete (14ms)
	LoadAllAssembliesAndSetupDomain (127ms)
		LoadAssemblies (161ms)
		RebuildTransferFunctionScriptingTraits (0ms)
		AnalyzeDomain (9ms)
			TypeCache.Refresh (4ms)
				TypeCache.ScanAssembly (0ms)
			ScanForSourceGeneratedMonoScriptInfo (0ms)
			ResolveRequiredComponents (3ms)
	FinalizeReload (545ms)
		ReleaseScriptCaches (0ms)
		RebuildScriptCaches (0ms)
		SetupLoadedEditorAssemblies (238ms)
			LogAssemblyErrors (0ms)
			InitializePlatformSupportModulesInManaged (3ms)
			SetLoadedEditorAssemblies (2ms)
			RefreshPlugins (0ms)
			BeforeProcessingInitializeOnLoad (34ms)
			ProcessInitializeOnLoadAttributes (186ms)
			ProcessInitializeOnLoadMethodAttributes (12ms)
			AfterProcessingInitializeOnLoad (1ms)
			EditorAssembliesLoaded (0ms)
		ExecutionOrderSort2 (0ms)
		AwakeInstancesAfterBackupRestoration (4ms)
Refreshing native plugins compatible for Editor in 2.58 ms, found 3 plugins.
Preloading 0 native plugins for Editor in 0.00 ms.
Unloading 3436 Unused Serialized files (Serialized files now loaded: 0)
Unloading 15 unused Assets / (99.9 KB). Loaded Objects now: 4854.
Memory consumption went from 126.8 MB to 126.7 MB.
Total: 1.891500 ms (FindLiveObjects: 0.213100 ms CreateObjectMapping: 0.050700 ms MarkObjects: 1.592200 ms  DeleteObjects: 0.034700 ms)

Prepare: number of updated asset objects reloaded= 0
AssetImportParameters requested are different than current active one (requested -> active):
  custom:scripting/monoscript/fileName/NavMeshSurface.cs: 34aebd278d8d3d5db6b23265b9c700f9 -> 
  custom:scripting/precompiled-assembly-types:Unity.AI.Navigation: 5d8fa505e3253b9a2a456e2c28a1afb3 -> 
  custom:container-demuxer-ogg: 62fdf1f143b41e24485cea50d1cbac27 -> 
  custom:scripting/monoscript/fileName/NavMeshModifierVolumeEditor.cs: 262a50135a116189426aa01c964a744c -> 
  custom:scripting/monoscript/fileName/NavigationOverlay.cs: 2744f4e7946ebbb71339c9b1ce538d00 -> 
  custom:scripting/monoscript/fileName/PoissonDiscSampling.cs: 0c5ab15c9820bf9315795fcfabb0d889 -> 
  custom:scripting/monoscript/fileName/ConverterItemDescriptor.cs: 8182050d34c5cb602eb7913435a7abee -> 
  custom:video-codec-MediaFoundation-h265: 746d11721c4dcdbdad8f713fa42b33f4 -> 
  custom:scripting/monoscript/fileName/BuiltInToNavMeshSurfaceConverterContainer.cs: c40a906f9f99ea8a6c5aaa215767017f -> 
  custom:video-decoder-ogg-theora: a1e56fd34408186e4bbccfd4996cb3dc -> 
  custom:scripting/monoscript/fileName/EnemyHidingAI.cs: 90f9baacad470048560d668eeb4f5f40 -> 
  custom:framework-win-MediaFoundation: 216162199b28c13a410421893ffa2e32 -> 
  custom:scripting/monoscript/fileName/NewBehaviourScript.cs: b21687ddb03d73bd9f0c1daecb9714de -> 
  custom:scripting/monoscript/fileName/NavigationWindow.cs: 7884404b71178f59d8819c380b951d7c -> 
  custom:scripting/monoscript/fileName/NavMeshComponentsGUIUtility.cs: 08c52049b94db52661003d42fda4ecff -> 
  custom:scripting/monoscript/fileName/ConverterItemInfo.cs: 9fb131dfa28a9ed6b6d00fd9cf83ece4 -> 
  custom:CustomObjectIndexerAttribute: 9a22284fe3817be447336de3de66b15e -> 
  custom:scripting/monoscript/fileName/NavMeshAssetManager.cs: 79eb4858c2054289cd611249ab36b0a5 -> 
  custom:scripting/monoscript/fileName/HidingSpotGenerator.cs: e75778abca4b6afc5582c8ed1dd3e9cd -> 
  custom:scripting/monoscript/fileName/NavMeshSurfaceEditor.cs: adb1294e971eab992abc2e3e7e051565 -> 
  custom:container-demuxer-webm: 4f35f7cbe854078d1ac9338744f61a02 -> 
  custom:scripting/monoscript/fileName/NavMeshModifierVolume.cs: 8dc531216c72b86c60b86e16ff3da10b -> 
  custom:scripting/monoscript/fileName/NavMeshUpdaterUtility.cs: 5eb03802e6dba19b3e13aaf384805cac -> 
  custom:scripting/monoscript/fileName/NavigationPreferences.cs: ada9399a4f085d4c824cc06527e7fcae -> 
  custom:scripting/monoscript/fileName/NavMeshUpdaterEditor.cs: 169704080eda430978bba61ddedeb304 -> 
  custom:scripting/precompiled-assembly-types:Unity.AI.Navigation.Editor.ConversionSystem: 27c718e5de2659aeeb663e092dc21158 -> 
  custom:scripting/monoscript/fileName/NavMeshModifierEditor.cs: b8675d28116f43f78881455a7301fe8c -> 
  custom:container-muxer-webm: aa71ff27fc2769a1b78a27578f13a17b -> 
  custom:video-decoder-webm-vp8: 9c59270c3fd7afecdb556c50c9e8de78 -> 
  custom:scripting/precompiled-assembly-types:Unity.AI.Navigation.Editor: 7eaf38f66973fde07200cf372b24130e -> 
  custom:scripting/monoscript/fileName/HelpUrls.cs: c1a90585e3e9c9d25f58f9141655f24f -> 
  custom:scripting/monoscript/fileName/EditorStyles.cs: 86b9f4d8fe570a8d8295bfc466c975cf -> 
  custom:SearchIndexIgnoredProperties: e643bd26f0fe6173181afceb89e7c659 -> 
  custom:scripting/precompiled-assembly-types:Unity.AI.Navigation.Updater: d2095ddf03fd615830d6dacf5841450d -> 
  custom:scripting/monoscript/fileName/NavMeshLinkEditor.cs: aed8ae070d922149bb2ba3de06889ff6 -> 
  custom:AudioImporter_EditorPlatform: d09bf68614088b80899f8185d706f6e7 -> 
  custom:scripting/monoscript/fileName/NavMeshModifier.cs: 99ae5ed91bb784edc4f8312d7de046da -> 
  custom:scripting/monoscript/fileName/NavMashAvoider.cs: 599595d5a460521efccc45d4c2a8d20f -> 
  custom:scripting/monoscript/fileName/NavMeshSceneConverter.cs: baf486a1c1cdf03a3111dd113d13c2f4 -> 
  custom:scripting/monoscript/fileName/SystemConverterContainer.cs: eb4026ea01a117ce0888f693e9eed2cd -> 
  custom:scripting/monoscript/fileName/NavMeshLink.cs: 0b3d0eeb07ab57d259e8f9365538df09 -> 
  custom:scripting/monoscript/fileName/ObsoleteNavigationWindowMenuEntry.cs: c7f73386e6473f401a8e4151cac4e1e5 -> 
  custom:scripting/monoscript/fileName/InitializeConverterContext.cs: a97e19589a5774cdc2a34a28caea355f -> 
  custom:scripting/monoscript/fileName/SystemConverter.cs: c748d1769fc66e95256254a1cc1497f3 -> 
  custom:video-encoder-webm-vp8: eb34c28f22e8b96e1ab97ce403110664 -> 
  custom:audio-decoder-ogg-vorbis: bf7c407c2cedff20999df2af8eb42d56 -> 
  custom:scripting/monoscript/fileName/PoissonGizmoGenerator.cs: 4357ffb2bcb068fc43e54690f1b98fb4 -> 
  custom:scripting/monoscript/fileName/RunItemContext.cs: 338b2243183036c2b60f94c1b5e817c5 -> 
  custom:scripting/monoscript/fileName/Test.cs: 8289d0398bd9a051035a87365428a0e7 -> 
  custom:audio-encoder-webm-vorbis: bf7c407c2cedff20999df2af8eb42d56 -> 
  custom:scripting/monoscript/fileName/PoissonDiskSampler.cs: 52180e748fc5bf68fb8a4b4e27682930 -> 
  custom:scripting/precompiled-assembly-types:Assembly-CSharp: 2df12c1cc141295cfeb17ded0fd01b12 -> e66928de38364bb08ef9436b3612de99
  custom:scripting/monoscript/fileName/SystemConvertersEditor.cs: c127c1335f24b77ca70195bf2136c6a2 -> 
========================================================================
Received Prepare
Caller must complete domain reload
Begin MonoManager ReloadAssembly
- Loaded All Assemblies, in  0.246 seconds
Native extension for WindowsStandalone target not found
Mono: successfully reloaded assembly
- Finished resetting the current domain, in  0.572 seconds
Domain Reload Profiling: 817ms
	BeginReloadAssembly (84ms)
		ExecutionOrderSort (0ms)
		DisableScriptedObjects (3ms)
		BackupInstance (0ms)
		ReleaseScriptingObjects (0ms)
		CreateAndSetChildDomain (16ms)
	RebuildCommonClasses (17ms)
	RebuildNativeTypeToScriptingClass (6ms)
	initialDomainReloadingComplete (14ms)
	LoadAllAssembliesAndSetupDomain (125ms)
		LoadAssemblies (159ms)
		RebuildTransferFunctionScriptingTraits (0ms)
		AnalyzeDomain (10ms)
			TypeCache.Refresh (5ms)
				TypeCache.ScanAssembly (0ms)
			ScanForSourceGeneratedMonoScriptInfo (0ms)
			ResolveRequiredComponents (3ms)
	FinalizeReload (572ms)
		ReleaseScriptCaches (0ms)
		RebuildScriptCaches (0ms)
		SetupLoadedEditorAssemblies (246ms)
			LogAssemblyErrors (0ms)
			InitializePlatformSupportModulesInManaged (3ms)
			SetLoadedEditorAssemblies (2ms)
			RefreshPlugins (0ms)
			BeforeProcessingInitializeOnLoad (36ms)
			ProcessInitializeOnLoadAttributes (190ms)
			ProcessInitializeOnLoadMethodAttributes (13ms)
			AfterProcessingInitializeOnLoad (1ms)
			EditorAssembliesLoaded (0ms)
		ExecutionOrderSort2 (0ms)
		AwakeInstancesAfterBackupRestoration (4ms)
Refreshing native plugins compatible for Editor in 2.44 ms, found 3 plugins.
Preloading 0 native plugins for Editor in 0.00 ms.
Unloading 3436 Unused Serialized files (Serialized files now loaded: 0)
Unloading 15 unused Assets / (99.9 KB). Loaded Objects now: 4869.
Memory consumption went from 126.8 MB to 126.7 MB.
Total: 1.794300 ms (FindLiveObjects: 0.174600 ms CreateObjectMapping: 0.055500 ms MarkObjects: 1.530900 ms  DeleteObjects: 0.032900 ms)

Prepare: number of updated asset objects reloaded= 0
AssetImportParameters requested are different than current active one (requested -> active):
  custom:scripting/monoscript/fileName/NavMeshSurface.cs: 34aebd278d8d3d5db6b23265b9c700f9 -> 
  custom:scripting/precompiled-assembly-types:Unity.AI.Navigation: 5d8fa505e3253b9a2a456e2c28a1afb3 -> 
  custom:container-demuxer-ogg: 62fdf1f143b41e24485cea50d1cbac27 -> 
  custom:scripting/monoscript/fileName/NavMeshModifierVolumeEditor.cs: 262a50135a116189426aa01c964a744c -> 
  custom:scripting/monoscript/fileName/NavigationOverlay.cs: 2744f4e7946ebbb71339c9b1ce538d00 -> 
  custom:scripting/monoscript/fileName/PoissonDiscSampling.cs: 0c5ab15c9820bf9315795fcfabb0d889 -> 
  custom:scripting/monoscript/fileName/ConverterItemDescriptor.cs: 8182050d34c5cb602eb7913435a7abee -> 
  custom:video-codec-MediaFoundation-h265: 746d11721c4dcdbdad8f713fa42b33f4 -> 
  custom:scripting/monoscript/fileName/BuiltInToNavMeshSurfaceConverterContainer.cs: c40a906f9f99ea8a6c5aaa215767017f -> 
  custom:video-decoder-ogg-theora: a1e56fd34408186e4bbccfd4996cb3dc -> 
  custom:scripting/monoscript/fileName/EnemyHidingAI.cs: 90f9baacad470048560d668eeb4f5f40 -> 
  custom:framework-win-MediaFoundation: 216162199b28c13a410421893ffa2e32 -> 
  custom:scripting/monoscript/fileName/NewBehaviourScript.cs: b21687ddb03d73bd9f0c1daecb9714de -> 
  custom:scripting/monoscript/fileName/NavigationWindow.cs: 7884404b71178f59d8819c380b951d7c -> 
  custom:scripting/monoscript/fileName/NavMeshComponentsGUIUtility.cs: 08c52049b94db52661003d42fda4ecff -> 
  custom:scripting/monoscript/fileName/ConverterItemInfo.cs: 9fb131dfa28a9ed6b6d00fd9cf83ece4 -> 
  custom:CustomObjectIndexerAttribute: 9a22284fe3817be447336de3de66b15e -> 
  custom:scripting/monoscript/fileName/NavMeshAssetManager.cs: 79eb4858c2054289cd611249ab36b0a5 -> 
  custom:scripting/monoscript/fileName/HidingSpotGenerator.cs: e75778abca4b6afc5582c8ed1dd3e9cd -> 
  custom:scripting/monoscript/fileName/NavMeshSurfaceEditor.cs: adb1294e971eab992abc2e3e7e051565 -> 
  custom:container-demuxer-webm: 4f35f7cbe854078d1ac9338744f61a02 -> 
  custom:scripting/monoscript/fileName/NavMeshModifierVolume.cs: 8dc531216c72b86c60b86e16ff3da10b -> 
  custom:scripting/monoscript/fileName/NavMeshUpdaterUtility.cs: 5eb03802e6dba19b3e13aaf384805cac -> 
  custom:scripting/monoscript/fileName/NavigationPreferences.cs: ada9399a4f085d4c824cc06527e7fcae -> 
  custom:scripting/monoscript/fileName/NavMeshUpdaterEditor.cs: 169704080eda430978bba61ddedeb304 -> 
  custom:scripting/precompiled-assembly-types:Unity.AI.Navigation.Editor.ConversionSystem: 27c718e5de2659aeeb663e092dc21158 -> 
  custom:scripting/monoscript/fileName/NavMeshModifierEditor.cs: b8675d28116f43f78881455a7301fe8c -> 
  custom:container-muxer-webm: aa71ff27fc2769a1b78a27578f13a17b -> 
  custom:video-decoder-webm-vp8: 9c59270c3fd7afecdb556c50c9e8de78 -> 
  custom:scripting/precompiled-assembly-types:Unity.AI.Navigation.Editor: 7eaf38f66973fde07200cf372b24130e -> 
  custom:scripting/monoscript/fileName/HelpUrls.cs: c1a90585e3e9c9d25f58f9141655f24f -> 
  custom:scripting/monoscript/fileName/EditorStyles.cs: 86b9f4d8fe570a8d8295bfc466c975cf -> 
  custom:SearchIndexIgnoredProperties: e643bd26f0fe6173181afceb89e7c659 -> 
  custom:scripting/precompiled-assembly-types:Unity.AI.Navigation.Updater: d2095ddf03fd615830d6dacf5841450d -> 
  custom:scripting/monoscript/fileName/NavMeshLinkEditor.cs: aed8ae070d922149bb2ba3de06889ff6 -> 
  custom:AudioImporter_EditorPlatform: d09bf68614088b80899f8185d706f6e7 -> 
  custom:scripting/monoscript/fileName/NavMeshModifier.cs: 99ae5ed91bb784edc4f8312d7de046da -> 
  custom:scripting/monoscript/fileName/NavMashAvoider.cs: 599595d5a460521efccc45d4c2a8d20f -> 
  custom:scripting/monoscript/fileName/NavMeshSceneConverter.cs: baf486a1c1cdf03a3111dd113d13c2f4 -> 
  custom:scripting/monoscript/fileName/SystemConverterContainer.cs: eb4026ea01a117ce0888f693e9eed2cd -> 
  custom:scripting/monoscript/fileName/NavMeshLink.cs: 0b3d0eeb07ab57d259e8f9365538df09 -> 
  custom:scripting/monoscript/fileName/ObsoleteNavigationWindowMenuEntry.cs: c7f73386e6473f401a8e4151cac4e1e5 -> 
  custom:scripting/monoscript/fileName/InitializeConverterContext.cs: a97e19589a5774cdc2a34a28caea355f -> 
  custom:scripting/monoscript/fileName/SystemConverter.cs: c748d1769fc66e95256254a1cc1497f3 -> 
  custom:video-encoder-webm-vp8: eb34c28f22e8b96e1ab97ce403110664 -> 
  custom:audio-decoder-ogg-vorbis: bf7c407c2cedff20999df2af8eb42d56 -> 
  custom:scripting/monoscript/fileName/PoissonGizmoGenerator.cs: 4357ffb2bcb068fc43e54690f1b98fb4 -> 
  custom:scripting/monoscript/fileName/RunItemContext.cs: 338b2243183036c2b60f94c1b5e817c5 -> 
  custom:scripting/monoscript/fileName/Test.cs: 8289d0398bd9a051035a87365428a0e7 -> 
  custom:audio-encoder-webm-vorbis: bf7c407c2cedff20999df2af8eb42d56 -> 
  custom:scripting/monoscript/fileName/PoissonDiskSampler.cs: 52180e748fc5bf68fb8a4b4e27682930 -> 
  custom:scripting/precompiled-assembly-types:Assembly-CSharp: 2df12c1cc141295cfeb17ded0fd01b12 -> e66928de38364bb08ef9436b3612de99
  custom:scripting/monoscript/fileName/SystemConvertersEditor.cs: c127c1335f24b77ca70195bf2136c6a2 -> 
========================================================================
Received Prepare
Caller must complete domain reload
Begin MonoManager ReloadAssembly
- Loaded All Assemblies, in  0.250 seconds
Native extension for WindowsStandalone target not found
Mono: successfully reloaded assembly
- Finished resetting the current domain, in  0.534 seconds
Domain Reload Profiling: 783ms
	BeginReloadAssembly (83ms)
		ExecutionOrderSort (0ms)
		DisableScriptedObjects (3ms)
		BackupInstance (0ms)
		ReleaseScriptingObjects (0ms)
		CreateAndSetChildDomain (15ms)
	RebuildCommonClasses (17ms)
	RebuildNativeTypeToScriptingClass (5ms)
	initialDomainReloadingComplete (20ms)
	LoadAllAssembliesAndSetupDomain (123ms)
		LoadAssemblies (158ms)
		RebuildTransferFunctionScriptingTraits (0ms)
		AnalyzeDomain (9ms)
			TypeCache.Refresh (4ms)
				TypeCache.ScanAssembly (0ms)
			ScanForSourceGeneratedMonoScriptInfo (0ms)
			ResolveRequiredComponents (3ms)
	FinalizeReload (535ms)
		ReleaseScriptCaches (0ms)
		RebuildScriptCaches (0ms)
		SetupLoadedEditorAssemblies (227ms)
			LogAssemblyErrors (0ms)
			InitializePlatformSupportModulesInManaged (3ms)
			SetLoadedEditorAssemblies (2ms)
			RefreshPlugins (0ms)
			BeforeProcessingInitializeOnLoad (32ms)
			ProcessInitializeOnLoadAttributes (178ms)
			ProcessInitializeOnLoadMethodAttributes (11ms)
			AfterProcessingInitializeOnLoad (1ms)
			EditorAssembliesLoaded (0ms)
		ExecutionOrderSort2 (0ms)
		AwakeInstancesAfterBackupRestoration (4ms)
Refreshing native plugins compatible for Editor in 2.43 ms, found 3 plugins.
Preloading 0 native plugins for Editor in 0.00 ms.
Unloading 3436 Unused Serialized files (Serialized files now loaded: 0)
Unloading 15 unused Assets / (99.9 KB). Loaded Objects now: 4884.
Memory consumption went from 126.9 MB to 126.8 MB.
Total: 1.936900 ms (FindLiveObjects: 0.211100 ms CreateObjectMapping: 0.062600 ms MarkObjects: 1.626300 ms  DeleteObjects: 0.036000 ms)

Prepare: number of updated asset objects reloaded= 0
AssetImportParameters requested are different than current active one (requested -> active):
  custom:scripting/monoscript/fileName/NavMeshSurface.cs: 34aebd278d8d3d5db6b23265b9c700f9 -> 
  custom:scripting/precompiled-assembly-types:Unity.AI.Navigation: 5d8fa505e3253b9a2a456e2c28a1afb3 -> 
  custom:container-demuxer-ogg: 62fdf1f143b41e24485cea50d1cbac27 -> 
  custom:scripting/monoscript/fileName/NavMeshModifierVolumeEditor.cs: 262a50135a116189426aa01c964a744c -> 
  custom:scripting/monoscript/fileName/NavigationOverlay.cs: 2744f4e7946ebbb71339c9b1ce538d00 -> 
  custom:scripting/monoscript/fileName/PoissonDiscSampling.cs: 0c5ab15c9820bf9315795fcfabb0d889 -> 
  custom:scripting/monoscript/fileName/ConverterItemDescriptor.cs: 8182050d34c5cb602eb7913435a7abee -> 
  custom:video-codec-MediaFoundation-h265: 746d11721c4dcdbdad8f713fa42b33f4 -> 
  custom:scripting/monoscript/fileName/BuiltInToNavMeshSurfaceConverterContainer.cs: c40a906f9f99ea8a6c5aaa215767017f -> 
  custom:video-decoder-ogg-theora: a1e56fd34408186e4bbccfd4996cb3dc -> 
  custom:scripting/monoscript/fileName/EnemyHidingAI.cs: 90f9baacad470048560d668eeb4f5f40 -> 
  custom:framework-win-MediaFoundation: 216162199b28c13a410421893ffa2e32 -> 
  custom:scripting/monoscript/fileName/NewBehaviourScript.cs: b21687ddb03d73bd9f0c1daecb9714de -> 
  custom:scripting/monoscript/fileName/NavigationWindow.cs: 7884404b71178f59d8819c380b951d7c -> 
  custom:scripting/monoscript/fileName/NavMeshComponentsGUIUtility.cs: 08c52049b94db52661003d42fda4ecff -> 
  custom:scripting/monoscript/fileName/ConverterItemInfo.cs: 9fb131dfa28a9ed6b6d00fd9cf83ece4 -> 
  custom:CustomObjectIndexerAttribute: 9a22284fe3817be447336de3de66b15e -> 
  custom:scripting/monoscript/fileName/NavMeshAssetManager.cs: 79eb4858c2054289cd611249ab36b0a5 -> 
  custom:scripting/monoscript/fileName/HidingSpotGenerator.cs: e75778abca4b6afc5582c8ed1dd3e9cd -> 
  custom:scripting/monoscript/fileName/NavMeshSurfaceEditor.cs: adb1294e971eab992abc2e3e7e051565 -> 
  custom:container-demuxer-webm: 4f35f7cbe854078d1ac9338744f61a02 -> 
  custom:scripting/monoscript/fileName/NavMeshModifierVolume.cs: 8dc531216c72b86c60b86e16ff3da10b -> 
  custom:scripting/monoscript/fileName/NavMeshUpdaterUtility.cs: 5eb03802e6dba19b3e13aaf384805cac -> 
  custom:scripting/monoscript/fileName/NavigationPreferences.cs: ada9399a4f085d4c824cc06527e7fcae -> 
  custom:scripting/monoscript/fileName/NavMeshUpdaterEditor.cs: 169704080eda430978bba61ddedeb304 -> 
  custom:scripting/precompiled-assembly-types:Unity.AI.Navigation.Editor.ConversionSystem: 27c718e5de2659aeeb663e092dc21158 -> 
  custom:scripting/monoscript/fileName/NavMeshModifierEditor.cs: b8675d28116f43f78881455a7301fe8c -> 
  custom:container-muxer-webm: aa71ff27fc2769a1b78a27578f13a17b -> 
  custom:video-decoder-webm-vp8: 9c59270c3fd7afecdb556c50c9e8de78 -> 
  custom:scripting/precompiled-assembly-types:Unity.AI.Navigation.Editor: 7eaf38f66973fde07200cf372b24130e -> 
  custom:scripting/monoscript/fileName/HelpUrls.cs: c1a90585e3e9c9d25f58f9141655f24f -> 
  custom:scripting/monoscript/fileName/EditorStyles.cs: 86b9f4d8fe570a8d8295bfc466c975cf -> 
  custom:SearchIndexIgnoredProperties: e643bd26f0fe6173181afceb89e7c659 -> 
  custom:scripting/precompiled-assembly-types:Unity.AI.Navigation.Updater: d2095ddf03fd615830d6dacf5841450d -> 
  custom:scripting/monoscript/fileName/NavMeshLinkEditor.cs: aed8ae070d922149bb2ba3de06889ff6 -> 
  custom:AudioImporter_EditorPlatform: d09bf68614088b80899f8185d706f6e7 -> 
  custom:scripting/monoscript/fileName/NavMeshModifier.cs: 99ae5ed91bb784edc4f8312d7de046da -> 
  custom:scripting/monoscript/fileName/NavMashAvoider.cs: 599595d5a460521efccc45d4c2a8d20f -> 
  custom:scripting/monoscript/fileName/NavMeshSceneConverter.cs: baf486a1c1cdf03a3111dd113d13c2f4 -> 
  custom:scripting/monoscript/fileName/SystemConverterContainer.cs: eb4026ea01a117ce0888f693e9eed2cd -> 
  custom:scripting/monoscript/fileName/NavMeshLink.cs: 0b3d0eeb07ab57d259e8f9365538df09 -> 
  custom:scripting/monoscript/fileName/ObsoleteNavigationWindowMenuEntry.cs: c7f73386e6473f401a8e4151cac4e1e5 -> 
  custom:scripting/monoscript/fileName/InitializeConverterContext.cs: a97e19589a5774cdc2a34a28caea355f -> 
  custom:scripting/monoscript/fileName/SystemConverter.cs: c748d1769fc66e95256254a1cc1497f3 -> 
  custom:video-encoder-webm-vp8: eb34c28f22e8b96e1ab97ce403110664 -> 
  custom:audio-decoder-ogg-vorbis: bf7c407c2cedff20999df2af8eb42d56 -> 
  custom:scripting/monoscript/fileName/PoissonGizmoGenerator.cs: 4357ffb2bcb068fc43e54690f1b98fb4 -> 
  custom:scripting/monoscript/fileName/RunItemContext.cs: 338b2243183036c2b60f94c1b5e817c5 -> 
  custom:scripting/monoscript/fileName/Test.cs: 8289d0398bd9a051035a87365428a0e7 -> 
  custom:audio-encoder-webm-vorbis: bf7c407c2cedff20999df2af8eb42d56 -> 
  custom:scripting/monoscript/fileName/PoissonDiskSampler.cs: 52180e748fc5bf68fb8a4b4e27682930 -> 
  custom:scripting/precompiled-assembly-types:Assembly-CSharp: 2df12c1cc141295cfeb17ded0fd01b12 -> e66928de38364bb08ef9436b3612de99
  custom:scripting/monoscript/fileName/SystemConvertersEditor.cs: c127c1335f24b77ca70195bf2136c6a2 -> 
========================================================================
Received Prepare
Caller must complete domain reload
Begin MonoManager ReloadAssembly
- Loaded All Assemblies, in  0.241 seconds
Native extension for WindowsStandalone target not found
Mono: successfully reloaded assembly
- Finished resetting the current domain, in  0.511 seconds
Domain Reload Profiling: 751ms
	BeginReloadAssembly (88ms)
		ExecutionOrderSort (0ms)
		DisableScriptedObjects (3ms)
		BackupInstance (0ms)
		ReleaseScriptingObjects (0ms)
		CreateAndSetChildDomain (18ms)
	RebuildCommonClasses (18ms)
	RebuildNativeTypeToScriptingClass (6ms)
	initialDomainReloadingComplete (14ms)
	LoadAllAssembliesAndSetupDomain (115ms)
		LoadAssemblies (146ms)
		RebuildTransferFunctionScriptingTraits (0ms)
		AnalyzeDomain (13ms)
			TypeCache.Refresh (5ms)
				TypeCache.ScanAssembly (0ms)
			ScanForSourceGeneratedMonoScriptInfo (4ms)
			ResolveRequiredComponents (3ms)
	FinalizeReload (511ms)
		ReleaseScriptCaches (0ms)
		RebuildScriptCaches (0ms)
		SetupLoadedEditorAssemblies (214ms)
			LogAssemblyErrors (0ms)
			InitializePlatformSupportModulesInManaged (3ms)
			SetLoadedEditorAssemblies (2ms)
			RefreshPlugins (0ms)
			BeforeProcessingInitializeOnLoad (32ms)
			ProcessInitializeOnLoadAttributes (164ms)
			ProcessInitializeOnLoadMethodAttributes (11ms)
			AfterProcessingInitializeOnLoad (1ms)
			EditorAssembliesLoaded (0ms)
		ExecutionOrderSort2 (0ms)
		AwakeInstancesAfterBackupRestoration (4ms)
Refreshing native plugins compatible for Editor in 2.24 ms, found 3 plugins.
Preloading 0 native plugins for Editor in 0.00 ms.
Unloading 3436 Unused Serialized files (Serialized files now loaded: 0)
Unloading 15 unused Assets / (99.9 KB). Loaded Objects now: 4899.
Memory consumption went from 126.9 MB to 126.8 MB.
Total: 1.889800 ms (FindLiveObjects: 0.213900 ms CreateObjectMapping: 0.074900 ms MarkObjects: 1.565300 ms  DeleteObjects: 0.034700 ms)

Prepare: number of updated asset objects reloaded= 0
AssetImportParameters requested are different than current active one (requested -> active):
  custom:scripting/monoscript/fileName/NavMeshSurface.cs: 34aebd278d8d3d5db6b23265b9c700f9 -> 
  custom:scripting/precompiled-assembly-types:Unity.AI.Navigation: 5d8fa505e3253b9a2a456e2c28a1afb3 -> 
  custom:container-demuxer-ogg: 62fdf1f143b41e24485cea50d1cbac27 -> 
  custom:scripting/monoscript/fileName/NavMeshModifierVolumeEditor.cs: 262a50135a116189426aa01c964a744c -> 
  custom:scripting/monoscript/fileName/NavigationOverlay.cs: 2744f4e7946ebbb71339c9b1ce538d00 -> 
  custom:scripting/monoscript/fileName/PoissonDiscSampling.cs: 0c5ab15c9820bf9315795fcfabb0d889 -> 
  custom:scripting/monoscript/fileName/ConverterItemDescriptor.cs: 8182050d34c5cb602eb7913435a7abee -> 
  custom:video-codec-MediaFoundation-h265: 746d11721c4dcdbdad8f713fa42b33f4 -> 
  custom:scripting/monoscript/fileName/BuiltInToNavMeshSurfaceConverterContainer.cs: c40a906f9f99ea8a6c5aaa215767017f -> 
  custom:video-decoder-ogg-theora: a1e56fd34408186e4bbccfd4996cb3dc -> 
  custom:scripting/monoscript/fileName/EnemyHidingAI.cs: 90f9baacad470048560d668eeb4f5f40 -> 
  custom:framework-win-MediaFoundation: 216162199b28c13a410421893ffa2e32 -> 
  custom:scripting/monoscript/fileName/NewBehaviourScript.cs: b21687ddb03d73bd9f0c1daecb9714de -> 
  custom:scripting/monoscript/fileName/NavigationWindow.cs: 7884404b71178f59d8819c380b951d7c -> 
  custom:scripting/monoscript/fileName/NavMeshComponentsGUIUtility.cs: 08c52049b94db52661003d42fda4ecff -> 
  custom:scripting/monoscript/fileName/ConverterItemInfo.cs: 9fb131dfa28a9ed6b6d00fd9cf83ece4 -> 
  custom:CustomObjectIndexerAttribute: 9a22284fe3817be447336de3de66b15e -> 
  custom:scripting/monoscript/fileName/NavMeshAssetManager.cs: 79eb4858c2054289cd611249ab36b0a5 -> 
  custom:scripting/monoscript/fileName/HidingSpotGenerator.cs: e75778abca4b6afc5582c8ed1dd3e9cd -> 
  custom:scripting/monoscript/fileName/NavMeshSurfaceEditor.cs: adb1294e971eab992abc2e3e7e051565 -> 
  custom:container-demuxer-webm: 4f35f7cbe854078d1ac9338744f61a02 -> 
  custom:scripting/monoscript/fileName/NavMeshModifierVolume.cs: 8dc531216c72b86c60b86e16ff3da10b -> 
  custom:scripting/monoscript/fileName/NavMeshUpdaterUtility.cs: 5eb03802e6dba19b3e13aaf384805cac -> 
  custom:scripting/monoscript/fileName/NavigationPreferences.cs: ada9399a4f085d4c824cc06527e7fcae -> 
  custom:scripting/monoscript/fileName/NavMeshUpdaterEditor.cs: 169704080eda430978bba61ddedeb304 -> 
  custom:scripting/precompiled-assembly-types:Unity.AI.Navigation.Editor.ConversionSystem: 27c718e5de2659aeeb663e092dc21158 -> 
  custom:scripting/monoscript/fileName/NavMeshModifierEditor.cs: b8675d28116f43f78881455a7301fe8c -> 
  custom:container-muxer-webm: aa71ff27fc2769a1b78a27578f13a17b -> 
  custom:video-decoder-webm-vp8: 9c59270c3fd7afecdb556c50c9e8de78 -> 
  custom:scripting/precompiled-assembly-types:Unity.AI.Navigation.Editor: 7eaf38f66973fde07200cf372b24130e -> 
  custom:scripting/monoscript/fileName/HelpUrls.cs: c1a90585e3e9c9d25f58f9141655f24f -> 
  custom:scripting/monoscript/fileName/EditorStyles.cs: 86b9f4d8fe570a8d8295bfc466c975cf -> 
  custom:SearchIndexIgnoredProperties: e643bd26f0fe6173181afceb89e7c659 -> 
  custom:scripting/precompiled-assembly-types:Unity.AI.Navigation.Updater: d2095ddf03fd615830d6dacf5841450d -> 
  custom:scripting/monoscript/fileName/NavMeshLinkEditor.cs: aed8ae070d922149bb2ba3de06889ff6 -> 
  custom:AudioImporter_EditorPlatform: d09bf68614088b80899f8185d706f6e7 -> 
  custom:scripting/monoscript/fileName/NavMeshModifier.cs: 99ae5ed91bb784edc4f8312d7de046da -> 
  custom:scripting/monoscript/fileName/NavMashAvoider.cs: 599595d5a460521efccc45d4c2a8d20f -> 
  custom:scripting/monoscript/fileName/NavMeshSceneConverter.cs: baf486a1c1cdf03a3111dd113d13c2f4 -> 
  custom:scripting/monoscript/fileName/SystemConverterContainer.cs: eb4026ea01a117ce0888f693e9eed2cd -> 
  custom:scripting/monoscript/fileName/NavMeshLink.cs: 0b3d0eeb07ab57d259e8f9365538df09 -> 
  custom:scripting/monoscript/fileName/ObsoleteNavigationWindowMenuEntry.cs: c7f73386e6473f401a8e4151cac4e1e5 -> 
  custom:scripting/monoscript/fileName/InitializeConverterContext.cs: a97e19589a5774cdc2a34a28caea355f -> 
  custom:scripting/monoscript/fileName/SystemConverter.cs: c748d1769fc66e95256254a1cc1497f3 -> 
  custom:video-encoder-webm-vp8: eb34c28f22e8b96e1ab97ce403110664 -> 
  custom:audio-decoder-ogg-vorbis: bf7c407c2cedff20999df2af8eb42d56 -> 
  custom:scripting/monoscript/fileName/PoissonGizmoGenerator.cs: 4357ffb2bcb068fc43e54690f1b98fb4 -> 
  custom:scripting/monoscript/fileName/RunItemContext.cs: 338b2243183036c2b60f94c1b5e817c5 -> 
  custom:scripting/monoscript/fileName/Test.cs: 8289d0398bd9a051035a87365428a0e7 -> 
  custom:audio-encoder-webm-vorbis: bf7c407c2cedff20999df2af8eb42d56 -> 
  custom:scripting/monoscript/fileName/PoissonDiskSampler.cs: 52180e748fc5bf68fb8a4b4e27682930 -> 
  custom:scripting/precompiled-assembly-types:Assembly-CSharp: 2df12c1cc141295cfeb17ded0fd01b12 -> e66928de38364bb08ef9436b3612de99
  custom:scripting/monoscript/fileName/SystemConvertersEditor.cs: c127c1335f24b77ca70195bf2136c6a2 -> 
========================================================================
Received Prepare
Caller must complete domain reload
Begin MonoManager ReloadAssembly
- Loaded All Assemblies, in  0.253 seconds
Native extension for WindowsStandalone target not found
Mono: successfully reloaded assembly
- Finished resetting the current domain, in  0.531 seconds
Domain Reload Profiling: 783ms
	BeginReloadAssembly (96ms)
		ExecutionOrderSort (0ms)
		DisableScriptedObjects (3ms)
		BackupInstance (0ms)
		ReleaseScriptingObjects (0ms)
		CreateAndSetChildDomain (16ms)
	RebuildCommonClasses (21ms)
	RebuildNativeTypeToScriptingClass (5ms)
	initialDomainReloadingComplete (14ms)
	LoadAllAssembliesAndSetupDomain (116ms)
		LoadAssemblies (163ms)
		RebuildTransferFunctionScriptingTraits (0ms)
		AnalyzeDomain (9ms)
			TypeCache.Refresh (4ms)
				TypeCache.ScanAssembly (0ms)
			ScanForSourceGeneratedMonoScriptInfo (0ms)
			ResolveRequiredComponents (3ms)
	FinalizeReload (531ms)
		ReleaseScriptCaches (0ms)
		RebuildScriptCaches (0ms)
		SetupLoadedEditorAssemblies (231ms)
			LogAssemblyErrors (0ms)
			InitializePlatformSupportModulesInManaged (3ms)
			SetLoadedEditorAssemblies (2ms)
			RefreshPlugins (0ms)
			BeforeProcessingInitializeOnLoad (32ms)
			ProcessInitializeOnLoadAttributes (181ms)
			ProcessInitializeOnLoadMethodAttributes (12ms)
			AfterProcessingInitializeOnLoad (1ms)
			EditorAssembliesLoaded (0ms)
		ExecutionOrderSort2 (0ms)
		AwakeInstancesAfterBackupRestoration (5ms)
Refreshing native plugins compatible for Editor in 2.04 ms, found 3 plugins.
Preloading 0 native plugins for Editor in 0.00 ms.
Unloading 3436 Unused Serialized files (Serialized files now loaded: 0)
Unloading 15 unused Assets / (99.8 KB). Loaded Objects now: 4914.
Memory consumption went from 126.9 MB to 126.8 MB.
Total: 1.747700 ms (FindLiveObjects: 0.178100 ms CreateObjectMapping: 0.052800 ms MarkObjects: 1.482700 ms  DeleteObjects: 0.033500 ms)

Prepare: number of updated asset objects reloaded= 0
AssetImportParameters requested are different than current active one (requested -> active):
  custom:scripting/monoscript/fileName/NavMeshSurface.cs: 34aebd278d8d3d5db6b23265b9c700f9 -> 
  custom:scripting/precompiled-assembly-types:Unity.AI.Navigation: 5d8fa505e3253b9a2a456e2c28a1afb3 -> 
  custom:container-demuxer-ogg: 62fdf1f143b41e24485cea50d1cbac27 -> 
  custom:scripting/monoscript/fileName/NavMeshModifierVolumeEditor.cs: 262a50135a116189426aa01c964a744c -> 
  custom:scripting/monoscript/fileName/NavigationOverlay.cs: 2744f4e7946ebbb71339c9b1ce538d00 -> 
  custom:scripting/monoscript/fileName/PoissonDiscSampling.cs: 0c5ab15c9820bf9315795fcfabb0d889 -> 
  custom:scripting/monoscript/fileName/ConverterItemDescriptor.cs: 8182050d34c5cb602eb7913435a7abee -> 
  custom:video-codec-MediaFoundation-h265: 746d11721c4dcdbdad8f713fa42b33f4 -> 
  custom:scripting/monoscript/fileName/BuiltInToNavMeshSurfaceConverterContainer.cs: c40a906f9f99ea8a6c5aaa215767017f -> 
  custom:video-decoder-ogg-theora: a1e56fd34408186e4bbccfd4996cb3dc -> 
  custom:scripting/monoscript/fileName/EnemyHidingAI.cs: 90f9baacad470048560d668eeb4f5f40 -> 
  custom:framework-win-MediaFoundation: 216162199b28c13a410421893ffa2e32 -> 
  custom:scripting/monoscript/fileName/NewBehaviourScript.cs: b21687ddb03d73bd9f0c1daecb9714de -> 
  custom:scripting/monoscript/fileName/NavigationWindow.cs: 7884404b71178f59d8819c380b951d7c -> 
  custom:scripting/monoscript/fileName/NavMeshComponentsGUIUtility.cs: 08c52049b94db52661003d42fda4ecff -> 
  custom:scripting/monoscript/fileName/ConverterItemInfo.cs: 9fb131dfa28a9ed6b6d00fd9cf83ece4 -> 
  custom:CustomObjectIndexerAttribute: 9a22284fe3817be447336de3de66b15e -> 
  custom:scripting/monoscript/fileName/NavMeshAssetManager.cs: 79eb4858c2054289cd611249ab36b0a5 -> 
  custom:scripting/monoscript/fileName/HidingSpotGenerator.cs: e75778abca4b6afc5582c8ed1dd3e9cd -> 
  custom:scripting/monoscript/fileName/NavMeshSurfaceEditor.cs: adb1294e971eab992abc2e3e7e051565 -> 
  custom:container-demuxer-webm: 4f35f7cbe854078d1ac9338744f61a02 -> 
  custom:scripting/monoscript/fileName/NavMeshModifierVolume.cs: 8dc531216c72b86c60b86e16ff3da10b -> 
  custom:scripting/monoscript/fileName/NavMeshUpdaterUtility.cs: 5eb03802e6dba19b3e13aaf384805cac -> 
  custom:scripting/monoscript/fileName/NavigationPreferences.cs: ada9399a4f085d4c824cc06527e7fcae -> 
  custom:scripting/monoscript/fileName/NavMeshUpdaterEditor.cs: 169704080eda430978bba61ddedeb304 -> 
  custom:scripting/precompiled-assembly-types:Unity.AI.Navigation.Editor.ConversionSystem: 27c718e5de2659aeeb663e092dc21158 -> 
  custom:scripting/monoscript/fileName/NavMeshModifierEditor.cs: b8675d28116f43f78881455a7301fe8c -> 
  custom:container-muxer-webm: aa71ff27fc2769a1b78a27578f13a17b -> 
  custom:video-decoder-webm-vp8: 9c59270c3fd7afecdb556c50c9e8de78 -> 
  custom:scripting/precompiled-assembly-types:Unity.AI.Navigation.Editor: 7eaf38f66973fde07200cf372b24130e -> 
  custom:scripting/monoscript/fileName/HelpUrls.cs: c1a90585e3e9c9d25f58f9141655f24f -> 
  custom:scripting/monoscript/fileName/EditorStyles.cs: 86b9f4d8fe570a8d8295bfc466c975cf -> 
  custom:SearchIndexIgnoredProperties: e643bd26f0fe6173181afceb89e7c659 -> 
  custom:scripting/precompiled-assembly-types:Unity.AI.Navigation.Updater: d2095ddf03fd615830d6dacf5841450d -> 
  custom:scripting/monoscript/fileName/NavMeshLinkEditor.cs: aed8ae070d922149bb2ba3de06889ff6 -> 
  custom:AudioImporter_EditorPlatform: d09bf68614088b80899f8185d706f6e7 -> 
  custom:scripting/monoscript/fileName/NavMeshModifier.cs: 99ae5ed91bb784edc4f8312d7de046da -> 
  custom:scripting/monoscript/fileName/NavMashAvoider.cs: 599595d5a460521efccc45d4c2a8d20f -> 
  custom:scripting/monoscript/fileName/NavMeshSceneConverter.cs: baf486a1c1cdf03a3111dd113d13c2f4 -> 
  custom:scripting/monoscript/fileName/SystemConverterContainer.cs: eb4026ea01a117ce0888f693e9eed2cd -> 
  custom:scripting/monoscript/fileName/NavMeshLink.cs: 0b3d0eeb07ab57d259e8f9365538df09 -> 
  custom:scripting/monoscript/fileName/ObsoleteNavigationWindowMenuEntry.cs: c7f73386e6473f401a8e4151cac4e1e5 -> 
  custom:scripting/monoscript/fileName/InitializeConverterContext.cs: a97e19589a5774cdc2a34a28caea355f -> 
  custom:scripting/monoscript/fileName/SystemConverter.cs: c748d1769fc66e95256254a1cc1497f3 -> 
  custom:video-encoder-webm-vp8: eb34c28f22e8b96e1ab97ce403110664 -> 
  custom:audio-decoder-ogg-vorbis: bf7c407c2cedff20999df2af8eb42d56 -> 
  custom:scripting/monoscript/fileName/PoissonGizmoGenerator.cs: 4357ffb2bcb068fc43e54690f1b98fb4 -> 
  custom:scripting/monoscript/fileName/RunItemContext.cs: 338b2243183036c2b60f94c1b5e817c5 -> 
  custom:scripting/monoscript/fileName/Test.cs: 8289d0398bd9a051035a87365428a0e7 -> 
  custom:audio-encoder-webm-vorbis: bf7c407c2cedff20999df2af8eb42d56 -> 
  custom:scripting/monoscript/fileName/PoissonDiskSampler.cs: 52180e748fc5bf68fb8a4b4e27682930 -> 
  custom:scripting/precompiled-assembly-types:Assembly-CSharp: 2df12c1cc141295cfeb17ded0fd01b12 -> e66928de38364bb08ef9436b3612de99
  custom:scripting/monoscript/fileName/SystemConvertersEditor.cs: c127c1335f24b77ca70195bf2136c6a2 -> 
========================================================================
Received Prepare
Caller must complete domain reload
Begin MonoManager ReloadAssembly
- Loaded All Assemblies, in  0.427 seconds
Native extension for WindowsStandalone target not found
Mono: successfully reloaded assembly
- Finished resetting the current domain, in  1.128 seconds
Domain Reload Profiling: 1554ms
	BeginReloadAssembly (137ms)
		ExecutionOrderSort (0ms)
		DisableScriptedObjects (5ms)
		BackupInstance (0ms)
		ReleaseScriptingObjects (0ms)
		CreateAndSetChildDomain (31ms)
	RebuildCommonClasses (30ms)
	RebuildNativeTypeToScriptingClass (11ms)
	initialDomainReloadingComplete (28ms)
	LoadAllAssembliesAndSetupDomain (219ms)
		LoadAssemblies (273ms)
		RebuildTransferFunctionScriptingTraits (0ms)
		AnalyzeDomain (26ms)
			TypeCache.Refresh (9ms)
				TypeCache.ScanAssembly (0ms)
			ScanForSourceGeneratedMonoScriptInfo (7ms)
			ResolveRequiredComponents (8ms)
	FinalizeReload (1129ms)
		ReleaseScriptCaches (0ms)
		RebuildScriptCaches (0ms)
		SetupLoadedEditorAssemblies (421ms)
			LogAssemblyErrors (0ms)
			InitializePlatformSupportModulesInManaged (7ms)
			SetLoadedEditorAssemblies (3ms)
			RefreshPlugins (0ms)
			BeforeProcessingInitializeOnLoad (91ms)
			ProcessInitializeOnLoadAttributes (298ms)
			ProcessInitializeOnLoadMethodAttributes (20ms)
			AfterProcessingInitializeOnLoad (3ms)
			EditorAssembliesLoaded (0ms)
		ExecutionOrderSort2 (0ms)
		AwakeInstancesAfterBackupRestoration (9ms)
Refreshing native plugins compatible for Editor in 5.09 ms, found 3 plugins.
Preloading 0 native plugins for Editor in 0.00 ms.
Unloading 3436 Unused Serialized files (Serialized files now loaded: 0)
Unloading 15 unused Assets / (99.8 KB). Loaded Objects now: 4929.
Memory consumption went from 126.9 MB to 126.8 MB.
Total: 3.118100 ms (FindLiveObjects: 0.321600 ms CreateObjectMapping: 0.087800 ms MarkObjects: 2.652300 ms  DeleteObjects: 0.055400 ms)

Prepare: number of updated asset objects reloaded= 0
AssetImportParameters requested are different than current active one (requested -> active):
  custom:scripting/monoscript/fileName/NavMeshSurface.cs: 34aebd278d8d3d5db6b23265b9c700f9 -> 
  custom:scripting/precompiled-assembly-types:Unity.AI.Navigation: 5d8fa505e3253b9a2a456e2c28a1afb3 -> 
  custom:container-demuxer-ogg: 62fdf1f143b41e24485cea50d1cbac27 -> 
  custom:scripting/monoscript/fileName/NavMeshModifierVolumeEditor.cs: 262a50135a116189426aa01c964a744c -> 
  custom:scripting/monoscript/fileName/NavigationOverlay.cs: 2744f4e7946ebbb71339c9b1ce538d00 -> 
  custom:scripting/monoscript/fileName/PoissonDiscSampling.cs: 0c5ab15c9820bf9315795fcfabb0d889 -> 
  custom:scripting/monoscript/fileName/ConverterItemDescriptor.cs: 8182050d34c5cb602eb7913435a7abee -> 
  custom:video-codec-MediaFoundation-h265: 746d11721c4dcdbdad8f713fa42b33f4 -> 
  custom:scripting/monoscript/fileName/BuiltInToNavMeshSurfaceConverterContainer.cs: c40a906f9f99ea8a6c5aaa215767017f -> 
  custom:video-decoder-ogg-theora: a1e56fd34408186e4bbccfd4996cb3dc -> 
  custom:scripting/monoscript/fileName/EnemyHidingAI.cs: 90f9baacad470048560d668eeb4f5f40 -> 
  custom:framework-win-MediaFoundation: 216162199b28c13a410421893ffa2e32 -> 
  custom:scripting/monoscript/fileName/NewBehaviourScript.cs: b21687ddb03d73bd9f0c1daecb9714de -> 
  custom:scripting/monoscript/fileName/NavigationWindow.cs: 7884404b71178f59d8819c380b951d7c -> 
  custom:scripting/monoscript/fileName/NavMeshComponentsGUIUtility.cs: 08c52049b94db52661003d42fda4ecff -> 
  custom:scripting/monoscript/fileName/ConverterItemInfo.cs: 9fb131dfa28a9ed6b6d00fd9cf83ece4 -> 
  custom:CustomObjectIndexerAttribute: 9a22284fe3817be447336de3de66b15e -> 
  custom:scripting/monoscript/fileName/NavMeshAssetManager.cs: 79eb4858c2054289cd611249ab36b0a5 -> 
  custom:scripting/monoscript/fileName/HidingSpotGenerator.cs: e75778abca4b6afc5582c8ed1dd3e9cd -> 
  custom:scripting/monoscript/fileName/NavMeshSurfaceEditor.cs: adb1294e971eab992abc2e3e7e051565 -> 
  custom:container-demuxer-webm: 4f35f7cbe854078d1ac9338744f61a02 -> 
  custom:scripting/monoscript/fileName/NavMeshModifierVolume.cs: 8dc531216c72b86c60b86e16ff3da10b -> 
  custom:scripting/monoscript/fileName/NavMeshUpdaterUtility.cs: 5eb03802e6dba19b3e13aaf384805cac -> 
  custom:scripting/monoscript/fileName/NavigationPreferences.cs: ada9399a4f085d4c824cc06527e7fcae -> 
  custom:scripting/monoscript/fileName/NavMeshUpdaterEditor.cs: 169704080eda430978bba61ddedeb304 -> 
  custom:scripting/precompiled-assembly-types:Unity.AI.Navigation.Editor.ConversionSystem: 27c718e5de2659aeeb663e092dc21158 -> 
  custom:scripting/monoscript/fileName/NavMeshModifierEditor.cs: b8675d28116f43f78881455a7301fe8c -> 
  custom:container-muxer-webm: aa71ff27fc2769a1b78a27578f13a17b -> 
  custom:video-decoder-webm-vp8: 9c59270c3fd7afecdb556c50c9e8de78 -> 
  custom:scripting/precompiled-assembly-types:Unity.AI.Navigation.Editor: 7eaf38f66973fde07200cf372b24130e -> 
  custom:scripting/monoscript/fileName/HelpUrls.cs: c1a90585e3e9c9d25f58f9141655f24f -> 
  custom:scripting/monoscript/fileName/EditorStyles.cs: 86b9f4d8fe570a8d8295bfc466c975cf -> 
  custom:SearchIndexIgnoredProperties: e643bd26f0fe6173181afceb89e7c659 -> 
  custom:scripting/precompiled-assembly-types:Unity.AI.Navigation.Updater: d2095ddf03fd615830d6dacf5841450d -> 
  custom:scripting/monoscript/fileName/NavMeshLinkEditor.cs: aed8ae070d922149bb2ba3de06889ff6 -> 
  custom:AudioImporter_EditorPlatform: d09bf68614088b80899f8185d706f6e7 -> 
  custom:scripting/monoscript/fileName/NavMeshModifier.cs: 99ae5ed91bb784edc4f8312d7de046da -> 
  custom:scripting/monoscript/fileName/NavMashAvoider.cs: 599595d5a460521efccc45d4c2a8d20f -> 
  custom:scripting/monoscript/fileName/NavMeshSceneConverter.cs: baf486a1c1cdf03a3111dd113d13c2f4 -> 
  custom:scripting/monoscript/fileName/SystemConverterContainer.cs: eb4026ea01a117ce0888f693e9eed2cd -> 
  custom:scripting/monoscript/fileName/NavMeshLink.cs: 0b3d0eeb07ab57d259e8f9365538df09 -> 
  custom:scripting/monoscript/fileName/ObsoleteNavigationWindowMenuEntry.cs: c7f73386e6473f401a8e4151cac4e1e5 -> 
  custom:scripting/monoscript/fileName/InitializeConverterContext.cs: a97e19589a5774cdc2a34a28caea355f -> 
  custom:scripting/monoscript/fileName/SystemConverter.cs: c748d1769fc66e95256254a1cc1497f3 -> 
  custom:video-encoder-webm-vp8: eb34c28f22e8b96e1ab97ce403110664 -> 
  custom:audio-decoder-ogg-vorbis: bf7c407c2cedff20999df2af8eb42d56 -> 
  custom:scripting/monoscript/fileName/PoissonGizmoGenerator.cs: 4357ffb2bcb068fc43e54690f1b98fb4 -> 
  custom:scripting/monoscript/fileName/RunItemContext.cs: 338b2243183036c2b60f94c1b5e817c5 -> 
  custom:scripting/monoscript/fileName/Test.cs: 8289d0398bd9a051035a87365428a0e7 -> 
  custom:audio-encoder-webm-vorbis: bf7c407c2cedff20999df2af8eb42d56 -> 
  custom:scripting/monoscript/fileName/PoissonDiskSampler.cs: 52180e748fc5bf68fb8a4b4e27682930 -> 
  custom:scripting/precompiled-assembly-types:Assembly-CSharp: 2df12c1cc141295cfeb17ded0fd01b12 -> e66928de38364bb08ef9436b3612de99
  custom:scripting/monoscript/fileName/SystemConvertersEditor.cs: c127c1335f24b77ca70195bf2136c6a2 -> 
========================================================================
Received Prepare
Caller must complete domain reload
Begin MonoManager ReloadAssembly
- Loaded All Assemblies, in  0.249 seconds
Native extension for WindowsStandalone target not found
Mono: successfully reloaded assembly
- Finished resetting the current domain, in  0.501 seconds
Domain Reload Profiling: 749ms
	BeginReloadAssembly (83ms)
		ExecutionOrderSort (0ms)
		DisableScriptedObjects (3ms)
		BackupInstance (0ms)
		ReleaseScriptingObjects (0ms)
		CreateAndSetChildDomain (15ms)
	RebuildCommonClasses (19ms)
	RebuildNativeTypeToScriptingClass (5ms)
	initialDomainReloadingComplete (13ms)
	LoadAllAssembliesAndSetupDomain (127ms)
		LoadAssemblies (157ms)
		RebuildTransferFunctionScriptingTraits (0ms)
		AnalyzeDomain (13ms)
			TypeCache.Refresh (5ms)
				TypeCache.ScanAssembly (0ms)
			ScanForSourceGeneratedMonoScriptInfo (4ms)
			ResolveRequiredComponents (3ms)
	FinalizeReload (502ms)
		ReleaseScriptCaches (0ms)
		RebuildScriptCaches (0ms)
		SetupLoadedEditorAssemblies (212ms)
			LogAssemblyErrors (0ms)
			InitializePlatformSupportModulesInManaged (3ms)
			SetLoadedEditorAssemblies (2ms)
			RefreshPlugins (0ms)
			BeforeProcessingInitializeOnLoad (31ms)
			ProcessInitializeOnLoadAttributes (165ms)
			ProcessInitializeOnLoadMethodAttributes (10ms)
			AfterProcessingInitializeOnLoad (1ms)
			EditorAssembliesLoaded (0ms)
		ExecutionOrderSort2 (0ms)
		AwakeInstancesAfterBackupRestoration (4ms)
Refreshing native plugins compatible for Editor in 2.05 ms, found 3 plugins.
Preloading 0 native plugins for Editor in 0.00 ms.
Unloading 3436 Unused Serialized files (Serialized files now loaded: 0)
Unloading 15 unused Assets / (99.9 KB). Loaded Objects now: 4944.
Memory consumption went from 126.9 MB to 126.8 MB.
Total: 1.834500 ms (FindLiveObjects: 0.176300 ms CreateObjectMapping: 0.051700 ms MarkObjects: 1.569200 ms  DeleteObjects: 0.036400 ms)

Prepare: number of updated asset objects reloaded= 0
AssetImportParameters requested are different than current active one (requested -> active):
  custom:scripting/monoscript/fileName/NavMeshSurface.cs: 34aebd278d8d3d5db6b23265b9c700f9 -> 
  custom:scripting/precompiled-assembly-types:Unity.AI.Navigation: 5d8fa505e3253b9a2a456e2c28a1afb3 -> 
  custom:container-demuxer-ogg: 62fdf1f143b41e24485cea50d1cbac27 -> 
  custom:scripting/monoscript/fileName/NavMeshModifierVolumeEditor.cs: 262a50135a116189426aa01c964a744c -> 
  custom:scripting/monoscript/fileName/NavigationOverlay.cs: 2744f4e7946ebbb71339c9b1ce538d00 -> 
  custom:scripting/monoscript/fileName/PoissonDiscSampling.cs: 0c5ab15c9820bf9315795fcfabb0d889 -> 
  custom:scripting/monoscript/fileName/ConverterItemDescriptor.cs: 8182050d34c5cb602eb7913435a7abee -> 
  custom:video-codec-MediaFoundation-h265: 746d11721c4dcdbdad8f713fa42b33f4 -> 
  custom:scripting/monoscript/fileName/BuiltInToNavMeshSurfaceConverterContainer.cs: c40a906f9f99ea8a6c5aaa215767017f -> 
  custom:video-decoder-ogg-theora: a1e56fd34408186e4bbccfd4996cb3dc -> 
  custom:scripting/monoscript/fileName/EnemyHidingAI.cs: 90f9baacad470048560d668eeb4f5f40 -> 
  custom:framework-win-MediaFoundation: 216162199b28c13a410421893ffa2e32 -> 
  custom:scripting/monoscript/fileName/NewBehaviourScript.cs: b21687ddb03d73bd9f0c1daecb9714de -> 
  custom:scripting/monoscript/fileName/NavigationWindow.cs: 7884404b71178f59d8819c380b951d7c -> 
  custom:scripting/monoscript/fileName/NavMeshComponentsGUIUtility.cs: 08c52049b94db52661003d42fda4ecff -> 
  custom:scripting/monoscript/fileName/ConverterItemInfo.cs: 9fb131dfa28a9ed6b6d00fd9cf83ece4 -> 
  custom:CustomObjectIndexerAttribute: 9a22284fe3817be447336de3de66b15e -> 
  custom:scripting/monoscript/fileName/NavMeshAssetManager.cs: 79eb4858c2054289cd611249ab36b0a5 -> 
  custom:scripting/monoscript/fileName/HidingSpotGenerator.cs: e75778abca4b6afc5582c8ed1dd3e9cd -> 
  custom:scripting/monoscript/fileName/NavMeshSurfaceEditor.cs: adb1294e971eab992abc2e3e7e051565 -> 
  custom:container-demuxer-webm: 4f35f7cbe854078d1ac9338744f61a02 -> 
  custom:scripting/monoscript/fileName/NavMeshModifierVolume.cs: 8dc531216c72b86c60b86e16ff3da10b -> 
  custom:scripting/monoscript/fileName/NavMeshUpdaterUtility.cs: 5eb03802e6dba19b3e13aaf384805cac -> 
  custom:scripting/monoscript/fileName/NavigationPreferences.cs: ada9399a4f085d4c824cc06527e7fcae -> 
  custom:scripting/monoscript/fileName/NavMeshUpdaterEditor.cs: 169704080eda430978bba61ddedeb304 -> 
  custom:scripting/precompiled-assembly-types:Unity.AI.Navigation.Editor.ConversionSystem: 27c718e5de2659aeeb663e092dc21158 -> 
  custom:scripting/monoscript/fileName/NavMeshModifierEditor.cs: b8675d28116f43f78881455a7301fe8c -> 
  custom:container-muxer-webm: aa71ff27fc2769a1b78a27578f13a17b -> 
  custom:video-decoder-webm-vp8: 9c59270c3fd7afecdb556c50c9e8de78 -> 
  custom:scripting/precompiled-assembly-types:Unity.AI.Navigation.Editor: 7eaf38f66973fde07200cf372b24130e -> 
  custom:scripting/monoscript/fileName/HelpUrls.cs: c1a90585e3e9c9d25f58f9141655f24f -> 
  custom:scripting/monoscript/fileName/EditorStyles.cs: 86b9f4d8fe570a8d8295bfc466c975cf -> 
  custom:SearchIndexIgnoredProperties: e643bd26f0fe6173181afceb89e7c659 -> 
  custom:scripting/precompiled-assembly-types:Unity.AI.Navigation.Updater: d2095ddf03fd615830d6dacf5841450d -> 
  custom:scripting/monoscript/fileName/NavMeshLinkEditor.cs: aed8ae070d922149bb2ba3de06889ff6 -> 
  custom:AudioImporter_EditorPlatform: d09bf68614088b80899f8185d706f6e7 -> 
  custom:scripting/monoscript/fileName/NavMeshModifier.cs: 99ae5ed91bb784edc4f8312d7de046da -> 
  custom:scripting/monoscript/fileName/NavMashAvoider.cs: 599595d5a460521efccc45d4c2a8d20f -> 
  custom:scripting/monoscript/fileName/NavMeshSceneConverter.cs: baf486a1c1cdf03a3111dd113d13c2f4 -> 
  custom:scripting/monoscript/fileName/SystemConverterContainer.cs: eb4026ea01a117ce0888f693e9eed2cd -> 
  custom:scripting/monoscript/fileName/NavMeshLink.cs: 0b3d0eeb07ab57d259e8f9365538df09 -> 
  custom:scripting/monoscript/fileName/ObsoleteNavigationWindowMenuEntry.cs: c7f73386e6473f401a8e4151cac4e1e5 -> 
  custom:scripting/monoscript/fileName/InitializeConverterContext.cs: a97e19589a5774cdc2a34a28caea355f -> 
  custom:scripting/monoscript/fileName/SystemConverter.cs: c748d1769fc66e95256254a1cc1497f3 -> 
  custom:video-encoder-webm-vp8: eb34c28f22e8b96e1ab97ce403110664 -> 
  custom:audio-decoder-ogg-vorbis: bf7c407c2cedff20999df2af8eb42d56 -> 
  custom:scripting/monoscript/fileName/PoissonGizmoGenerator.cs: 4357ffb2bcb068fc43e54690f1b98fb4 -> 
  custom:scripting/monoscript/fileName/RunItemContext.cs: 338b2243183036c2b60f94c1b5e817c5 -> 
  custom:scripting/monoscript/fileName/Test.cs: 8289d0398bd9a051035a87365428a0e7 -> 
  custom:audio-encoder-webm-vorbis: bf7c407c2cedff20999df2af8eb42d56 -> 
  custom:scripting/monoscript/fileName/PoissonDiskSampler.cs: 52180e748fc5bf68fb8a4b4e27682930 -> 
  custom:scripting/precompiled-assembly-types:Assembly-CSharp: 2df12c1cc141295cfeb17ded0fd01b12 -> e66928de38364bb08ef9436b3612de99
  custom:scripting/monoscript/fileName/SystemConvertersEditor.cs: c127c1335f24b77ca70195bf2136c6a2 -> 
========================================================================
Received Prepare
Caller must complete domain reload
Begin MonoManager ReloadAssembly
- Loaded All Assemblies, in  0.246 seconds
Native extension for WindowsStandalone target not found
Mono: successfully reloaded assembly
- Finished resetting the current domain, in  0.584 seconds
Domain Reload Profiling: 829ms
	BeginReloadAssembly (86ms)
		ExecutionOrderSort (0ms)
		DisableScriptedObjects (3ms)
		BackupInstance (0ms)
		ReleaseScriptingObjects (0ms)
		CreateAndSetChildDomain (17ms)
	RebuildCommonClasses (18ms)
	RebuildNativeTypeToScriptingClass (6ms)
	initialDomainReloadingComplete (14ms)
	LoadAllAssembliesAndSetupDomain (121ms)
		LoadAssemblies (153ms)
		RebuildTransferFunctionScriptingTraits (0ms)
		AnalyzeDomain (14ms)
			TypeCache.Refresh (6ms)
				TypeCache.ScanAssembly (0ms)
			ScanForSourceGeneratedMonoScriptInfo (4ms)
			ResolveRequiredComponents (3ms)
	FinalizeReload (585ms)
		ReleaseScriptCaches (0ms)
		RebuildScriptCaches (0ms)
		SetupLoadedEditorAssemblies (211ms)
			LogAssemblyErrors (0ms)
			InitializePlatformSupportModulesInManaged (3ms)
			SetLoadedEditorAssemblies (2ms)
			RefreshPlugins (0ms)
			BeforeProcessingInitializeOnLoad (31ms)
			ProcessInitializeOnLoadAttributes (164ms)
			ProcessInitializeOnLoadMethodAttributes (10ms)
			AfterProcessingInitializeOnLoad (1ms)
			EditorAssembliesLoaded (0ms)
		ExecutionOrderSort2 (0ms)
		AwakeInstancesAfterBackupRestoration (4ms)
Refreshing native plugins compatible for Editor in 2.46 ms, found 3 plugins.
Preloading 0 native plugins for Editor in 0.00 ms.
Unloading 3436 Unused Serialized files (Serialized files now loaded: 0)
Unloading 15 unused Assets / (99.9 KB). Loaded Objects now: 4959.
Memory consumption went from 126.9 MB to 126.8 MB.
Total: 1.967900 ms (FindLiveObjects: 0.189600 ms CreateObjectMapping: 0.057900 ms MarkObjects: 1.682300 ms  DeleteObjects: 0.037500 ms)

Prepare: number of updated asset objects reloaded= 0
AssetImportParameters requested are different than current active one (requested -> active):
  custom:scripting/monoscript/fileName/NavMeshSurface.cs: 34aebd278d8d3d5db6b23265b9c700f9 -> 
  custom:scripting/precompiled-assembly-types:Unity.AI.Navigation: 5d8fa505e3253b9a2a456e2c28a1afb3 -> 
  custom:container-demuxer-ogg: 62fdf1f143b41e24485cea50d1cbac27 -> 
  custom:scripting/monoscript/fileName/NavMeshModifierVolumeEditor.cs: 262a50135a116189426aa01c964a744c -> 
  custom:scripting/monoscript/fileName/NavigationOverlay.cs: 2744f4e7946ebbb71339c9b1ce538d00 -> 
  custom:scripting/monoscript/fileName/PoissonDiscSampling.cs: 0c5ab15c9820bf9315795fcfabb0d889 -> 
  custom:scripting/monoscript/fileName/ConverterItemDescriptor.cs: 8182050d34c5cb602eb7913435a7abee -> 
  custom:video-codec-MediaFoundation-h265: 746d11721c4dcdbdad8f713fa42b33f4 -> 
  custom:scripting/monoscript/fileName/BuiltInToNavMeshSurfaceConverterContainer.cs: c40a906f9f99ea8a6c5aaa215767017f -> 
  custom:video-decoder-ogg-theora: a1e56fd34408186e4bbccfd4996cb3dc -> 
  custom:scripting/monoscript/fileName/EnemyHidingAI.cs: 90f9baacad470048560d668eeb4f5f40 -> 
  custom:framework-win-MediaFoundation: 216162199b28c13a410421893ffa2e32 -> 
  custom:scripting/monoscript/fileName/NewBehaviourScript.cs: b21687ddb03d73bd9f0c1daecb9714de -> 
  custom:scripting/monoscript/fileName/NavigationWindow.cs: 7884404b71178f59d8819c380b951d7c -> 
  custom:scripting/monoscript/fileName/NavMeshComponentsGUIUtility.cs: 08c52049b94db52661003d42fda4ecff -> 
  custom:scripting/monoscript/fileName/ConverterItemInfo.cs: 9fb131dfa28a9ed6b6d00fd9cf83ece4 -> 
  custom:CustomObjectIndexerAttribute: 9a22284fe3817be447336de3de66b15e -> 
  custom:scripting/monoscript/fileName/NavMeshAssetManager.cs: 79eb4858c2054289cd611249ab36b0a5 -> 
  custom:scripting/monoscript/fileName/HidingSpotGenerator.cs: e75778abca4b6afc5582c8ed1dd3e9cd -> 
  custom:scripting/monoscript/fileName/NavMeshSurfaceEditor.cs: adb1294e971eab992abc2e3e7e051565 -> 
  custom:container-demuxer-webm: 4f35f7cbe854078d1ac9338744f61a02 -> 
  custom:scripting/monoscript/fileName/NavMeshModifierVolume.cs: 8dc531216c72b86c60b86e16ff3da10b -> 
  custom:scripting/monoscript/fileName/NavMeshUpdaterUtility.cs: 5eb03802e6dba19b3e13aaf384805cac -> 
  custom:scripting/monoscript/fileName/NavigationPreferences.cs: ada9399a4f085d4c824cc06527e7fcae -> 
  custom:scripting/monoscript/fileName/NavMeshUpdaterEditor.cs: 169704080eda430978bba61ddedeb304 -> 
  custom:scripting/precompiled-assembly-types:Unity.AI.Navigation.Editor.ConversionSystem: 27c718e5de2659aeeb663e092dc21158 -> 
  custom:scripting/monoscript/fileName/NavMeshModifierEditor.cs: b8675d28116f43f78881455a7301fe8c -> 
  custom:container-muxer-webm: aa71ff27fc2769a1b78a27578f13a17b -> 
  custom:video-decoder-webm-vp8: 9c59270c3fd7afecdb556c50c9e8de78 -> 
  custom:scripting/precompiled-assembly-types:Unity.AI.Navigation.Editor: 7eaf38f66973fde07200cf372b24130e -> 
  custom:scripting/monoscript/fileName/HelpUrls.cs: c1a90585e3e9c9d25f58f9141655f24f -> 
  custom:scripting/monoscript/fileName/EditorStyles.cs: 86b9f4d8fe570a8d8295bfc466c975cf -> 
  custom:SearchIndexIgnoredProperties: e643bd26f0fe6173181afceb89e7c659 -> 
  custom:scripting/precompiled-assembly-types:Unity.AI.Navigation.Updater: d2095ddf03fd615830d6dacf5841450d -> 
  custom:scripting/monoscript/fileName/NavMeshLinkEditor.cs: aed8ae070d922149bb2ba3de06889ff6 -> 
  custom:AudioImporter_EditorPlatform: d09bf68614088b80899f8185d706f6e7 -> 
  custom:scripting/monoscript/fileName/NavMeshModifier.cs: 99ae5ed91bb784edc4f8312d7de046da -> 
  custom:scripting/monoscript/fileName/NavMashAvoider.cs: 599595d5a460521efccc45d4c2a8d20f -> 
  custom:scripting/monoscript/fileName/NavMeshSceneConverter.cs: baf486a1c1cdf03a3111dd113d13c2f4 -> 
  custom:scripting/monoscript/fileName/SystemConverterContainer.cs: eb4026ea01a117ce0888f693e9eed2cd -> 
  custom:scripting/monoscript/fileName/NavMeshLink.cs: 0b3d0eeb07ab57d259e8f9365538df09 -> 
  custom:scripting/monoscript/fileName/ObsoleteNavigationWindowMenuEntry.cs: c7f73386e6473f401a8e4151cac4e1e5 -> 
  custom:scripting/monoscript/fileName/InitializeConverterContext.cs: a97e19589a5774cdc2a34a28caea355f -> 
  custom:scripting/monoscript/fileName/SystemConverter.cs: c748d1769fc66e95256254a1cc1497f3 -> 
  custom:video-encoder-webm-vp8: eb34c28f22e8b96e1ab97ce403110664 -> 
  custom:audio-decoder-ogg-vorbis: bf7c407c2cedff20999df2af8eb42d56 -> 
  custom:scripting/monoscript/fileName/PoissonGizmoGenerator.cs: 4357ffb2bcb068fc43e54690f1b98fb4 -> 
  custom:scripting/monoscript/fileName/RunItemContext.cs: 338b2243183036c2b60f94c1b5e817c5 -> 
  custom:scripting/monoscript/fileName/Test.cs: 8289d0398bd9a051035a87365428a0e7 -> 
  custom:audio-encoder-webm-vorbis: bf7c407c2cedff20999df2af8eb42d56 -> 
  custom:scripting/monoscript/fileName/PoissonDiskSampler.cs: 52180e748fc5bf68fb8a4b4e27682930 -> 
  custom:scripting/precompiled-assembly-types:Assembly-CSharp: 2df12c1cc141295cfeb17ded0fd01b12 -> e66928de38364bb08ef9436b3612de99
  custom:scripting/monoscript/fileName/SystemConvertersEditor.cs: c127c1335f24b77ca70195bf2136c6a2 -> 
========================================================================
Received Prepare
Caller must complete domain reload
Begin MonoManager ReloadAssembly
- Loaded All Assemblies, in  0.243 seconds
Native extension for WindowsStandalone target not found
Mono: successfully reloaded assembly
- Finished resetting the current domain, in  0.573 seconds
Domain Reload Profiling: 815ms
	BeginReloadAssembly (84ms)
		ExecutionOrderSort (0ms)
		DisableScriptedObjects (3ms)
		BackupInstance (0ms)
		ReleaseScriptingObjects (0ms)
		CreateAndSetChildDomain (16ms)
	RebuildCommonClasses (17ms)
	RebuildNativeTypeToScriptingClass (5ms)
	initialDomainReloadingComplete (14ms)
	LoadAllAssembliesAndSetupDomain (121ms)
		LoadAssemblies (151ms)
		RebuildTransferFunctionScriptingTraits (0ms)
		AnalyzeDomain (14ms)
			TypeCache.Refresh (6ms)
				TypeCache.ScanAssembly (0ms)
			ScanForSourceGeneratedMonoScriptInfo (4ms)
			ResolveRequiredComponents (3ms)
	FinalizeReload (573ms)
		ReleaseScriptCaches (0ms)
		RebuildScriptCaches (0ms)
		SetupLoadedEditorAssemblies (211ms)
			LogAssemblyErrors (0ms)
			InitializePlatformSupportModulesInManaged (3ms)
			SetLoadedEditorAssemblies (2ms)
			RefreshPlugins (0ms)
			BeforeProcessingInitializeOnLoad (32ms)
			ProcessInitializeOnLoadAttributes (163ms)
			ProcessInitializeOnLoadMethodAttributes (11ms)
			AfterProcessingInitializeOnLoad (1ms)
			EditorAssembliesLoaded (0ms)
		ExecutionOrderSort2 (0ms)
		AwakeInstancesAfterBackupRestoration (4ms)
Refreshing native plugins compatible for Editor in 1.97 ms, found 3 plugins.
Preloading 0 native plugins for Editor in 0.00 ms.
Unloading 3436 Unused Serialized files (Serialized files now loaded: 0)
Unloading 15 unused Assets / (99.8 KB). Loaded Objects now: 4974.
Memory consumption went from 126.9 MB to 126.8 MB.
Total: 1.945200 ms (FindLiveObjects: 0.213700 ms CreateObjectMapping: 0.072600 ms MarkObjects: 1.623900 ms  DeleteObjects: 0.034300 ms)

Prepare: number of updated asset objects reloaded= 0
AssetImportParameters requested are different than current active one (requested -> active):
  custom:scripting/monoscript/fileName/NavMeshSurface.cs: 34aebd278d8d3d5db6b23265b9c700f9 -> 
  custom:scripting/precompiled-assembly-types:Unity.AI.Navigation: 5d8fa505e3253b9a2a456e2c28a1afb3 -> 
  custom:container-demuxer-ogg: 62fdf1f143b41e24485cea50d1cbac27 -> 
  custom:scripting/monoscript/fileName/NavMeshModifierVolumeEditor.cs: 262a50135a116189426aa01c964a744c -> 
  custom:scripting/monoscript/fileName/NavigationOverlay.cs: 2744f4e7946ebbb71339c9b1ce538d00 -> 
  custom:scripting/monoscript/fileName/PoissonDiscSampling.cs: 0c5ab15c9820bf9315795fcfabb0d889 -> 
  custom:scripting/monoscript/fileName/ConverterItemDescriptor.cs: 8182050d34c5cb602eb7913435a7abee -> 
  custom:video-codec-MediaFoundation-h265: 746d11721c4dcdbdad8f713fa42b33f4 -> 
  custom:scripting/monoscript/fileName/BuiltInToNavMeshSurfaceConverterContainer.cs: c40a906f9f99ea8a6c5aaa215767017f -> 
  custom:video-decoder-ogg-theora: a1e56fd34408186e4bbccfd4996cb3dc -> 
  custom:scripting/monoscript/fileName/EnemyHidingAI.cs: 90f9baacad470048560d668eeb4f5f40 -> 
  custom:framework-win-MediaFoundation: 216162199b28c13a410421893ffa2e32 -> 
  custom:scripting/monoscript/fileName/NewBehaviourScript.cs: b21687ddb03d73bd9f0c1daecb9714de -> 
  custom:scripting/monoscript/fileName/NavigationWindow.cs: 7884404b71178f59d8819c380b951d7c -> 
  custom:scripting/precompiled-assembly-types:Assembly-CSharp-firstpass: efc3623cf0b7c4e9e70644f6a097cc75 -> 
  custom:scripting/monoscript/fileName/NavMeshComponentsGUIUtility.cs: 08c52049b94db52661003d42fda4ecff -> 
  custom:scripting/monoscript/fileName/ConverterItemInfo.cs: 9fb131dfa28a9ed6b6d00fd9cf83ece4 -> 
  custom:CustomObjectIndexerAttribute: 9a22284fe3817be447336de3de66b15e -> 
  custom:scripting/monoscript/fileName/NavMeshAssetManager.cs: 79eb4858c2054289cd611249ab36b0a5 -> 
  custom:scripting/monoscript/fileName/HidingSpotGenerator.cs: e75778abca4b6afc5582c8ed1dd3e9cd -> 
  custom:scripting/monoscript/fileName/NavMeshSurfaceEditor.cs: adb1294e971eab992abc2e3e7e051565 -> 
  custom:container-demuxer-webm: 4f35f7cbe854078d1ac9338744f61a02 -> 
  custom:scripting/monoscript/fileName/NavMeshModifierVolume.cs: 8dc531216c72b86c60b86e16ff3da10b -> 
  custom:scripting/monoscript/fileName/NavMeshUpdaterUtility.cs: 5eb03802e6dba19b3e13aaf384805cac -> 
  custom:scripting/monoscript/fileName/NavigationPreferences.cs: ada9399a4f085d4c824cc06527e7fcae -> 
  custom:scripting/monoscript/fileName/NavMeshUpdaterEditor.cs: 169704080eda430978bba61ddedeb304 -> 
  custom:scripting/precompiled-assembly-types:Unity.AI.Navigation.Editor.ConversionSystem: 27c718e5de2659aeeb663e092dc21158 -> 
  custom:scripting/monoscript/fileName/NavMeshModifierEditor.cs: b8675d28116f43f78881455a7301fe8c -> 
  custom:container-muxer-webm: aa71ff27fc2769a1b78a27578f13a17b -> 
  custom:video-decoder-webm-vp8: 9c59270c3fd7afecdb556c50c9e8de78 -> 
  custom:scripting/precompiled-assembly-types:Unity.AI.Navigation.Editor: 7eaf38f66973fde07200cf372b24130e -> 
  custom:scripting/monoscript/fileName/HelpUrls.cs: c1a90585e3e9c9d25f58f9141655f24f -> 
  custom:scripting/monoscript/fileName/EditorStyles.cs: 86b9f4d8fe570a8d8295bfc466c975cf -> 
  custom:SearchIndexIgnoredProperties: e643bd26f0fe6173181afceb89e7c659 -> 
  custom:scripting/precompiled-assembly-types:Unity.AI.Navigation.Updater: d2095ddf03fd615830d6dacf5841450d -> 
  custom:scripting/monoscript/fileName/NavMeshLinkEditor.cs: aed8ae070d922149bb2ba3de06889ff6 -> 
  custom:AudioImporter_EditorPlatform: d09bf68614088b80899f8185d706f6e7 -> 
  custom:scripting/monoscript/fileName/NavMeshModifier.cs: 99ae5ed91bb784edc4f8312d7de046da -> 
  custom:scripting/monoscript/fileName/Avoider.cs: 180cf924b11a71a8b5d1cee0a576af98 -> ae32a89b624ae2a4ae1c49a2b33fb966
  custom:scripting/monoscript/fileName/NavMashAvoider.cs: 599595d5a460521efccc45d4c2a8d20f -> 
  custom:scripting/monoscript/fileName/NavMeshSceneConverter.cs: baf486a1c1cdf03a3111dd113d13c2f4 -> 
  custom:scripting/monoscript/fileName/SystemConverterContainer.cs: eb4026ea01a117ce0888f693e9eed2cd -> 
  custom:scripting/monoscript/fileName/NavMeshLink.cs: 0b3d0eeb07ab57d259e8f9365538df09 -> 
  custom:scripting/monoscript/fileName/ObsoleteNavigationWindowMenuEntry.cs: c7f73386e6473f401a8e4151cac4e1e5 -> 
  custom:scripting/monoscript/fileName/InitializeConverterContext.cs: a97e19589a5774cdc2a34a28caea355f -> 
  custom:scripting/monoscript/fileName/SystemConverter.cs: c748d1769fc66e95256254a1cc1497f3 -> 
  custom:video-encoder-webm-vp8: eb34c28f22e8b96e1ab97ce403110664 -> 
  custom:audio-decoder-ogg-vorbis: bf7c407c2cedff20999df2af8eb42d56 -> 
  custom:scripting/monoscript/fileName/PoissonGizmoGenerator.cs: 4357ffb2bcb068fc43e54690f1b98fb4 -> 
  custom:scripting/monoscript/fileName/RunItemContext.cs: 338b2243183036c2b60f94c1b5e817c5 -> 
  custom:scripting/monoscript/fileName/Test.cs: 8289d0398bd9a051035a87365428a0e7 -> 
  custom:audio-encoder-webm-vorbis: bf7c407c2cedff20999df2af8eb42d56 -> 
  custom:scripting/monoscript/fileName/PoissonDiskSampler.cs: 63af21c4a85befa8f5420c08e08cbb58 -> 
  custom:scripting/precompiled-assembly-types:Assembly-CSharp: 54d183eef7e06ffc9ce26e6931146f80 -> e66928de38364bb08ef9436b3612de99
  custom:scripting/monoscript/fileName/SystemConvertersEditor.cs: c127c1335f24b77ca70195bf2136c6a2 -> 
========================================================================
Received Prepare
Caller must complete domain reload
Begin MonoManager ReloadAssembly
- Loaded All Assemblies, in  0.242 seconds
Native extension for WindowsStandalone target not found
Mono: successfully reloaded assembly
- Finished resetting the current domain, in  0.544 seconds
Domain Reload Profiling: 785ms
	BeginReloadAssembly (88ms)
		ExecutionOrderSort (0ms)
		DisableScriptedObjects (3ms)
		BackupInstance (0ms)
		ReleaseScriptingObjects (0ms)
		CreateAndSetChildDomain (19ms)
	RebuildCommonClasses (17ms)
	RebuildNativeTypeToScriptingClass (6ms)
	initialDomainReloadingComplete (14ms)
	LoadAllAssembliesAndSetupDomain (117ms)
		LoadAssemblies (152ms)
		RebuildTransferFunctionScriptingTraits (0ms)
		AnalyzeDomain (9ms)
			TypeCache.Refresh (4ms)
				TypeCache.ScanAssembly (0ms)
			ScanForSourceGeneratedMonoScriptInfo (0ms)
			ResolveRequiredComponents (4ms)
	FinalizeReload (545ms)
		ReleaseScriptCaches (0ms)
		RebuildScriptCaches (0ms)
		SetupLoadedEditorAssemblies (233ms)
			LogAssemblyErrors (0ms)
			InitializePlatformSupportModulesInManaged (3ms)
			SetLoadedEditorAssemblies (2ms)
			RefreshPlugins (0ms)
			BeforeProcessingInitializeOnLoad (33ms)
			ProcessInitializeOnLoadAttributes (182ms)
			ProcessInitializeOnLoadMethodAttributes (12ms)
			AfterProcessingInitializeOnLoad (1ms)
			EditorAssembliesLoaded (0ms)
		ExecutionOrderSort2 (0ms)
		AwakeInstancesAfterBackupRestoration (4ms)
Refreshing native plugins compatible for Editor in 3.27 ms, found 3 plugins.
Preloading 0 native plugins for Editor in 0.00 ms.
Unloading 3436 Unused Serialized files (Serialized files now loaded: 0)
Unloading 15 unused Assets / (99.8 KB). Loaded Objects now: 4989.
Memory consumption went from 126.9 MB to 126.8 MB.
Total: 2.081200 ms (FindLiveObjects: 0.186600 ms CreateObjectMapping: 0.099300 ms MarkObjects: 1.757100 ms  DeleteObjects: 0.037500 ms)

Prepare: number of updated asset objects reloaded= 0
AssetImportParameters requested are different than current active one (requested -> active):
  custom:scripting/monoscript/fileName/NavMeshSurface.cs: 34aebd278d8d3d5db6b23265b9c700f9 -> 
  custom:scripting/precompiled-assembly-types:Unity.AI.Navigation: 5d8fa505e3253b9a2a456e2c28a1afb3 -> 
  custom:container-demuxer-ogg: 62fdf1f143b41e24485cea50d1cbac27 -> 
  custom:scripting/monoscript/fileName/NavMeshModifierVolumeEditor.cs: 262a50135a116189426aa01c964a744c -> 
  custom:scripting/monoscript/fileName/NavigationOverlay.cs: 2744f4e7946ebbb71339c9b1ce538d00 -> 
  custom:scripting/monoscript/fileName/PoissonDiscSampling.cs: 0c5ab15c9820bf9315795fcfabb0d889 -> 
  custom:scripting/monoscript/fileName/ConverterItemDescriptor.cs: 8182050d34c5cb602eb7913435a7abee -> 
  custom:video-codec-MediaFoundation-h265: 746d11721c4dcdbdad8f713fa42b33f4 -> 
  custom:scripting/monoscript/fileName/BuiltInToNavMeshSurfaceConverterContainer.cs: c40a906f9f99ea8a6c5aaa215767017f -> 
  custom:video-decoder-ogg-theora: a1e56fd34408186e4bbccfd4996cb3dc -> 
  custom:scripting/monoscript/fileName/EnemyHidingAI.cs: 90f9baacad470048560d668eeb4f5f40 -> 
  custom:framework-win-MediaFoundation: 216162199b28c13a410421893ffa2e32 -> 
  custom:scripting/monoscript/fileName/NewBehaviourScript.cs: b21687ddb03d73bd9f0c1daecb9714de -> 
  custom:scripting/monoscript/fileName/NavigationWindow.cs: 7884404b71178f59d8819c380b951d7c -> 
  custom:scripting/precompiled-assembly-types:Assembly-CSharp-firstpass: efc3623cf0b7c4e9e70644f6a097cc75 -> 
  custom:scripting/monoscript/fileName/NavMeshComponentsGUIUtility.cs: 08c52049b94db52661003d42fda4ecff -> 
  custom:scripting/monoscript/fileName/ConverterItemInfo.cs: 9fb131dfa28a9ed6b6d00fd9cf83ece4 -> 
  custom:CustomObjectIndexerAttribute: 9a22284fe3817be447336de3de66b15e -> 
  custom:scripting/monoscript/fileName/NavMeshAssetManager.cs: 79eb4858c2054289cd611249ab36b0a5 -> 
  custom:scripting/monoscript/fileName/HidingSpotGenerator.cs: e75778abca4b6afc5582c8ed1dd3e9cd -> 
  custom:scripting/monoscript/fileName/NavMeshSurfaceEditor.cs: adb1294e971eab992abc2e3e7e051565 -> 
  custom:container-demuxer-webm: 4f35f7cbe854078d1ac9338744f61a02 -> 
  custom:scripting/monoscript/fileName/NavMeshModifierVolume.cs: 8dc531216c72b86c60b86e16ff3da10b -> 
  custom:scripting/monoscript/fileName/NavMeshUpdaterUtility.cs: 5eb03802e6dba19b3e13aaf384805cac -> 
  custom:scripting/monoscript/fileName/NavigationPreferences.cs: ada9399a4f085d4c824cc06527e7fcae -> 
  custom:scripting/monoscript/fileName/NavMeshUpdaterEditor.cs: 169704080eda430978bba61ddedeb304 -> 
  custom:scripting/precompiled-assembly-types:Unity.AI.Navigation.Editor.ConversionSystem: 27c718e5de2659aeeb663e092dc21158 -> 
  custom:scripting/monoscript/fileName/NavMeshModifierEditor.cs: b8675d28116f43f78881455a7301fe8c -> 
  custom:container-muxer-webm: aa71ff27fc2769a1b78a27578f13a17b -> 
  custom:video-decoder-webm-vp8: 9c59270c3fd7afecdb556c50c9e8de78 -> 
  custom:scripting/precompiled-assembly-types:Unity.AI.Navigation.Editor: 7eaf38f66973fde07200cf372b24130e -> 
  custom:scripting/monoscript/fileName/HelpUrls.cs: c1a90585e3e9c9d25f58f9141655f24f -> 
  custom:scripting/monoscript/fileName/EditorStyles.cs: 86b9f4d8fe570a8d8295bfc466c975cf -> 
  custom:SearchIndexIgnoredProperties: e643bd26f0fe6173181afceb89e7c659 -> 
  custom:scripting/precompiled-assembly-types:Unity.AI.Navigation.Updater: d2095ddf03fd615830d6dacf5841450d -> 
  custom:scripting/monoscript/fileName/NavMeshLinkEditor.cs: aed8ae070d922149bb2ba3de06889ff6 -> 
  custom:AudioImporter_EditorPlatform: d09bf68614088b80899f8185d706f6e7 -> 
  custom:scripting/monoscript/fileName/NavMeshModifier.cs: 99ae5ed91bb784edc4f8312d7de046da -> 
  custom:scripting/monoscript/fileName/Avoider.cs: 180cf924b11a71a8b5d1cee0a576af98 -> ae32a89b624ae2a4ae1c49a2b33fb966
  custom:scripting/monoscript/fileName/NavMashAvoider.cs: 599595d5a460521efccc45d4c2a8d20f -> 
  custom:scripting/monoscript/fileName/NavMeshSceneConverter.cs: baf486a1c1cdf03a3111dd113d13c2f4 -> 
  custom:scripting/monoscript/fileName/SystemConverterContainer.cs: eb4026ea01a117ce0888f693e9eed2cd -> 
  custom:scripting/monoscript/fileName/NavMeshLink.cs: 0b3d0eeb07ab57d259e8f9365538df09 -> 
  custom:scripting/monoscript/fileName/ObsoleteNavigationWindowMenuEntry.cs: c7f73386e6473f401a8e4151cac4e1e5 -> 
  custom:scripting/monoscript/fileName/InitializeConverterContext.cs: a97e19589a5774cdc2a34a28caea355f -> 
  custom:scripting/monoscript/fileName/SystemConverter.cs: c748d1769fc66e95256254a1cc1497f3 -> 
  custom:video-encoder-webm-vp8: eb34c28f22e8b96e1ab97ce403110664 -> 
  custom:audio-decoder-ogg-vorbis: bf7c407c2cedff20999df2af8eb42d56 -> 
  custom:scripting/monoscript/fileName/PoissonGizmoGenerator.cs: 4357ffb2bcb068fc43e54690f1b98fb4 -> 
  custom:scripting/monoscript/fileName/RunItemContext.cs: 338b2243183036c2b60f94c1b5e817c5 -> 
  custom:scripting/monoscript/fileName/Test.cs: 8289d0398bd9a051035a87365428a0e7 -> 
  custom:audio-encoder-webm-vorbis: bf7c407c2cedff20999df2af8eb42d56 -> 
  custom:scripting/monoscript/fileName/PoissonDiskSampler.cs: 63af21c4a85befa8f5420c08e08cbb58 -> 
  custom:scripting/precompiled-assembly-types:Assembly-CSharp: 54d183eef7e06ffc9ce26e6931146f80 -> e66928de38364bb08ef9436b3612de99
  custom:scripting/monoscript/fileName/SystemConvertersEditor.cs: c127c1335f24b77ca70195bf2136c6a2 -> 
